date,SPY,TLT,GLD,DBC
2010-01-05,0.0026464314219034613,0.006457734489006883,-0.0009108023746454696,0.0011885374116216152
2010-01-06,0.0007046200656577462,-0.013386361218121756,0.01649959196299955,0.0178077005109456
2010-01-07,0.004221147416327398,0.0016824304122700084,-0.006187807624317698,-0.012441602142229113
2010-01-08,0.0033280232737815663,-0.00044765313595362954,0.0049630306196752905,-0.0007873966092295515
2010-01-11,0.0013965169434420055,-0.005488157657850934,0.01328899785435711,-0.003152068364860483
2010-01-12,-0.009325910005320459,0.017116976561728725,-0.020912721685971136,-0.021343827557253725
2010-01-13,0.008445825009111285,-0.011625473027000122,0.00950315025847348,0.0008076581739855371
2010-01-14,0.002704320651926606,0.014002682568718061,0.004393023666376061,-0.00524617882839129
2010-01-15,-0.011223958914745702,0.006186818383527859,-0.01044361493969348,-0.01135895515551133
2010-01-19,0.012495462701041182,-0.0028552040263281064,0.005953418988644765,0.006565407688951419
2010-01-20,-0.010168548525170462,0.010130467277761124,-0.02313481240425197,-0.0187526137012346
2010-01-21,-0.01922940036976306,0.0045779653056550185,-0.01441159959280014,-0.0124635700088499
2010-01-22,-0.022291196723977613,-0.0017363703399891905,-0.001862760291706178,-0.010517440055489158
2010-01-25,0.005127373217916009,-0.004565300108266501,0.002892648999579084,0.004676697259533569
2010-01-26,-0.004190681503083549,0.0003283744533912891,0.0007442705541653716,-0.011002799105065408
2010-01-27,0.004757012654037052,-0.0005466583791897683,-0.009576039444736728,-0.01454857108214469
2010-01-28,-0.011472239028249676,-0.0005462099828486,-0.0004693083914030227,-0.0034738059300289947
2010-01-29,-0.010868013628307027,0.008742572270462379,-0.004883586176437471,-0.01132890531681463
2010-02-01,0.015550755857283605,-0.009077360042511473,0.02255567582388429,0.02423974929519601
2010-02-02,0.012102995964168306,0.0028526926507781436,0.007198881313165595,0.02151459126829458
2010-02-03,-0.00498291147177321,-0.011597088947975398,-0.003940257637661704,-0.012215640653775228
2010-02-04,-0.03086573276865079,0.01582857453770048,-0.03983435439949368,-0.03326233914467169
2010-02-05,0.0020670590768596675,0.0021790190341477444,0.002970178695371306,-0.012792206629022695
2010-02-08,-0.007219112129718597,0.0013045956990060947,-0.006113864996012963,0.00044687513514363175
2010-02-09,0.012560126880461375,-0.00998983368271078,0.01316803858637372,0.017865106610656767
2010-02-10,-0.0019583922686410293,-0.009541158756924406,-0.002751170718643947,0.0039490261619519185
2010-02-11,0.010465954409082157,-0.005426426828389341,0.019120951810489784,0.011800675296251839
2010-02-12,-0.0008321665951764867,0.004120132538280252,-0.0008400666498453724,-0.005615369824937377
2010-02-16,0.01573501096239016,0.0018844860955484766,0.02410315591356116,0.03040824486851812
2010-02-17,0.004738185069151024,-0.011398435437028231,-0.0033753214496573536,-0.0050590852767502525
2010-02-18,0.005894916575526432,-0.0040300997948309325,0.006681952923877299,0.008898393186349107
2010-02-19,0.0020740806832317826,0.005394721889109277,-0.004637226047132237,0.005879940105264048
2010-02-22,0.00018010152280534264,-0.004136965764934608,-0.0036539830220012615,-0.005428081732080314
2010-02-23,-0.012145007303926092,0.015604894791980017,-0.010818743086801086,-0.016372740979331724
2010-02-24,0.00919774661817696,0.002431622397210953,-0.004912399502225995,0.008109258630350169
2010-02-25,-0.0013532783375285184,0.0056239309660850445,0.008848704758209536,-0.016934789774348258
2010-02-26,0.0006322009386576788,0.005153849427008028,0.010340714355349556,0.017657031984011473
2010-03-01,0.010384845035077639,-0.00043759802168641393,0.0,-0.010156518072931053
2010-03-02,0.002770943105579571,-0.0013145865662120837,0.01452980291927708,0.010688406530987349
2010-03-03,0.0008909976166564526,-0.0025207900313528597,0.005494511158316229,0.009729354289012448
2010-03-04,0.0030274597894588418,0.0052743634032446085,-0.007166491463286184,-0.00879773960357999
2010-03-05,0.014293397555755538,-0.013118820426273547,-0.0001804951017815304,0.011834340402699928
2010-03-08,0.00017510950383781143,-0.005206289990756341,-0.008392747276111279,-0.0012531720387143341
2010-03-09,0.0016626675270610125,0.00022240795978278882,-0.0014560978951050352,-0.010874231730862327
2010-03-10,0.0044558048359446545,-0.002560493966117572,-0.011392635673468599,0.002959955745184484
2010-03-11,0.0041747971220744695,0.0036836448170416425,0.0011984627266063974,-0.0025294950825359708
2010-03-12,8.642333656760925e-05,0.006227152344186582,-0.0059852811695370045,-0.0059171225249136095
2010-03-15,0.00025986739060024355,-0.001325921993524437,0.003798088686431056,-0.01190478245914317
2010-03-16,0.007966783147299816,0.007967872465895365,0.01882614344810607,0.013339034937208671
2010-03-17,0.00592702710131654,0.004281842241082634,-0.0073370034129791595,0.008917285196113012
2010-03-18,-0.0005121063924165004,-0.003279671327561573,0.006843690346403308,-0.002104411192622835
2010-03-19,-0.005062109210715371,0.0009867457635781562,-0.018669545286964517,-0.012231191441210876
2010-03-22,0.0053462302571454234,0.001096620047054131,-0.004894706180937014,0.0
2010-03-23,0.007033349028199076,-0.004706682088431613,0.005290020369598247,-0.004269924419467164
2010-03-24,-0.004854810916704033,-0.018256011074628375,-0.018648418101527398,-0.011149159099259731
2010-03-25,-0.0016263973925360053,-0.006385260281281835,0.004515481785126063,-0.005637578928697651
2010-03-26,-0.0006001246332135723,0.002819106049732678,0.016950717168810137,0.001744428871724546
2010-03-29,0.006347709808201207,-0.003822205808324486,0.0014734659499526792,0.02263837945531688
2010-03-30,0.0006816546809413904,0.003158943456606833,-0.007172402568247138,0.0021285039350718016
2010-03-31,-0.003407165810228485,0.0068624850838587825,0.009076555677125953,-0.0008495165403669125
2010-04-01,0.006837976623033981,-0.00244474687707541,0.012023912112733903,0.019557699313574206
2010-04-05,0.008149203955066131,-0.016638414561682358,0.0057137424379838375,0.01584653446670159
2010-04-06,0.0023578490251370265,0.0016006333555773633,0.0012625069025071767,-0.000820920355073973
2010-04-07,-0.00571227072554048,0.012784111471892068,0.013149591106227154,-0.0036976401301612727
2010-04-08,0.003463826287249505,0.0004501753137262643,0.0014223812352023302,-0.0016494741777748345
2010-04-09,0.006567544316523177,0.0023661714261618005,0.008788263207809122,0.0020652958909344044
2010-04-12,0.0015888482727821618,0.005282171553573578,-0.0055437984583037725,-0.0008244900897054208
2010-04-13,0.0007518838546483053,0.0032421118705825425,-0.002831605068359111,0.003712801598816595
2010-04-14,0.011349223719214763,-0.007020821248863274,0.0030170940680156466,0.011508633027949244
2010-04-15,0.0008253841627723357,0.0011224358806949386,0.005485293756329668,0.003657072515880433
2010-04-16,-0.01591228613424589,0.007286756138180639,-0.021205487283346813,-0.018218735343104364
2010-04-19,0.0037703632711703072,-0.0024489387635133752,-0.0008090285834133626,-0.012783471394228973
2010-04-20,0.008930314198487554,0.0035699259187831345,0.002789001838399141,0.007936410707204411
2010-04-21,-0.0018198281678608597,0.008225667987777685,0.00762604056256011,0.004973125153508118
2010-04-22,0.0029835062117073985,-0.002976418153048721,-0.004184856476894816,0.0024740252007651176
2010-04-23,0.006527801181322124,-0.003538805883980478,0.012070870419532032,0.006581799239810726
2010-04-26,-0.0037764389592297443,0.0011096376825605603,-0.0038872906786446837,-0.00490393351892493
2010-04-27,-0.023650623364884216,0.014078641601632524,0.016674033289738155,-0.015195115815923033
2010-04-28,0.007596565029970304,-0.00852697902756594,-0.0027915877387381105,0.003336280873792896
2010-04-29,0.012396884161712585,0.00418954833232954,-0.0002624335573229164,0.007896827119619143
2010-04-30,-0.016961651171935377,0.011528027374603678,0.009450488647102961,0.007835141893853148
2010-05-03,0.012961857543476896,-0.0013065005871935043,0.003207374693346088,0.004909860050203552
2010-05-04,-0.023514259320668862,0.01799496027093217,-0.007431094663491455,-0.02687288816904343
2010-05-05,-0.005956990497421044,0.005893734648377835,0.0019151526599501256,-0.02259418815372316
2010-05-06,-0.03321322449313968,0.030886697501981475,0.02954211168707399,-0.01969185036098231
2010-05-07,-0.014875037139815861,-0.012501424621335966,-0.0018567071032954408,-0.005239945113968858
2010-05-10,0.04404063101311073,-0.02071552172688984,-0.00591863505631729,0.019315064423162553
2010-05-11,-0.002840618015408025,-0.002564470132843888,0.026282248662974128,-0.00172273916596144
2010-05-12,0.013985751527259227,-0.007605153929648223,0.006132917630615964,0.008196816245578109
2010-05-13,-0.012430874094025435,0.006583927326622607,-0.0069193077160389915,-0.00855802273966011
2010-05-14,-0.01810487000068728,0.01737033055020265,-0.0015759357652556094,-0.025463948151962845
2010-05-17,0.0005271520398737461,-0.0036885081328946745,-0.008390812604340048,-0.02834378829188522
2010-05-18,-0.013602863294212564,0.015339101816767897,0.0010891190746751267,-0.0013673056921027493
2010-05-19,-0.005693750841245793,0.003334039031230196,-0.023935062862853518,-0.009128195074213807
2010-05-20,-0.03775941910744285,0.021080773071471937,-0.006773565413114135,-0.020727800779339667
2010-05-21,0.014599419832796556,0.0010164636411935657,-0.005352167962601184,0.010348112824524636
2010-05-24,-0.01283154247614171,-0.003454000411134084,0.014060016490404337,-0.0009310928288521758
2010-05-25,0.0010218807824027287,0.004893604032821575,0.0044505673464516615,-0.007921717414626772
2010-05-26,-0.006028711305594792,-0.002841671028294024,0.009458082861100836,0.010803072889137288
2010-05-27,0.03349838697220342,-0.022687233358858805,0.0018570204983223704,0.029275278785096503
2010-05-28,-0.01255012249637999,0.004580979161382892,0.0016007650863898437,-0.008578078131604494
2010-06-01,-0.016823545740434542,0.007028545874087078,0.00866425330155196,-0.018670143201596878
2010-06-02,0.026039130510938646,-0.009499091790609149,-0.0010841871306987994,0.012064888781501137
2010-06-03,0.003444541479558305,-0.007298449373504878,-0.015194520899751374,0.00550213228184826
2010-06-04,-0.03513707327372795,0.02688275741978341,0.01042729201831194,-0.03100776150775253
2010-06-07,-0.012450799873466645,0.007670356918296317,0.01929688208114566,0.001882341050471581
2010-06-08,0.010711808816169066,-0.004972635241648815,-0.0040332362530698385,0.00798497210722382
2010-06-09,-0.005346121424094408,-0.0011224356610637365,-0.0036363838132748016,0.004659802853281603
2010-06-10,0.02923122191645633,-0.017868273426137504,-0.013188423773133118,0.01669758793202125
2010-06-11,0.004856285603767718,0.012683123545589092,0.008741707193883563,0.001368758929121805
2010-06-14,-0.001550726514350953,-0.005132201534368885,-0.00341641242239088,0.0027333648529199728
2010-06-15,0.022738190210043197,-0.004127395804171763,0.011622068623597936,0.01681048594330825
2010-06-16,-0.000357516593205931,0.005698626623761083,-0.0054549635868080815,0.00223427486923633
2010-06-17,0.0016083543126257371,0.008139476062019035,0.013047450103329306,0.0004457783373252866
2010-06-18,0.0010838300509448118,-0.0016349482498636547,0.007629206673786193,-0.0017825199040515383
2010-06-21,-0.002864260722726386,-0.002867221943032461,-0.019864873443235176,-0.004017982723701574
2010-06-22,-0.016515420604480413,0.011908871896141981,0.008804697765326885,-0.0022410829683053857
2010-06-23,-0.003102998961474701,0.00679747157381505,-0.004116920646882183,-0.016621689265838513
2010-06-24,-0.01657044398366736,-0.005945430393067719,0.0028938082872824733,0.002283978940520681
2010-06-25,0.0041891369387454525,0.0040554032457604805,0.012036265851120165,0.018231736566661105
2010-06-28,-0.0031519949154766858,0.009389036368618653,-0.013603826729219115,-0.010742993423324854
2010-06-29,-0.030875085421487425,0.010901574357231825,0.0014865002115740378,-0.027601989732834786
2010-06-30,-0.0095001815850847,0.006728369043997207,0.0033809159186846127,0.0037226384499211562
2010-07-01,-0.004456287301588757,0.0015772698154774556,-0.0381328022519003,-0.015298983512328612
2010-07-02,-0.005449676452885521,-0.007971967646059452,0.01238890069121501,-0.001883121152488454
2010-07-06,0.006555675952643281,0.008234165900676604,-0.016710235152637143,0.0028300641909724256
2010-07-07,0.031496061440930534,-0.011710584984568118,0.01047121447372934,0.022577681414039708
2010-07-08,0.009895583857209234,-0.006372046418701149,-0.004416922259692702,0.009199470004927157
2010-07-09,0.007464940424015021,-0.005712303354945103,0.009811462629993661,0.001823245636359605
2010-07-12,0.0006492082793811971,-0.0004035856889706979,-0.00861781232849812,-0.011373956449015732
2010-07-13,0.015087746647190814,-0.00856901010102995,0.008692724597704427,0.016106715581989617
2010-07-14,-9.11082589729606e-05,0.010067631681041522,-0.000506907386653932,-0.001811582911695031
2010-07-15,0.00027390414316053047,0.009968696378439335,-0.0005917133813900799,0.009528019996538184
2010-07-16,-0.02753479496257849,0.00488452955600116,-0.013194664160489422,-0.012584293861122475
2010-07-19,0.0059064865045623804,-0.006151562065337068,-0.008056868318884747,-0.0009100186460376802
2010-07-20,0.011091386165441364,0.0014978022194003238,0.00794952166473073,0.008200300121281812
2010-07-21,-0.012998049568660575,0.016943689456769828,-0.006858148660892516,-0.0027112346959746736
2010-07-22,0.022322617449829663,-0.011564525664276681,0.008718188601928079,0.019936644583555596
2010-07-23,0.008678592607417546,-0.01061067264071458,-0.006589117477659223,-0.0031097593304054705
2010-07-26,0.010415637074903117,-0.0017039477140794457,-0.004909981159489263,-0.0008912599520257691
2010-07-27,-8.937491240756934e-05,-0.009637363301118862,-0.01739953744152556,-0.01070476068574222
2010-07-28,-0.006454553654584361,0.0032438182846303842,0.0023786154346325805,0.004057633201228761
2010-07-29,-0.0048724784599406545,-0.0003031612537005568,0.004482353152593488,0.014369118202892217
2010-07-30,-0.00018154312760954028,0.015564799513414718,0.010499579478777887,0.013280329329237395
2010-08-02,0.022580953439883755,-0.014037853731740046,0.0004329643491447488,0.019222344207212805
2010-08-03,-0.004788543583807203,0.005772310054351193,0.00389472861932183,0.0034290395749461133
2010-08-04,0.006683287375217173,-0.007651548938528818,0.006293675061456394,0.008543303611181718
2010-08-05,-0.0010622519274450237,0.004667078487655241,0.0022275713974577727,-0.004658965840875662
2010-08-06,-0.004076101230184204,0.010906496015701261,0.007351623835511356,-0.008936161593004699
2010-08-09,0.005338127541479887,-0.0036962309091755907,-0.0037338325329719924,0.003434928828391026
2010-08-10,-0.005398475427063176,0.002105806751607764,0.0028109184562654654,-0.010697456022492169
2010-08-11,-0.027406677000824442,0.01340870331808297,-0.0033127240968519045,-0.02249140198506927
2010-08-12,-0.006130195810274186,-0.002469299045799067,0.012186810548876936,-0.007522026674684601
2010-08-13,-0.0029458121122025727,0.012471301428135462,-0.00025257876690043535,-0.0008917578381600899
2010-08-16,-0.00046196757021332857,0.025027538691980933,0.008337590626369185,-0.0031235355438452572
2010-08-17,0.012285143826485045,-0.005723169837982822,0.00016701447010558645,0.01432399123109973
2010-08-18,0.001825363510112421,0.0026860073495091896,0.003924853617562674,-0.003971681706329666
2010-08-19,-0.017396573845684382,0.01559400639929387,0.001414058952080799,-0.010190503683646934
2010-08-20,-0.0032445953779919323,-0.0011299600593288606,-0.00348864665731885,-0.006266847150572019
2010-08-23,-0.0038129174250788322,0.0001879476075414832,-0.0015837495996745554,-0.006756866620353352
2010-08-24,-0.014843040627355086,0.01602926206843769,0.004842226055815635,-0.011337849456138693
2010-08-25,0.0038850832659127477,-0.0032478623032689002,0.008308408066874051,0.005045891972500938
2010-08-26,-0.0067016618001738415,0.009402538034711805,-0.0032959914623202913,0.011410398296152646
2010-08-27,0.015489112720232567,-0.028315083399128138,0.00041338502096799346,0.017148109815828594
2010-08-30,-0.01450470545252558,0.019173824883857105,-0.0008263653611749744,-0.001774811706510726
2010-08-31,0.0,0.011082957557527529,0.009676603535758277,-0.013333250444416578
2010-09-01,0.029912082094557757,-0.020676469949507448,-0.0031946214269242823,0.019819694941531685
2010-09-02,0.009312055166604827,-0.010566507984062667,0.004930548624238806,0.0070672934444431235
2010-09-03,0.012971671698041254,-0.01239514559181154,-0.0035162343769447046,0.0052631245643748326
2010-09-07,-0.011272622870437954,0.020467069072146904,0.00689312599444758,0.005235667543428413
2010-09-08,0.007022991376039123,-0.007946146858136882,8.151700472081025e-05,0.0021700761171676852
2010-09-09,0.004619178843037641,-0.019740814070984714,-0.009371701853630121,-0.005630156290746813
2010-09-10,0.005048580655929058,-0.004572019293787033,0.0013985340716866634,0.010452994197551968
2010-09-13,0.011123254461545162,0.004885862532953755,-0.0009036441905699855,0.007327588512237915
2010-09-14,-0.0006209838422844838,0.009628762933163282,0.019733545817173015,0.0029953224392975653
2010-09-15,0.0038170881165742188,-0.014834828729106353,-0.0006450105130254569,-0.0017065700492576719
2010-09-16,-0.0002654166813398362,-0.00987537440872388,0.0055671679717606,-0.00512817299075452
2010-09-17,0.00037331328944212316,0.004048502579335755,-0.0007221081591426426,0.0034364044704269237
2010-09-20,0.015290635779150463,0.005802680499699564,0.0026497657670527808,0.008133558873849145
2010-09-21,-0.002014177429934705,0.013886445114364543,0.009129489585757655,-0.010615788338726895
2010-09-22,-0.004912789975354714,0.008970187256953643,0.0015077756431296496,0.006008740108846222
2010-09-23,-0.008111582647245097,0.0028675769681147933,0.0007924414099362842,0.0008532369007201446
2010-09-24,0.02062245246353056,-0.013440044312381993,0.0030878810785825994,0.015345171146692982
2010-09-27,-0.004790033037525565,0.01739115776027056,0.00023678884457156713,-0.006717002512056647
2010-09-28,0.003500379444448143,0.0068377573076554565,0.008917276219480907,0.0
2010-09-29,-0.0017439968695599495,-0.004150447878548236,0.0007821546759059217,0.013102247553030688
2010-09-30,-0.002970555419374965,-0.0006621663074863893,-0.0003125696528855082,0.005840691689391164
2010-10-01,0.004205768167991231,-0.0048334570310952785,0.00781799680532913,0.0020737684017471114
2010-10-04,-0.007503852441911318,0.002581478826992445,-0.0034907837674234,-0.0033111441819847487
2010-10-05,0.020131968460122884,-0.006007711029525353,0.01969483611294076,0.02034866072398933
2010-10-06,-8.616167125852225e-05,0.012566729777445662,0.0062599590124643445,0.0004071356163779516
2010-10-07,-0.0012063673402449293,-0.00833582532892907,-0.01092483474757766,-0.010171035673291029
2010-10-08,0.005608365019011297,-0.004395295955116896,0.009894980388411412,0.033292351065744574
2010-10-11,0.0009438851867538123,0.00019157585152806966,0.004784973465747688,-0.004773239705206045
2010-10-12,0.0030867234946359012,-0.009880710709864515,-0.0024944182403267012,0.004796132796702768
2010-10-13,0.007776830085328479,-0.001550060836349787,0.01598969765837266,0.004773239705206045
2010-10-14,-0.0039007601088943966,-0.014944122658618664,0.00507192241838883,-0.00158352137463591
2010-10-15,0.0020431378293006563,-0.012215488824091847,-0.007940685151901716,-0.01110223024134449
2010-10-18,0.004927922243846972,0.008077770519685945,0.004488376244684789,0.01002403949442443
2010-10-19,-0.013104776518956363,0.006035144891903821,-0.03105449960421236,-0.02937673043609723
2010-10-20,0.009765922984887876,0.0021628497670544977,0.00929987478434402,0.02372191599728768
2010-10-21,0.0022062783934784225,-0.011872843520793097,-0.014087770334554661,-0.012385194334766592
2010-10-22,0.001862189925455171,0.006753250427322666,0.002008144777821741,0.008495046503174342
2010-10-25,0.002957137936041354,0.002860190038737276,0.008633395612906769,0.00521470430054749
2010-10-26,0.00016863150102675029,-0.0154420692214845,0.00022926081694740752,0.0051875622022674595
2010-10-27,-0.0028637053028891524,-0.008791411413971773,-0.010391202319783521,-0.003175843385244903
2010-10-28,0.00016891700615384586,0.002720923156321886,0.013279811333891667,0.005177142514185329
2010-10-29,0.0007599130258388875,0.009347998787888612,0.010515007362563056,-0.002377164207120308
2010-11-01,0.0003375204698339296,-0.004305757205733229,-0.0052782157594233325,0.00635420955183208
2010-11-02,0.007930670428931474,0.013143358062972732,0.004320856065270329,0.009076635780280062
2010-11-03,0.004017949377060459,-0.02039970638388644,-0.00694390618764662,0.004692970003283836
2010-11-04,0.019257660539041987,0.007783566337123293,0.03389823825188132,0.023744630357479757
2010-11-05,0.003762620693919194,-0.01715347947253154,0.00257300673863492,0.00418252620533921
2010-11-08,-0.0018739297095264895,0.004491628434064365,0.010265389693213,0.002650537240355799
2010-11-09,-0.007184774380410097,-0.02204882502690375,-0.015894922781312437,-0.006797625423286102
2010-11-10,0.004029460921298522,0.00135076089300612,0.012169106865093537,0.010646406945954645
2010-11-11,-0.0037673858791211767,-0.0005187505864034936,0.003060318800163886,-0.008276847937968679
2010-11-12,-0.011838233947677468,-0.0053974314701770165,-0.0288391770673464,-0.04172997183191174
2010-11-15,-0.0014143064217662094,-0.020875088880168535,-0.009499620384983976,0.001583610687742265
2010-11-16,-0.015579404691530518,0.02483686455420875,-0.010949984657092626,-0.029644304020510992
2010-11-17,0.0005076946186162168,-0.005512860211457693,-0.004504820435149881,-0.007739396661745945
2010-11-18,0.014718315772961121,0.004079786690454945,0.013115442483800255,0.027093705780255384
2010-11-19,0.002751178062091908,0.006145422081391461,0.0008327701824608624,-0.014388578729750634
2010-11-22,-0.0008315096231487074,0.004245067416162929,0.009682290535891758,0.0032442828229304332
2010-11-23,-0.014477071059568525,0.004947801224303161,0.006967395597379689,-0.0024252980213977926
2010-11-24,0.014774144009932932,-0.017849803633273598,-0.0017112638945114833,0.01863854759445127
2010-11-26,-0.011646834765122627,0.013892772011903087,-0.007974304097743579,0.004773239705206045
2010-11-29,0.0030303500771649006,0.008550043501428295,0.0030049875640467683,0.0019794463748479263
2010-11-30,-0.005623199771695453,0.005209902052612403,0.014306072509137735,-0.00948235842780032
2010-12-01,0.021267872508447416,-0.022229763826068782,-0.00029532777044438685,0.0295172541392692
2010-12-02,0.012808715650277192,-0.002606879267512685,-0.0013296493431664835,0.008523949521142438
2010-12-03,0.0026924850055205507,-0.007841517381226737,0.021227887875435947,0.012677642175059844
2010-12-06,-0.0010577481962222857,0.014121625694556217,0.007532362069704757,-0.0011381235972443005
2010-12-07,0.0005700334959333198,-0.021406763840541965,-0.018762134993171364,-0.006836265340147585
2010-12-08,0.0036637613955081694,-0.009664519384781078,-0.012527521713312728,0.007648135058559324
2010-12-09,0.003893610138151482,0.00493287438554435,0.004303003634872571,-0.002656572581290706
2010-12-10,0.0058176409480614755,-0.006081894944632293,0.0002955495779344286,-0.0015219746300934034
2010-12-13,0.0006425577945758931,0.003757125107676673,0.004726381894541776,0.00990847354395874
2010-12-14,0.0008831114523226713,-0.014545108734824397,0.0009554547674208713,-0.00264145022572837
2010-12-15,-0.004571894233311169,-0.013023999993753144,-0.010867938075622141,-0.002648531323312997
2010-12-16,0.00580153981121323,0.00692758408597971,-0.006607271045376617,-0.003414285205659895
2010-12-17,0.001071350246907965,0.018237681907185888,0.002914575867006164,0.00761319899407864
2010-12-20,0.0024134432037066222,-0.0010730436854879954,0.006780951436685445,0.009066896584229323
2010-12-21,0.0063402625824970915,0.006979476006932828,0.0015543387826104649,0.006364659613648849
2010-12-22,0.0031103387038029506,-0.007143785911829514,-0.0019953019350200663,0.005208468408809841
2010-12-23,-0.0014309793966706952,-0.0020404251424418485,-0.0028878147414700406,0.0037008549606185603
2010-12-27,0.0003979308553430094,0.008931385479954868,0.0026734041330853664,-0.0018436877548453356
2010-12-28,0.0014326196008758174,-0.01958457375575029,0.01629385926993998,0.010713023986542725
2010-12-29,0.0007153647487725401,0.016919285045916332,0.0035709480309356056,0.00036553598435018486
2010-12-30,-0.001588474569955367,-0.0007510122694841526,-0.004937970382814849,-0.012057043331467732
2010-12-31,0.00023861040065420447,0.01106407703375667,0.012333083678473855,0.01886086886582472
2011-01-03,0.010337848973163588,-0.007543732967622785,-0.005190320172774543,0.004355771481149073
2011-01-04,-0.0005505873971278774,0.0011772689101217093,-0.023550724637681153,-0.013372002245449433
2011-01-05,0.0051976542493989975,-0.022026942861107845,-0.0028200733418367596,0.010622768742562405
2011-01-06,-0.0019587971569987594,0.004373842971275854,-0.004018704366714254,-0.01341061303042912
2011-01-07,-0.0019624054617425335,0.005334410171961901,-0.0018680415196855593,-0.003673746146089063
2011-01-10,-0.0012583490715682988,0.005413963944261857,0.004042471019095828,0.011799418618193336
2011-01-11,0.0035437977459671366,-0.00560039626544151,0.0058903114649804245,0.011297345681199777
2011-01-12,0.009024592468850567,-0.007798057138552639,0.004076814445393762,0.006486526916289925
2011-01-13,-0.0016331206601225556,0.008950884182807872,-0.010409003338437195,-0.0014323042772602657
2011-01-14,0.007244144080606141,-0.0063835637036616655,-0.010145472431108082,0.004661342261108148
2011-01-18,0.0017015688334374168,-0.004681704533943121,0.00557683488401306,-0.0010707777748434344
2011-01-19,-0.009805486458798973,0.007220315483931428,0.0021734884271975563,-0.0010718449669512298
2011-01-20,-0.0013254002155163036,-0.013793517907145225,-0.01884538026814475,-0.010014163244198682
2011-01-21,0.0022645623122159453,0.007928729158007686,-0.001295717781246375,0.010115461123176406
2011-01-24,0.005686142699274033,0.0004367841742320966,-0.005113318897864261,-0.008583637656558785
2011-01-25,0.0005425435366723796,0.009502597339625218,-0.0019944346856293205,-0.0126261428064387
2011-01-26,0.0038708810084813194,-0.015146757771406616,0.00814755963770164,0.022286992152049656
2011-01-27,0.002467826705786491,0.004504582267850665,-0.024626435397597568,-0.00857750214235975
2011-01-28,-0.01746287878150976,0.005248409604530213,0.01836940880571558,0.012617283645384836
2011-01-31,0.007516514571680899,-0.007614687206603965,-0.003147095992869553,0.015663837329326524
2011-02-01,0.016008569402113926,-0.0049507119903206,0.007161068526499337,0.00736074531697839
2011-02-02,-0.0019117385532458897,0.0002211219883732074,-0.002675887579124292,0.009742457190413889
2011-02-03,0.0022219688400353377,-0.008289155459278219,0.013415101885317249,-0.006547206464085575
2011-02-04,0.002829280356959174,-0.010143134616036775,-0.004084669429638699,-0.005549739580113511
2011-02-07,0.006252495058045815,0.005178781364217899,0.00015182297672700074,-0.0027904342268504356
2011-02-08,0.004546578248780575,-0.009184975342383939,0.011087536414601473,0.00664575698256642
2011-02-09,-0.0022634918034732943,0.008705321410111821,-0.0005257027621342614,0.0048643799518626185
2011-02-10,0.00037847083834052775,-0.011545008461614548,-0.0016532742811616874,-0.005878209233731169
2011-02-11,0.005969893665910053,0.014401451447443758,-0.003989452427152318,-0.0034783173688772706
2011-02-14,0.0024038246074238323,0.0006707068372828751,0.004761106326723441,0.004886610108737699
2011-02-15,-0.0031471439122343625,0.0044679163458771765,0.007672089476301602,-0.012851721085586632
2011-02-16,0.006315365449519161,-0.00322394210240462,0.0009704029381796264,0.007389155913785528
2011-02-17,0.002988279687518247,0.0015611494603970932,0.007009598358195257,0.0031436542178937543
2011-02-18,0.0020856531529007682,-0.003119488321933317,0.002740005882498453,-0.0010446008753500768
2011-02-22,-0.020070238606013424,0.014974370370764767,0.006498704676349387,-0.0013942838216446374
2011-02-23,-0.006144041129619526,0.003632951953900676,0.008951509874549624,0.022338665326108842
2011-02-24,-0.0006867979977485117,0.006362199865238116,-0.0074903557591639025,-0.008876693336414276
2011-02-25,0.010692543039949598,0.0058857581126319225,0.006594440089741527,0.02204609551253811
2011-02-28,0.006196666951294061,0.0013008092310997643,0.0020381334207675295,0.0016850791529452458
2011-03-01,-0.016672773440788435,0.002898466671886313,0.01721629416053716,0.015141338593196885
2011-03-02,0.002138692390500463,-0.015372368533328351,-0.0007855503200063785,0.003977510996837186
2011-03-03,0.017223863692718,-0.009785537545465628,-0.013078915487442111,-0.0003301771240507012
2011-03-04,-0.007491972243007128,0.008327079209499821,0.009124554993410916,0.004953771111157801
2011-03-07,-0.007850663393809798,-0.006386196701603342,0.0026551496302960054,-0.0046006941484033614
2011-03-08,0.00874939839971467,-0.006095655015526225,-0.0025765860807780427,-0.00858371144560155
2011-03-09,-0.001432905601785217,0.009700884754044958,0.0003588049048421915,0.003996129181832453
2011-03-10,-0.018505917626923996,0.016786765965708383,-0.011763857302689251,-0.01625215606050645
2011-03-11,0.006926220340765621,-0.005648293489506906,0.0032662911685206186,-0.005731702994429599
2011-03-14,-0.0060377307597523355,-0.0004371466376402733,0.0046302950658096975,0.0027128435827374897
2011-03-15,-0.011457123596808394,0.014971766967368128,-0.01865185313629869,-0.03652342624943872
2011-03-16,-0.018512802307687704,0.011304592984937356,-0.00022014220559418707,0.00596684914873169
2011-03-17,0.013234882918766733,-0.007665281628061793,0.005358159851040822,0.031053737106828683
2011-03-18,0.0036374717939877677,0.002682186924416685,0.010221171672682772,0.005752963459867866
2011-03-21,0.015497693485391428,-0.005885115399306917,0.005564821129095288,0.004710679158842934
2011-03-22,-0.0034685655047509423,0.0033365544126795488,-0.0006468042136366092,0.0073677453593086195
2011-03-23,0.002861707187507667,-0.0012876276453859248,0.009277189916009121,0.001994668284301726
2011-03-24,0.009563670662712465,-0.007518210297216998,-0.007980583913447803,0.0033178291718811703
2011-03-25,0.00305575383751866,-0.0024892332136537965,0.00028726681354784844,0.0026455606714550495
2011-03-28,-0.0024375206658947546,0.0014099621397862805,-0.005170194234553005,-0.01352252793553299
2011-03-29,0.006718570095122667,-0.007691594919065459,-0.0023818867349306716,0.005683795593349972
2011-03-30,0.0069016105246797466,0.007970242699220087,0.0033282065894868484,-0.0013297038545736495
2011-03-31,-0.0013560188099771553,-0.0020586609728937555,0.008581542201770542,0.015645668164816273
2011-04-01,0.0042235585074696935,0.0048622830917384174,-0.004719030882519015,0.006883057093643785
2011-04-04,0.0008263592248478613,0.0010841618196941738,0.004597696865513701,0.009114599206887286
2011-04-05,-0.00014982342934288795,-0.004009699307133796,0.015803824168639347,0.0009677721961187657
2011-04-06,0.003152083003828521,-0.01501228996656745,0.002323138500281763,0.0029003641450371376
2011-04-07,-0.002543856884374307,-0.0019881134887977936,0.0009129766790669791,0.0019279359102313265
2011-04-08,-0.0034503781263997,-0.0053125242623763835,0.008069673704311775,0.02373323166882302
2011-04-11,-0.003010674448481354,0.0008906209148091815,-0.007100127011412383,-0.01848369902129743
2011-04-12,-0.007473636302728459,0.010782796720722132,-0.007220967356311059,-0.020427576363980737
2011-04-13,-7.661501645206403e-05,0.006268428621161393,0.0020478305549249676,0.007819939529956743
2011-04-14,0.0007608932461460327,-0.0007655600796719897,0.013460209614263308,0.0025865424227677902
2011-04-15,0.0036485242571888676,0.013562708440748139,0.008622526348759818,0.005159593457210621
2011-04-18,-0.011208727468912438,0.00226634456320296,0.006066801830465485,-0.006095602774397468
2011-04-19,0.005744583892135058,0.00430640365883006,0.0,0.000322750463134458
2011-04-20,0.013631590354995726,-0.0064323189447851314,0.0039060327062796496,0.01581156289605068
2011-04-21,0.0051088962085625855,-0.0008631396025476912,0.0016382627519730963,0.007306288120547011
2011-04-25,-0.001046254742322561,0.0037796495823543275,0.0008858499329242875,-0.002838239083704064
2011-04-26,0.008605066678678108,0.009681684929325751,-0.0033362174076743134,-0.000316289223199262
2011-04-27,0.0065288828356036,-0.010228558725416503,0.0192648720546722,0.006010754238388927
2011-04-28,0.003243229720248708,0.007644122634276496,0.00415556560762953,-0.007232694720093136
2011-04-29,0.0023508673778700473,0.0030983551590948455,0.01702034219935955,0.010453003503772207
2011-05-02,-0.0015391544126389656,0.001604005273117659,-0.012863368890775995,-0.010031355544548037
2011-05-03,-0.0035975071744948073,0.005660805793905821,-0.003523693679893136,-0.010449621704591405
2011-05-04,-0.006630176803243737,0.004458982052206739,-0.01434486979737204,-0.016000043316139245
2011-05-05,-0.009048428650788254,0.009514793974401359,-0.028836354362946848,-0.06699181652151287
2011-05-06,0.004415384449861115,-0.004399073592498914,0.012755292503549676,-0.0031370796221695807
2011-05-09,0.003874819165187393,-0.001050926901184468,0.01431522221175574,0.036713334015406884
2011-05-10,0.00853630649727033,-0.007160414477385135,0.00352821954433602,0.009106220341800864
2011-05-11,-0.010524670001053615,0.005726640678715977,-0.009195406805110662,-0.03208558690037788
2011-05-12,0.0047602881419313015,-0.006326606793605527,0.00034122460794838716,0.0010358661950984338
2011-05-13,-0.007699373898854223,0.009020652600981283,-0.006548819694799257,0.001724838728279332
2011-05-16,-0.006340945680540333,0.005574081150896859,-0.0017854134237942354,-0.013085472481834892
2011-05-17,-0.00015005206101981194,0.010250348991858393,-0.004333697772470724,0.0024425313595553
2011-05-18,0.008935359535065635,-0.013252676646351547,0.0059416925363608986,0.020187907750607748
2011-05-19,0.0023823053202440825,-0.0004199418861188242,0.0003433227395142069,-0.007847140402066244
2011-05-20,-0.007944677813013667,0.000525070672968253,0.012633104523076089,0.00928478979992775
2011-05-23,-0.011601292637120841,0.00482613939039922,0.002305216117890696,-0.016013719236832813
2011-05-24,-0.0008331796917325773,0.0037591478691352265,0.005141003161891922,0.013504187908264464
2011-05-25,0.003334816936866325,-0.004680786072846388,-6.726231295683949e-05,0.018107278945158845
2011-05-26,0.004607863008426527,0.008568373336275581,-0.0024229412162809494,0.0036912141200200477
2011-05-27,0.0038340449470670723,-0.00041368381165729495,0.009985128291392531,0.005683795593349972
2011-05-31,0.010411403067095648,0.0022808999443271194,-0.0004007853027178099,0.005651597639668715
2011-06-01,-0.022461230685643763,0.013514142733698442,0.001804358951899454,-0.012561904305190219
2011-06-02,-0.0010614844142641244,-0.019049120401690267,-0.002734998679831291,0.008704330118167958
2011-06-03,-0.009944542122971023,0.005742224586144262,0.004816061676943928,0.003982716254416818
2011-06-06,-0.01058145493665874,-0.007578234833791053,0.0017307582527172904,-0.011570212308003702
2011-06-07,-0.0006195888959210638,0.004602503659437485,-0.0003987078701302993,0.009364564595017777
2011-06-08,-0.00418731437191755,0.007809193032958017,-0.0040553159006586625,0.00828354153320121
2011-06-09,0.007631016002458191,-0.004029157168995434,0.005006341447316709,0.005586668388667837
2011-06-10,-0.013910410574356047,0.007676197995519551,-0.008767216304689351,-0.010457597487852688
2011-06-13,0.000783832597954115,-0.005044376655160665,-0.009849914008281502,-0.006604978477381507
2011-06-14,0.012686047661503164,-0.015105320994896476,0.0060905046387151884,0.00698137649586994
2011-06-15,-0.017785586728057523,0.01817415404861822,0.0030268174734946474,-0.0267415167456706
2011-06-16,0.002204658689331618,0.004539514796514377,-0.0010058603902615149,-0.004070454237254939
2011-06-17,0.0029839201124026715,-0.004725277663815253,0.006511386270756869,-0.004427879937325518
2011-06-20,0.005116391875320758,0.001238333589302476,0.000600215662433401,-0.005473871008798148
2011-06-21,0.013703465759849154,-0.004430826299062107,0.004865665090172611,0.0006880678053338141
2011-06-22,-0.006025397201525617,0.0006201212122978195,0.0015256765369389136,0.004468900183524083
2011-06-23,-0.0028754393429057945,0.007656101654081704,-0.017550891177319783,-0.02121844089109448
2011-06-24,-0.011613278357188284,-0.00420988747362494,-0.014021854404774547,-0.011887958921605324
2011-06-27,0.008910998817240445,-0.013713283688874256,-0.003623675640655799,-0.0003539745296405883
2011-06-28,0.013052978237168666,-0.008051240943319438,0.0034996897040917574,0.017699163808405638
2011-06-29,0.008564059613494601,-0.0066392335572222905,0.006427702046695627,0.01808692073884144
2011-06-30,0.00956273045092959,-0.0015913144021791892,-0.008017344302908236,-0.0105910979405055
2011-07-01,0.014775956132788703,-0.0015995212341133325,-0.007328817289169565,0.00138136266612654
2011-07-05,-0.0008214115297725533,0.0022433167659638986,0.018629768463946483,0.013448151175806
2011-07-06,0.0011955669076879616,0.005114520611617657,0.008670315904364623,-0.00034021127642247517
2011-07-07,0.010375257049499487,-0.0029682786554996454,0.001611646151856716,0.02110273492568826
2011-07-08,-0.007092435914088813,0.014142184439358996,0.007375166936172128,-0.0010000313590823318
2011-07-11,-0.01807962226710691,0.014994665442483956,0.00891844484452986,-0.007674255708907229
2011-07-12,-0.004319639796175778,0.0034086305247471582,0.007784207157971679,0.008742379386721844
2011-07-13,0.003349037672345956,0.002780608837639642,0.008967697053566592,0.013666769367034703
2011-07-14,-0.0069027326126333,-0.014271574619600158,0.0025950038800326425,-0.005590342182000607
2011-07-15,0.005805094052538262,0.0016666943607079876,0.004270762849635679,0.008928552777372367
2011-07-18,-0.00820159340070814,-0.009671135103734518,0.008827386616724331,-0.005571797892904851
2011-07-19,0.016231799185455253,0.020790473386116393,-0.012199039233320219,0.006921474260186633
2011-07-20,-0.0006026101280860452,-0.011828745444304012,0.008793486215885604,0.0032732279068008463
2011-07-21,0.013871086035974312,-0.00770319543405662,-0.007627242717723082,-0.004893970474978193
2011-07-22,0.0006692491712676496,0.007552919538223124,0.008331675197810862,0.008196781335357617
2011-07-25,-0.00557324805504289,-0.010932399080235133,0.007814509728797825,-0.004877981497169892
2011-07-26,-0.003735951030116147,0.006842354391439542,0.0027329855381899026,0.007843087525258863
2011-07-27,-0.0204755170398101,0.0001049614187362824,-0.0036762490673009074,-0.006809332259247292
2011-07-28,-0.002909386355342325,0.0037634921287503786,0.0008270556701654996,-0.0032648261932661793
2011-07-29,-0.0068348971847622675,0.019786937617139566,0.006165687241006967,-0.008188652701232702
2011-08-01,-0.004252590038323012,0.010093356746521787,-0.003600935558821683,0.0
2011-08-02,-0.02554760684554458,0.030025117136892154,0.024093349114550966,0.0
2011-08-03,0.005418893007635539,0.0019703234301684525,-0.00018572795011984056,-0.014861313333473403
2011-08-04,-0.04684162790477964,0.035580645700524105,-0.00526352142301223,-0.03788120460769473
2011-08-05,-0.001497044320408425,-0.028852774749634547,0.006909864383522146,0.00418107943838697
2011-08-08,-0.06512293853991236,0.03156783961589338,0.03319935157457499,-0.037126958337850735
2011-08-09,0.04649927272991117,0.0030311996370417926,0.008915782292353791,0.00972979037443511
2011-08-10,-0.04417789229116387,0.029754092092646012,0.035407159712308234,0.004282547489747213
2011-08-11,0.044884084964992965,-0.05045022500832619,-0.021938376623234723,0.021677392520387695
2011-08-12,0.006733063185625721,0.019803475347323074,-0.004568074842148606,-0.0013913740303109767
2011-08-15,0.021164668574145118,-0.010135483305737103,0.010766616567110976,0.012190915972426719
2011-08-16,-0.008539161024485153,0.016554865154869702,0.012339901510646678,0.0
2011-08-17,0.0006691545104842156,0.01750891033043467,0.002874885034866992,0.008602875290177225
2011-08-18,-0.04311857206808356,0.020538642415576458,0.01891986633643583,-0.02456499472472473
2011-08-19,-0.016330701232529665,0.0080690841676061,0.012547803917521527,0.01783841149529186
2011-08-22,0.0007991591103564399,-0.002518715425801621,0.025784937306684297,0.0017181635047869293
2011-08-23,0.032910660025777805,-0.013793607539183572,-0.03748847882459627,0.01029176326142811
2011-08-24,0.014084325608492154,-0.028430855561239587,-0.033883065990334194,-0.01018692187314707
2011-08-25,-0.015244219703386741,0.010820866526424888,0.004136363175726965,0.004459702164367529
2011-08-26,0.01453418093203629,0.009866968653144292,0.02964725337814067,0.01127045998822207
2011-08-29,0.028736217253148455,-0.013826831328248135,-0.020172433686990066,0.0033773688325704487
2011-08-30,0.0026365977314062317,0.016076827684270878,0.029961508609777754,0.013463470878403383
2011-08-31,0.004438150477016567,-0.015453950555544771,-0.007705219630282367,0.0016605299039991195
2011-09-01,-0.010473074375091262,0.021198176041768546,0.0008439899586658584,-0.006962858372185798
2011-09-02,-0.02554969709185506,0.03248593908016484,0.030190647795535153,-0.005342203460063533
2011-09-06,-0.007297762095484384,0.010399129455866518,-0.0018555532988803192,-0.003356809924131121
2011-09-07,0.028207834185860925,-0.01908887163050277,-0.031820624711029866,0.009093799353443233
2011-09-08,-0.010391638198762876,0.008967959284400528,0.026711066628809732,-0.0066754509011094365
2011-09-09,-0.026209755145862212,0.010665755273627564,-0.006105278176431583,-0.015792949285974855
2011-09-12,0.006470050085624068,0.0010554525193950948,-0.022302151894618927,-0.0023899174874594253
2011-09-13,0.009171214016648,-0.014232157769378695,0.010584678420606952,-0.0030801784486799155
2011-09-14,0.013844028551479148,0.008466036700855994,-0.007449236150323779,-0.004806089365412047
2011-09-15,0.01725740698932432,-0.015287316991967503,-0.015856964679878405,0.004139488433253513
2011-09-16,0.005918453625350484,0.007268355181582198,0.009346358600104132,-0.004465829848960934
2011-09-19,-0.00995717779230565,0.019066621373667214,-0.015451918647760743,-0.016908144866056296
2011-09-20,-0.0011637709431333576,0.0041967762406396325,0.014251925771726182,-0.001755030161289639
2011-09-21,-0.029458516162229276,0.03308324106076754,-0.01245876923776712,-0.0147679180968594
2011-09-22,-0.032324303548805,0.03758623014992546,-0.026153542150526787,-0.035331962849429965
2011-09-23,0.006025561747428743,-0.018599214361095795,-0.05471753820180614,-0.017758101640388824
2011-09-26,0.02377989339516562,-0.01605612077970564,-0.013892372830456634,0.0033897668502860245
2011-09-27,0.011183714575913273,-0.01530826850854572,0.01935526726943304,0.01689199918057316
2011-09-28,-0.020418671122501397,-0.00034135651766753483,-0.027454420270526025,-0.026947168479472983
2011-09-29,0.007903572722138597,0.006921255473765875,0.009473791550213662,0.011760211103184037
2011-09-30,-0.024989131957410038,0.025118674355754322,0.0022828193869255387,-0.0344956398280023
2011-10-03,-0.028457965776203298,0.02752023857994179,0.018347521194908234,-0.005048555427834445
2011-10-04,0.02192278776636769,-0.012680628881646117,-0.02062628718772741,-0.0019516319678073435
2011-10-05,0.018515490126652434,-0.007198735437967341,0.011545339579202452,0.01407891000985173
2011-10-06,0.01809123418450742,-0.018458603780893368,0.006459292210774237,0.02082534334057451
2011-10-07,-0.006695556746253772,-0.007386708592464264,-0.00816258192126873,-0.0045334056769080755
2011-10-10,0.03344560556158771,-0.014124169244316587,0.025694256721133568,0.02239096498192472
2011-10-11,0.001003276847634682,-0.0033454879935588266,-0.007166032573826864,0.0074238577245511195
2011-10-12,0.008771937790820639,-0.014545910308179866,0.007156004686264872,0.001842329113646235
2011-10-13,-0.0019873572878510437,0.009957950105324631,-0.005880138964710846,0.0022066796304427427
2011-10-14,0.017093505442145274,-0.014530125001051886,0.00677751585978581,0.022752315058012673
2011-10-17,-0.019090693452225915,0.017288523592555727,-0.00477355451916972,-0.01435242089339206
2011-10-18,0.019545833914866195,-0.0062119367599834385,-0.004796450637787775,0.005460591250734836
2011-10-19,-0.01182924525708362,-0.00034692400584401817,-0.012172523883343,-0.019551088764084734
2011-10-20,0.004375472681748427,-0.007120144056623201,-0.013135615868301143,-0.001477095522009586
2011-10-21,0.01898768571161913,-0.01058285004045978,0.011092095788866496,0.005177481962455488
2011-10-24,0.012260837852219097,0.0016796279853894536,0.009403209377038424,0.015820397919554363
2011-10-25,-0.01944389450561501,0.02541509852124091,0.028381517477150453,0.0032597907095719414
2011-10-26,0.010158554696648059,-0.017470164361566565,0.010930597249971585,-0.005776299482094238
2011-10-27,0.03483528535816416,-0.033896456361195315,0.0128435438092247,0.026506938825597848
2011-10-28,-0.0002330187132542072,0.010516447880762447,0.0004128107588905472,-0.00424475586309403
2011-10-31,-0.02410595977634522,0.039654971359513125,-0.01344180429743358,-0.015275334949139907
2011-11-01,-0.027888491704644802,0.03347544725999829,0.00023908536989014628,-0.01190472799349096
2011-11-02,0.016311321563982295,-0.012474626636119535,0.010036997411712711,0.0062065644682256504
2011-11-03,0.018227334330363387,-0.013732888986448533,0.015734080802807693,0.01233688871178118
2011-11-04,-0.006098962786511231,0.00120340373465333,-0.005066358671109827,0.0032256645519106453
2011-11-07,0.006216247442088596,0.006352706863972601,0.024173189795036576,0.014648198606472596
2011-11-08,0.012830239362707552,-0.012796720859993616,-0.008286644094448237,0.004929546136992924
2011-11-09,-0.036909098327818746,0.020739720077581403,-0.00841348161901967,-0.022074339736143478
2011-11-10,0.009418571323571712,-0.014899556284370452,-0.005404823007986281,-0.0010748364041116565
2011-11-11,0.018822110538702974,-0.006101778123821178,0.01647778038025005,0.009684340884138054
2011-11-14,-0.009474146926519933,0.016082768470916164,-0.004368876387059961,-0.0106572067020122
2011-11-15,0.004942126035792915,-0.0013613304283751626,0.000923808688964245,0.007181364468159757
2011-11-16,-0.015863192039434093,0.00911803675984868,-0.010671470333423416,-0.002495648560178365
2011-11-17,-0.01587668839596723,0.008022180594146278,-0.025712719634799708,-0.02323085591505769
2011-11-18,-0.0010644719752036513,-0.00025185898452240174,0.0031118431758150322,-0.0014635839994030508
2011-11-21,-0.019020014894021053,0.005950094185297239,-0.024579377384584156,-0.007328646086164015
2011-11-22,-0.003927591002639508,0.011161659559855153,0.0110703214592891,0.006644476494201523
2011-11-23,-0.022065548600380236,0.009802872681729857,-0.0029036097914703074,-0.015034784272649149
2011-11-25,-0.0018876190116062785,-0.014521173596999004,-0.00867565321048791,-0.00819073440861029
2011-11-28,0.028966771597747965,-0.000496990129829622,0.01976750983463549,0.012387437836909543
2011-11-29,0.002840467247286149,-0.00819857718948036,0.0015003300286513532,0.012977343227381644
2011-11-30,0.04114914271658954,-0.015616070409425142,0.019475071338128425,0.01171312336055541
2011-12-01,-0.00015979083766770596,-0.005017436889477311,-0.0029389289699039978,-0.0036180038912764223
2011-12-02,-0.0008802157687124446,0.014016899956575735,0.0011200992509403651,0.008714624613168187
2011-12-05,0.010892204854086707,-0.0020223799556178257,-0.014721469156617206,-0.005399574875247337
2011-12-06,0.0003170936744039121,-0.009544608464871374,0.00513976400859284,0.0054288885655462416
2011-12-07,0.0037222041027367148,0.003581813825095592,0.007254140051337954,-0.008639336042649548
2011-12-08,-0.021936224023708317,0.01249057746836546,-0.02018889192543405,-0.012708667136171692
2011-12-09,0.016942009400002345,-0.020560844932362654,0.002530414385808033,0.0036777164105938898
2011-12-12,-0.014596968133239185,0.011139092245900928,-0.026502335126668997,-0.012825089316065741
2011-12-13,-0.00933935063805702,0.009320845895601781,-0.021853252823497593,0.004083079876773255
2011-12-14,-0.010645966791406947,0.01889018642753082,-0.03508991900081848,-0.03548977697058575
2011-12-15,0.0036144408137144257,-0.0037079356299639654,-0.0036627481249873473,-0.004982850051182597
2011-12-16,0.0014824348296478274,0.011661952932179975,0.019037575406193996,0.008089361094903325
2011-12-19,-0.010691684518177258,0.012671159688988576,-0.0023191433373703774,-0.0045853744744038805
2011-12-20,0.03026036398547194,-0.02494538515492306,0.013624334453907316,0.02303257154511651
2011-12-21,0.001936361480344706,-0.013909262993716531,0.001146693460756243,0.007129453876959069
2011-12-22,0.00885887284730491,0.004197524627577831,-0.00712656114710053,0.0011178538550871142
2011-12-23,0.008940608696074825,-0.011120205284829598,0.0017303530125498678,0.004838036765620224
2011-12-27,0.0007911851577611095,0.004750216275515751,-0.008956521773084813,0.00444450014935871
2011-12-28,-0.013123306193087547,0.01848872352560038,-0.02504683229674176,-0.01179933543054934
2011-12-29,0.010334093524789312,0.001823899598669687,-0.004568644951223,0.002984971348181098
2011-12-30,-0.004915957036454088,0.0032266987840943173,0.010975184218875667,-0.0014881698012569888
2012-01-03,0.01593614929900289,-0.015010412487632241,0.025856915150634707,0.029806326082819634
2012-01-04,0.001568594105749277,-0.011889747047187593,0.005066755734988382,0.00759767757550156
2012-01-05,0.002662802820093235,-0.001779848285506258,0.006827847741614601,-0.013644519583072445
2012-01-06,-0.002577578533390912,0.007894860036397722,-0.0036760161968690808,0.004368374447300871
2012-01-09,0.0024272998063972206,-0.001768474760190042,-0.0044529068818790485,0.001087466343247856
2012-01-10,0.008670927046436239,-0.0016876609687833666,0.01367411750574088,0.007241083481728472
2012-01-11,0.0005418419065776892,0.01301579246896889,0.006492680176876542,-0.0028756919489302257
2012-01-12,0.0023990787367396127,-0.0014182346869762164,0.004446713358861265,-0.014058991697349144
2012-01-13,-0.0051733808219585065,0.00994193451035974,-0.006983478874407978,-0.002193935229541588
2012-01-17,0.0038809294444162035,0.004633574826929943,0.007786045057981195,0.00696225511657711
2012-01-18,0.011056056535239556,-0.012105048353780457,0.006853620582651931,0.0003639397973134173
2012-01-19,0.005276500966088227,-0.013753912585056982,-0.0023515152751236723,0.004365196311963082
2012-01-20,0.0037275371997380624,-0.011325084285376263,0.005272336540625755,-0.007243706983595444
2012-01-23,-0.0025768870534589317,-0.006325862968117324,0.006725466086455523,0.011674580122620126
2012-01-24,-0.0011397442048390882,0.0018066537518779402,-0.007048352105060052,0.001803049286492886
2012-01-25,0.00836761136204145,-0.002404231542227353,0.02722056546902296,0.00827940769697677
2012-01-26,-0.005129688253187936,0.013256674819092318,0.005107595919167762,0.0028561852991793035
2012-01-27,-0.0004551876574969693,0.0031427287247982605,0.010163190678665446,0.0035598827143776823
2012-01-30,-0.0034134879595230094,0.011772124532266393,-0.0055631321217690655,-0.010287231290879384
2012-01-31,-0.0003803346646042982,0.011551009280446722,0.0076176801082890044,-0.0025090658389420595
2012-02-01,0.008756708865378826,-0.01145485238373245,0.001476581439991298,0.003233859379971671
2012-02-02,0.0015852089860532992,-0.0004191041883587765,0.00878748239335847,0.0025071881264586704
2012-02-03,0.014018930229749094,-0.021489875275290782,-0.019935712372232683,0.011789972228592127
2012-02-06,-0.0006691727067751341,0.009951482919716481,-0.0027440152442257393,0.004943471713630965
2012-02-07,0.0025288994912182616,-0.0124016511910503,0.015073599610379684,-0.000702657016970476
2012-02-08,0.0029677352140524693,0.0007744120688415457,-0.0070712844420862675,0.0045709580512942605
2012-02-09,0.0012571649394299556,-0.007477301260814473,-0.002848639332576064,0.005250348001679228
2012-02-10,-0.007387407295576187,0.012988350816073968,-0.005237500657275795,-0.0094011722184556
2012-02-13,0.007442387241379578,0.0012825147517117053,0.0022136838491002564,0.00246056037876885
2012-02-14,-0.0012555864601537792,0.005291974927353449,-0.0023282156434702994,-0.00035074754553843235
2012-02-15,-0.004660452149354732,-0.0017826715488015177,0.0059239200699465755,0.003507598279578694
2012-02-16,0.01107342869722383,-0.007996762138154923,-0.0006543371004235077,0.004543876365053379
2012-02-17,0.0026464774565810867,-0.0002574174610421309,-0.0038690112885975125,-0.0017397637475718986
2012-02-21,0.0004396393905952145,-0.011065017250132647,0.021930074903464325,0.01568476902785365
2012-02-22,-0.0032241405128301537,0.012576737494343293,0.01122674611729324,0.009265750440235365
2012-02-23,0.004410914025329227,0.0,0.00046259876214471696,0.00306020259948081
2012-02-24,0.002195160727854306,0.006510348018065271,-0.004565995407547319,0.0061017326608114875
2012-02-27,0.0016800926342277478,0.008850748766946692,-0.003077273369589517,-0.008086277750615989
2012-02-28,0.0029161682704481606,-0.003290009285934481,0.010425210114951122,-0.0003397100686064469
2012-02-29,-0.003925533579592022,-0.006094001870495802,-0.053029061708074865,-0.003737773985755366
2012-03-01,0.005181450383260566,-0.009413726394068456,0.014121415904973178,0.015689005630966202
2012-03-02,-0.003049337841364297,0.009391060028512532,-0.001620576624883352,-0.010073887498155298
2012-03-05,-0.004077933587611771,-0.007937399623350494,-0.004148145103987089,-0.0047489525596055016
2012-03-06,-0.014625560265043691,0.012131189866522618,-0.0178086148924681,-0.016359968833614236
2012-03-07,0.006975937631883422,-0.006120925685625722,0.005716090670033314,0.004504437248261217
2012-03-08,0.009949263280484288,-0.010007675413821415,0.010083687876597303,0.00827882122323631
2012-03-09,0.0038674085804302205,0.001987602505977737,0.006655409678363311,0.0027368969130721066
2012-03-12,7.295283599151325e-05,-0.00017226493182964653,-0.007873527588344698,-0.001364713376708071
2012-03-13,0.0180256020079268,-0.017594070935082362,-0.016780784815864758,0.0044414953003346636
2012-03-14,-0.0010714025543566708,-0.025194926079276314,-0.01682067576220847,-0.006802754497460151
2012-03-15,0.005789785764801492,0.0015310641137602499,0.00946289676961598,0.0006849271674795876
2012-03-16,0.001384734673238519,0.001977561789294535,0.001365788541111801,0.012320173331263007
2012-03-19,0.003920300851643743,-0.011935647969554375,0.0017978504689784014,-0.0016901301888370135
2012-03-20,-0.0029108174216445626,0.003995727476658217,-0.009035159899535072,-0.012191067238657372
2012-03-21,-0.001637498115077518,0.011308637403073751,0.0004996054993768873,-0.0023997492900832418
2012-03-22,-0.007204159697750345,0.0032201902244517466,-0.0039947529044891406,-0.007903769198899457
2012-03-23,0.0032328792678648632,0.009451429037553583,0.012282956477502438,0.009698588105628403
2012-03-26,0.014035388895512924,-0.005122528874515364,0.0177675672560913,0.004459702164367529
2012-03-27,-0.0031075037640716507,0.007191896260437369,-0.007055890793102537,-0.004098335077379445
2012-03-28,-0.004958499216304424,-0.0014108707409138388,-0.010597959618425579,-0.009602211980254793
2012-03-29,-0.0017084232120319065,0.007503140230800787,-0.0014240340248994343,-0.01385048519116261
2012-03-30,0.004136237298591583,-0.016910366530714205,0.0052083106662228484,0.011236123277247323
2012-04-02,0.007314140954884252,0.005540033794440458,0.005058027072021742,0.012847179872346848
2012-04-03,-0.004088531425678332,-0.017328753308068157,-0.01871856515317416,-0.004456644106692775
2012-04-04,-0.009911231095113604,0.013746067070831147,-0.01676147780356274,-0.015495886789225088
2012-04-05,-0.000499977070402835,0.007225538654418884,0.006996951833534437,0.003847593354385115
2012-04-09,-0.01123126106486838,0.023381539875151347,0.006695708261895694,-0.0045297057955142606
2012-04-10,-0.016785050497190812,0.011337099402713102,0.010855311785985977,-0.013300660500395911
2012-04-11,0.0080942407412683,-0.011979897056940358,-0.00018621215493686005,0.0024832544983328653
2012-04-12,0.013066024233409523,-0.00415680373710281,0.010119758799926215,0.01309258701175331
2012-04-13,-0.011888715262441063,0.016176424927955013,-0.011370564716820963,-0.010129211012450678
2012-04-16,-0.0006559743536199703,-0.0014554005963540728,-0.0024246153239028123,-0.00988004570051515
2012-04-17,0.014811879809337958,-0.0005994717375276126,-0.0013087791666472892,0.004632940583017442
2012-04-18,-0.0033792894198645396,0.002915716265308621,-0.005865849868369688,-0.009577924364496893
2012-04-19,-0.006420624549352216,0.0009407295516168368,0.0007532177454423472,0.00035828516671121413
2012-04-20,0.0016696259137756186,0.0001703317551986494,0.0006899618353195525,0.003938432886908094
2012-04-23,-0.008408633506334917,0.00726183384882062,-0.0029458817957397354,-0.001783276257604438
2012-04-24,0.0038011766128680513,-0.007039921227321666,0.0014458773932806146,0.0
2012-04-25,0.013691901700167763,-0.0051237956766658765,0.0020087386020055664,0.005716372153793392
2012-04-26,0.006969166352442935,0.006008972482448582,0.008833502726736775,0.0021314253116353488
2012-04-27,0.0016405598747153416,0.0008529774108922972,0.0021735459614287134,0.0031903779869757454
2012-04-30,-0.003704122079818517,0.0002562391560270161,0.003098277264045768,0.0038869411754764993
2012-05-01,0.006220256134608304,-0.005186565774810137,-0.003459337420944286,0.0
2012-05-02,-0.002984230408680566,0.007042458608954361,-0.004525235266453653,-0.01302354073101386
2012-05-03,-0.007625293963248514,-0.0002559023731960597,-0.010087771057537998,-0.01105568522293654
2012-05-04,-0.016158235416495637,0.007849196190980567,0.0031452475068289854,-0.017670485054591012
2012-05-07,0.000729938311363254,0.00016893100670833938,-0.0024455972073937904,-0.0022025466687041195
2012-05-08,-0.004011233193017105,0.0053316945106984814,-0.019361338921316418,-0.003679152655244211
2012-05-09,-0.005932139797699021,0.0006732720571789308,-0.00980768448267233,-0.00775479314581029
2012-05-10,0.0020625536841991643,-0.00294388254411182,0.0019421444253708842,0.000372117922759152
2012-05-11,-0.003014323698183774,0.008268456855210049,-0.007818095757993637,-0.007440513284712402
2012-05-14,-0.011061086988260582,0.01397520200029323,-0.014521983348483536,-0.013118400971961375
2012-05-15,-0.0057413091535063465,0.004043295508390665,-0.010506815031071648,0.0018989197526897428
2012-05-16,-0.003824955141248143,0.002877306381082745,-0.0018698996195085638,-0.0011371753102367155
2012-05-17,-0.014831097799345994,0.017703067324924326,0.022347090779173184,-0.00227702551886777
2012-05-18,-0.008558628999533968,0.00024164089285982904,0.011452879352412237,-0.000760740732349996
2012-05-21,0.01718853231705575,-0.002092890630546851,0.000646980541909592,0.013323055299993003
2012-05-22,0.00174259473177929,-0.011134174509854322,-0.016618119410660492,-0.014274808151066853
2012-05-23,0.0005294644879758614,0.0069346609479419286,-0.0030247679400885463,-0.011051887919082182
2012-05-24,0.0019657212163359805,-0.003807914276981683,-0.001384985238363945,0.0003853105566573589
2012-05-25,-0.003244494764684358,0.003742042652548516,0.00838774838488221,0.003466893870620602
2012-05-29,0.012111998964990045,-0.0030796038736307096,-0.010872337457110914,-0.004222752145952913
2012-05-30,-0.014510158119852234,0.02536111611848768,0.005893254962718419,-0.01850421326327345
2012-05-31,-0.0022009903974457012,0.011574841013827664,-0.0019090812845146132,-0.008640951900340421
2012-06-01,-0.02517657881634283,0.023740037983490003,0.038781196888100666,-0.02060217917891971
2012-06-04,-0.0004683396949666241,-0.007900910886432078,-0.0011428106398809756,0.0056634860209383575
2012-06-05,0.007572050031338984,-0.013377240192774864,-0.0011442151423203262,-0.003620295909028459
2012-06-06,0.02246877451504714,-0.019984332818420603,0.0004455092560180507,0.018570825362324905
2012-06-07,0.0006059556273636524,0.0015199407895938322,-0.01723813115026185,-0.006738012538016647
2012-06-08,0.007951433254895779,-0.00024035174948144888,0.0014886454856897213,0.0031923182703503805
2012-06-11,-0.01269718093934602,0.004552364433645151,0.004071640277957922,-0.018297508609375512
2012-06-12,0.01149064820056056,-0.009142820723185285,0.007080368815616023,0.0048622059606311385
2012-06-13,-0.006394408116545902,0.009868859511700911,0.004218256263578635,-0.007661196748487531
2012-06-14,0.010600006692372155,-0.001270720938585046,0.004009705335992431,0.011783706799094906
2012-06-15,0.010227820468680093,0.0055691988219876976,0.0005704997647584253,-0.0016063250555359287
2012-06-18,0.0019379697406682883,0.00537962055820862,0.0005701744803514597,0.0008045001186558487
2012-06-19,0.009672843326267166,-0.013062792632869136,-0.004875508449193711,0.008440596909902176
2012-06-20,-0.0016216641252901898,0.004943363442685644,-0.0075719166052243825,-0.016341291517275036
2012-06-21,-0.022438634173714722,0.005316339880350851,-0.025325363321968553,-0.021474880110835315
2012-06-22,0.007701634429820192,-0.013337598898838898,0.004078378501268132,0.009937918951324898
2012-06-25,-0.016034626537245744,0.014556831997401654,0.00733749424571517,0.010249991305100625
2012-06-26,0.005025628855420239,-0.003941697150789736,-0.007414148220444616,0.006899353473454939
2012-06-27,0.009016963222864938,0.0015825227937027453,0.001376010487393442,0.005642941717094452
2012-06-28,-0.0028537003443722675,0.0024503447819150814,-0.011646919832302038,-0.010821620490603423
2012-06-29,0.024926519525523272,-0.01300708153182939,0.027408138404537707,0.04335498975773899
2012-07-02,0.0030127454390549424,0.010317567926052096,-0.0006444107348563266,-0.0019417790456431883
2012-07-03,0.006592526807034371,-0.007685341746089813,0.015281516744723334,0.028015474915413563
2012-07-05,-0.004512101665914203,0.005110050447364678,-0.011304546946454441,0.003785158544235223
2012-07-06,-0.009503414454052894,0.009293315267998148,-0.012654072807009586,-0.023001659284742404
2012-07-09,-0.0012548899788851209,0.008815201089919622,0.002146812555150701,0.01775382664156311
2012-07-10,-0.0087195770451296,0.0020284821953573395,-0.012269536951600046,-0.01289335843818784
2012-07-11,0.00014872318858460964,0.0012456068540134257,0.005520944005105832,0.011140876856744253
2012-07-12,-0.00484507392712652,0.007076412604097193,-0.00261460971900751,0.002279620994044995
2012-07-13,0.016778079760628506,-0.0026253956925103017,0.010157959820154439,0.012130497131277007
2012-07-16,-0.0023574401128098055,0.004645241673265854,0.00045418012518472217,0.012359514484763245
2012-07-17,0.006867102783319368,-0.007860755376760675,-0.0047986866023365105,0.00110982918713054
2012-07-18,0.007406687746701834,0.0005443011885566396,-0.002736679257213992,0.008869124142726337
2012-07-19,0.002620587750887138,-0.0025620572592399693,0.0021561700390366756,0.012087961126536984
2012-07-20,-0.009148225016801126,0.012218778245629558,0.0018906850756352789,0.0
2012-07-23,-0.010111858947151275,0.0056129492123488944,-0.0041647647379081665,-0.020991626244766692
2012-07-24,-0.008587102303528882,0.00787499597166974,0.003202022460124132,-0.005914935027457879
2012-07-25,0.00022419723662925328,0.002579217883356577,0.014004649795792412,0.00743766207223584
2012-07-26,0.016497421293150127,-0.009155057452087778,0.007066269136341896,0.0018457295549412223
2012-07-27,0.018432479233602583,-0.018862858740848254,0.004911583802304831,0.01031689340900388
2012-07-30,0.0,0.007472818358491562,-0.0006982392728160924,0.005835119851979487
2012-07-31,-0.006994231722712518,0.0020086483836800895,-0.00597082656640302,-0.0119651577042027
2012-08-01,-0.0008713959562622886,-0.004999367959264922,-0.008626788012826792,0.001467797820598804
2012-08-02,-0.006904715212840085,0.005668395608393828,-0.006510213425354183,-0.00842798433380998
2012-08-03,0.019833231490113512,-0.01613740629022209,0.009212989839486152,0.01699923797899361
2012-08-06,0.0019369207002370992,0.0003922965069460549,0.004821600676860438,0.0058140812223588245
2012-08-07,0.0050140388489781085,-0.01286584534020796,-0.0001279863856068486,0.007586534713891702
2012-08-08,0.0012119032565280907,-0.005324511144803146,0.0012797347696722472,0.002868474757850903
2012-08-09,0.0008538758333129781,-0.000718992727233636,0.003259264951112506,0.008223085100719674
2012-08-10,0.0016355968520778141,0.005036299141885525,0.0012101864830207365,-0.0053190757430882085
2012-08-13,-0.0004967012393842785,-0.0016701740802079756,-0.0075708565852385945,-0.00784316816508257
2012-08-14,0.0001419259377390958,-0.013545924996098635,-0.00551317764002035,0.00107800717023121
2012-08-15,0.001136628131712003,-0.014056821706587508,0.003223103102315328,0.008614527643199033
2012-08-16,0.00737852173265563,-0.008521304790519602,0.0059756643744985904,0.003914525775318145
2012-08-17,0.0013379446331642786,0.00487572794179969,0.001021995813774046,0.0014179280001274108
2012-08-20,7.039606165171186e-05,0.002056293056396319,0.003445592661605268,0.004601780992982585
2012-08-21,-0.0030244233196636827,0.004431791873455326,0.009983513792826137,0.009161323720455306
2012-08-22,0.00042349063874347337,0.016504527714758188,0.010766174119276384,0.005237515733855114
2012-08-23,-0.008179538889640292,0.004179555955919456,0.008409157592958794,-0.0048628472701102154
2012-08-24,0.006043071362028085,-0.0009611459031246827,0.000494174015419846,-0.0045373752912784004
2012-08-27,0.00021211935624876332,0.005850059576810285,-0.003766133270076133,-0.0045583733224295875
2012-08-28,-0.0009893138844321303,0.0023886661116347963,0.0017352428001844444,0.000704548477878042
2012-08-29,0.000778009208574737,-0.004370253167400251,-0.006495935756759552,0.0017598928658666413
2012-08-30,-0.007207727743225312,0.005187999440491309,-0.0004358432469381279,0.001054223338074367
2012-08-31,0.00476891002988733,0.014134132545277733,0.02305006759133854,0.010529943405563014
2012-09-04,-0.0009210034541419221,-0.0010049509236571552,0.001583208530649749,0.0003473798173971865
2012-09-05,-0.0008508823947693811,-0.004712566246647509,-0.0010335492057460538,-0.004861236936752555
2012-09-06,0.02029650723776233,-0.016650518691022076,0.0035299241657396063,-0.00034887682444006973
2012-09-07,0.0038951991572286904,-0.004654430323931313,0.021529523105697113,0.011169293290470783
2012-09-10,-0.005681500745400414,0.0024183296378419428,-0.006827411176709486,0.001380807914752591
2012-09-11,0.002787103102481314,-0.0062733955793754514,0.003646366398665668,0.002068161450042849
2012-09-12,0.003335687708472035,-0.012464272437101243,0.00011914397372314589,0.005160042895199446
2012-09-13,0.015236213380549923,-0.003934127408617316,0.02018818143529133,0.006844660842580952
2012-09-14,0.004434306729173887,-0.02657817672192586,0.002860343822002953,0.010537020902115835
2012-09-17,-0.0033956060391462373,0.012003521897796299,-0.008149063622843289,-0.027581544442645156
2012-09-18,-0.0008180376337083572,0.005011536958035245,0.007746522133214695,-0.007263915338002747
2012-09-19,0.0005458491383902864,0.006565741717173168,0.00011649354949172519,-0.014634210378201784
2012-09-20,6.842598357370555e-05,0.002476916780794536,-0.0015721687657199723,0.005657752747086686
2012-09-21,-0.0004184174762855708,0.0011534350144100092,0.0028576747517099488,0.006680649304186659
2012-09-24,-0.0015080875397823768,0.007815701632357674,-0.005291949445103139,-0.010478532192275236
2012-09-25,-0.010641774723405217,0.009878043905814815,-0.0016369410950092256,0.0010589813090355893
2012-09-26,-0.005621342557053932,0.01075052680107591,-0.005621635473730624,-0.007052221408775261
2012-09-27,0.009421642735844893,-0.007117707131566675,0.014898997795603108,0.012429019777122186
2012-09-28,-0.004632570067998554,0.0005638073316582837,-0.0026110999060248163,0.005962822117066446
2012-10-01,0.0026396592011064257,0.003711093307034785,0.0023270341375569714,0.001394770025384462
2012-10-02,0.001039571479386714,-0.0013671381187752019,-0.0011027174532514117,-0.005222925823518687
2012-10-03,0.00408312782777287,0.0003224077753374299,0.0018012640766977839,-0.017150789356565665
2012-10-04,0.0071676631145656255,-0.012470659297098563,0.006960135274945767,0.02172362935591976
2012-10-05,6.806329727737648e-05,-0.012955064873475086,-0.005702468116373205,-0.005228308766200729
2012-10-08,-0.0034214706285813357,0.008419874625175572,-0.0033020048751752906,-0.0028031447139960086
2012-10-09,-0.009886974873207444,-0.001800851997170727,-0.006160985410008202,0.007378849928664222
2012-10-10,-0.006380053069932168,0.007052713426495494,-0.0008772977978495078,-0.0017440902457322993
2012-10-11,0.0005580383143541923,0.006920994790437174,0.0028097108207538746,0.011530444760140757
2012-10-12,-0.0032781988438771448,0.002506619584355052,-0.007354714637855864,-0.013816916985500804
2012-10-15,0.008328012963082942,-0.002258499775993683,-0.010055224506803517,-0.004903646952591489
2012-10-16,0.010132957929660513,-0.013824800898527001,0.006355758993983995,0.0007040524388040037
2012-10-17,0.004535386169943978,-0.009263804235920992,0.000708270089035512,0.0003516991943453007
2012-10-18,-0.0025993949767398883,-0.006123589575559807,-0.004423734987025862,-0.00035157554550924175
2012-10-19,-0.01666405136301552,0.013571418394136892,-0.010782582723043554,-0.015125049219635645
2012-10-22,0.00013933504592866797,-0.006407320665123506,0.003653354530106512,-0.00464270747816653
2012-10-23,-0.013876579301258851,0.014302126856714503,-0.012829747772893363,-0.012199501095078169
2012-10-24,-0.002827984181459464,-0.009862384352916864,-0.0034455182897020764,-0.0029059843068161006
2012-10-25,0.002907151456738477,-0.005103112322967562,0.007036295388904268,0.0025500339475785783
2012-10-26,-0.0005660903080618729,0.014727290528624648,-0.0005421731981886113,0.0021803009530168005
2012-10-31,0.0,0.005870525830965478,0.005424029379860196,-0.0007252403943684982
2012-11-01,0.010470422944359514,-0.008187161296405177,-0.0045555025984209685,0.0018142531552354235
2012-11-02,-0.00889124350330317,-0.0007354400672938688,-0.020894809825163896,-0.017022752267100483
2012-11-05,0.002048697838085589,0.005643628664262934,0.0038744747870573804,0.008474647421699455
2012-11-06,0.00782499682836768,-0.009434852940705118,0.018807862553296584,0.017902740147199614
2012-11-07,-0.022663729640556296,0.01814661506501114,0.0011425281895340866,-0.01866471541918746
2012-11-08,-0.012023973853453773,0.01483785383782843,0.009009549825869767,0.001462965976406938
2012-11-09,0.0008691125596786975,0.0011129167141230578,-0.0010119540650425085,0.008035094169448032
2012-11-12,0.0007966483067336494,0.0016670277234405173,-0.0022048049089982147,-0.004710156152102463
2012-11-13,-0.0034719260512918737,0.0033282390686177887,-0.0020901215354142133,-0.0018201149558391139
2012-11-14,-0.013498708184517372,0.000947504262212906,0.00023933743071213875,0.0029174776484961473
2012-11-15,-0.0016917518272385745,-0.0019721060445432315,-0.006282176951012075,-0.003999934041328035
2012-11-16,0.004937480633591118,-0.0008695196251238269,-0.0012643233169258306,0.004381133401434978
2012-11-19,0.020238846527005583,-0.005618663756954856,0.011996564840836887,0.018902180798177293
2012-11-20,0.0004311517426041078,-0.010026738746507169,-0.0028593300857844284,-0.006778288646310138
2012-11-21,0.0018681677997827162,-0.0005632158930600761,0.0010155813941403746,0.004310155160885731
2012-11-23,0.013624350628356208,-0.0009655137190425211,0.012234441881278757,0.0035765963786860144
2012-11-26,-0.002121833591680611,0.004750110676382313,-0.0010613049579774048,-0.0014254274091303198
2012-11-27,-0.005104765327929028,0.003926991110524192,-0.004249459912872733,-0.0014277036997912829
2012-11-28,0.008052611276179178,-0.0014369932253466278,-0.012803055990465051,-0.00321660361877385
2012-11-29,0.004665509556825764,0.00015964570532345235,0.003782585484718659,0.0068126376612673845
2012-11-30,0.0002107000927555891,-0.0027173228431475183,-0.00675911995172096,0.0007122461914914613
2012-12-03,-0.004924238814828508,0.0009236102088836518,0.000481793613877457,0.0024910472594867894
2012-12-04,-0.0014137606676720704,0.005775867982426686,-0.010293184034235181,-0.008874753722661
2012-12-05,0.001769959634097873,-0.00047858064809858103,-0.0018246141290523266,-0.0010745322839257332
2012-12-06,0.003391990026969438,0.002154644087407398,0.00231540881134662,-0.008963690388510415
2012-12-07,0.003028828419837648,-0.009236460474323138,0.004012180316774305,-0.0010854174919052717
2012-12-10,0.00042115352448912624,0.004420121604367111,0.0038750264922358113,-0.0021731120950786442
2012-12-11,0.006808623282776649,-0.007601419010668242,-0.0009047596653337653,-0.0018149116079168026
2012-12-12,0.00048780632577960503,-0.011610412207956111,0.0007244816202742754,0.004727284272277643
2012-12-13,-0.006131955772576303,0.0007343925317082611,-0.008445491459192933,-0.009048120391858538
2012-12-14,-0.0037154807196987383,0.007499467150113626,-0.0014600610908572786,0.006208913931564197
2012-12-17,0.011751840616716969,-0.014967745149681133,0.001888731794135401,-0.000725866376058093
2012-12-18,0.011129257928562453,-0.010184913687164343,-0.014351742734815875,0.002542623588945192
2012-12-19,-0.007429332291871704,0.003319100005091169,-0.002406215358110364,0.0036232473421740075
2012-12-20,0.005752070686439792,0.00016570339371324572,-0.012122003118760882,-0.004693233148475806
2012-12-21,-0.009077353817988243,0.010914820172843731,0.003756377133691924,-0.0018135950317496041
2012-12-24,-0.003081401505829029,-0.0017991738176181826,0.0018087275171267958,-0.0032702874724674924
2012-12-26,-0.0042146842027224185,0.0035971905357194967,0.0009961627877814738,0.010207737450182774
2012-12-27,-0.0013405813283859924,0.0033551920560268567,0.002363508432004169,0.0
2012-12-28,-0.010808066474050637,0.005709205534965678,-0.0038471727592938043,-0.002887026406765858
2012-12-31,0.016996511192969965,-0.01727352329029186,0.009218955078005298,0.0054288885655462416
2013-01-02,0.02562978914618852,-0.013368669027828295,0.007097851290946089,0.0035997707243444754
2013-01-03,-0.002259229110089467,-0.013549624423346618,-0.012073305404241008,-0.008249710630165885
2013-01-04,0.004391700267939891,0.003900662259840093,-0.004714606211065564,-0.004339855151041516
2013-01-07,-0.002732728936524431,0.00042168504700845766,-0.006295249004336423,0.0018161479994263097
2013-01-08,-0.002876981260626299,0.006585187875545406,0.007087781062064646,0.002538014179570336
2013-01-09,0.0025419234871195684,-0.0009222274590757751,-0.0004359246792099425,-0.0014466455813789691
2013-01-10,0.007949384446444885,-0.002770648110088758,0.00928400637657445,0.0036218534917977774
2013-01-11,-6.73434058428013e-05,0.00892325126125626,-0.0056797023904903154,-0.0043305396101488425
2013-01-14,-0.0006806649351734917,-0.002753118459308923,0.002980229323326755,0.006524143895208168
2013-01-15,0.0006811285554975122,0.004601917615768336,0.006314252289550515,-0.004321263972352218
2013-01-16,-0.00013652492461735388,0.002081994890260175,0.0005536192128581252,0.001085106575677397
2013-01-17,0.006460601301279789,-0.009973389880923555,0.00430379485582244,0.004335151050130381
2013-01-18,0.002229483908813723,0.007722819227635291,-0.0015917340429129068,0.0064747796842294925
2013-01-22,0.0053933672955539524,0.0019158852404168591,0.003556329904214506,0.0028592480115643415
2013-01-23,0.0016092274052843525,-0.001495694424893168,-0.00281048121356553,0.0010692514588541702
2013-01-24,0.00026800948832050864,-0.0034980756709196426,-0.01096751713306432,-0.0007120729208932586
2013-01-25,0.005622190255170301,-0.013704223416252881,-0.004770191309598659,-0.0021374998734137174
2013-01-28,-0.0011981154713996967,-0.0036431047372426084,-0.0022409002429438774,-0.00035713391096026115
2013-01-29,0.003931290944145571,-0.005527398688430996,0.004367160997889918,0.005714330835269177
2013-01-30,-0.003915896416026965,-0.00170937974920915,0.0074538599123976645,0.011363565352277671
2013-01-31,-0.0024657471632576478,0.0048812746246129635,-0.006103985931695921,-0.00035100260317033616
2013-02-01,0.01028705250686257,-0.01298472182163024,0.0015508685157126223,0.003863810716303817
2013-02-04,-0.011240009751882218,0.012809487080228221,0.0034066464054138823,-0.003499164756761153
2013-02-05,0.010097551307670649,-0.008887001931528804,-0.00024687213662233365,0.0038624545086842765
2013-02-06,0.000728113195906932,0.008190487085697251,0.0026549312049666263,-0.0013990818140906525
2013-02-07,-0.0013227807465967523,-0.002222910868966421,-0.003386926866340456,-0.0038528259522601083
2013-02-08,0.005564208785267866,0.0038568095913376066,-0.0016682465384403322,0.003867727633663387
2013-02-11,-0.00019752041940912513,-0.0007682646246092162,-0.011573994499016527,-0.0035026049661367464
2013-02-12,0.0016472570792713803,-0.002478155542593119,0.0011897460553353945,0.001757497814130371
2013-02-13,0.0008551043365057076,-0.00813774151463309,-0.005253588974277079,0.00035083539115343676
2013-02-14,0.0009202308141440518,0.009067779022631894,-0.004401112447727451,-0.0014030076590924034
2013-02-15,-0.0011820661302222035,-0.0029099914333727828,-0.016356245638453393,-0.004214857322535015
2013-02-19,0.007494520837176832,-0.004978093603332123,-0.0027606104965699485,-0.0038802446368509935
2013-02-20,-0.012463774530180882,0.0030193639416373763,-0.025043451643549264,-0.011331454038032374
2013-02-21,-0.006078521252669833,0.00584841573775452,0.0077918162754770925,-0.011461246740263498
2013-02-22,0.009772211653461094,0.0006841495968854527,0.002293317486000923,0.0
2013-02-25,-0.019026948323430437,0.01965279438707901,0.008955972453781325,-0.004710156152102463
2013-02-26,0.006846153494010965,-0.005781883139078903,0.012180931238955583,-0.0018201149558391139
2013-02-27,0.012597835538892266,-0.002950611324685992,-0.01056198875682579,-0.0061998559814751
2013-02-28,-0.0019745335637187944,0.0018599099836100752,-0.010157257228600503,-0.004403641834150318
2013-03-01,0.00329805489090762,0.005446274700527498,-0.003660114762050637,-0.007003314387678983
2013-03-04,0.00532515067895134,-0.005298756265849414,-0.0009183901036885489,-0.0037120963491954484
2013-03-05,0.008958578307710852,-0.002875439860464124,0.0005252910666555533,0.009314524182089778
2013-03-06,0.0013613258066786926,-0.0090727179598733,0.0055780996028989005,-0.0055370221052826185
2013-03-07,0.0018121567656443904,-0.007701291639743979,-0.0035240703595200706,0.0066814719520960075
2013-03-08,0.004264331049088188,-0.010434916547333972,0.00013101232655099437,0.0029499170452813583
2013-03-11,0.0037955379885077356,0.0009590211563490492,0.0018335326238412275,0.0007352064786421142
2013-03-12,-0.0022428762802548796,0.007226198548773377,0.00784362968269714,0.002204247687653371
2013-03-13,0.0014126702924299739,-0.0010370108766972752,-0.0034373096238732304,-0.005131932554059193
2013-03-14,0.005324426239044611,-0.003028873743285976,0.0001300859898183404,0.00736923332824313
2013-03-15,-0.0013207620147692722,0.004686408813742826,0.0020822965868685372,0.002194572741978984
2013-03-18,-0.005518299194968046,0.007601951299294418,0.008961070667613535,-0.005839543711646633
2013-03-19,-0.0023236375515479635,0.006773676235598991,0.00450506452725441,-0.007342015478451813
2013-03-20,0.006985539837886412,-0.011156339041596963,-0.004548992218975756,0.0070265409464524975
2013-03-21,-0.00854244885008093,0.009645783859455692,0.005663930684613572,-0.004406793731746239
2013-03-22,0.008033357060783564,0.0007673565258012882,-0.004479980468749978,0.001844284532110052
2013-03-25,-0.004177956134933547,-0.0009374570661219161,-0.0019929125844543316,0.0007363723763256225
2013-03-26,0.008003265575803997,0.001194134181293327,-0.003349679554628948,0.009197923140114694
2013-03-27,0.0,0.008521136714672473,0.004136500676053423,0.005103868725091276
2013-03-28,0.0030727789773639103,-0.005069880388964387,-0.0058573870914927495,-0.009430563237333045
2013-04-01,-0.003957425080346244,0.007531712185474326,0.001424417125607702,0.0
2013-04-02,0.0049345028697822535,-0.004053512156302452,-0.014482482185829704,-0.004760090119702798
2013-04-03,-0.010139037900204317,0.00898941090757388,-0.011152640752650878,-0.01692418521813166
2013-04-04,0.004058585343633236,0.011935803449818705,-0.0029191431956356872,-0.0011227051647223485
2013-04-05,-0.004491010890443681,0.020184188071909803,0.016767611850665,-0.0007494240693777243
2013-04-08,0.00676684494398172,-0.007653717834931073,-0.004253608447543744,0.002999606143085032
2013-04-09,0.003456656992966156,-0.0024615175955599033,0.007754946420753139,0.006355226763707478
2013-04-10,0.012248859870536588,-0.013735432363591427,-0.016890546496319603,-0.002228895761326788
2013-04-11,0.0032770220499145353,0.0019182011548222189,0.001990069995076782,-0.004095325207861378
2013-04-12,-0.0024495584426071915,0.014899185215005994,-0.04700434266845255,-0.012336497593154139
2013-04-15,-0.02317333819348566,0.008693768639031374,-0.0878082643808128,-0.029901616789650642
2013-04-16,0.014762646487319397,-0.00821227323392515,0.011347235708379255,0.010534596509611083
2013-04-17,-0.014611741855176441,0.006640637663398508,0.0005270486733528479,-0.014671809761584442
2013-04-18,-0.006253527494524791,0.002442548182381321,0.010762459449999096,0.010580003502533852
2013-04-19,0.008693314747882708,-0.0021121695990742317,0.008711825334020373,-0.002326555855798329
2013-04-22,0.004437641594465358,0.0007330250027455243,0.01793749652236576,0.0031091915453138608
2013-04-23,0.010309730421292906,-0.003498597914706192,-0.007396584908027859,-0.006199108873728876
2013-04-24,0.0006339561921602233,0.002531104540264728,0.010885375374223738,0.010916110687656078
2013-04-25,0.004053707105879489,-0.004315952387733968,0.023560091643163306,0.013112317662854922
2013-04-26,-0.0017666458707669142,0.009160272936030056,-0.005083677157950217,-0.005709770426625127
2013-04-29,0.006698419414306933,-0.0036465936703966584,0.009864447899536888,0.013399477360267698
2013-04-30,0.0023854237102109987,0.00056828102148887,0.003302889744367654,-0.007555676128180089
2013-05-01,-0.008767208392043369,0.010273778158509383,-0.011627117828906464,-0.01789114645501888
2013-05-02,0.009287083449480482,-0.0012906355468045305,0.005740185352492544,0.012790660866697001
2013-05-03,0.010140954829649385,-0.023577021249097996,0.0011978450615743874,0.011098328080299202
2013-05-06,0.0025406967267769254,-0.002480554573579319,0.0004222504056590193,0.0011357098075288619
2013-05-07,0.005068988855555512,-0.0038962684411378845,-0.012451558843968757,-0.0034027525328730324
2013-05-08,0.004550492942618334,0.001581939049694947,0.014816938016144476,0.004552323216831189
2013-05-09,-0.002816067441337,-0.002575722814985748,-0.011582262231585427,-0.00037768372272617423
2013-05-10,0.0032540941596832518,-0.010746929171014163,-0.008593079156717032,-0.0045334056769080755
2013-05-13,0.0007950815450241677,-0.00766335957490305,-0.00838118464598625,-0.004554051037735429
2013-05-14,0.01033428186969898,-0.010862304099615194,-0.004478762912597967,-0.003431292989536594
2013-05-15,0.0053859475647521915,0.00669207892447643,-0.02307519579215711,-0.0022952322535281233
2013-05-16,-0.004694856224274346,0.01039743178887842,-0.004011056416375558,-0.0011503427369108365
2013-05-17,0.009676847597488658,-0.012651913101679124,-0.02252210527369891,0.004990415039402896
2013-05-20,-5.981399223453643e-05,-0.001196152598951783,0.030899424480465454,0.006493508731805653
2013-05-21,0.0014377989517715406,0.007868486770378214,-0.01657778504530205,-0.005692606606447659
2013-05-22,-0.007417714450491331,-0.01485053814417936,-0.007074069889109635,-0.004580123881199882
2013-05-23,-0.0028926976561447493,0.004737841269008447,0.02023645687084974,0.004601197937756707
2013-05-24,-0.0008462089515240967,0.0013711372558138368,-0.006314583609401292,-0.003816683792259856
2013-05-28,0.005988767444914833,-0.025342345882375605,-0.002018458618119001,0.009195257042178273
2013-05-29,-0.0064944334331500375,0.011243878259716622,0.010038177262336356,-0.0064540647340474155
2013-05-30,0.0036921948344237343,-0.002431849132274233,0.013869280514663629,0.0
2013-05-31,-0.014352241756256712,-0.0033964920241335017,-0.020336494816085793,-0.011845593829270418
2013-06-03,0.005506161838417567,0.00529901030947455,0.01933987733947884,0.012374332792701725
2013-06-04,-0.004806290567698435,-0.009235135656301074,-0.009376593881796569,0.0038196856732617412
2013-06-05,-0.014001042996654056,0.013806066821843155,0.002144557820634496,-0.004566267276738478
2013-06-06,0.009052565229556997,-0.0006070016695191027,0.007452733729297778,0.0038227787143485514
2013-06-07,0.01272086600067146,-0.017879169776420123,-0.023804292309807185,0.0022847434311479287
2013-06-10,0.0,-0.004772110858705547,0.0049520083144831695,-0.0037993683234084363
2013-06-11,-0.010315508061116252,0.011898620933636916,-0.005151578533889478,-0.008771917748342628
2013-06-12,-0.008277199268054147,-0.014303306858846065,0.007504690431519689,0.001154326249507287
2013-06-13,0.015208840385347644,0.015668305484227707,-0.0037988417641410255,0.006533437817934251
2013-06-14,-0.006272932741962056,-0.0023657789075079982,0.005159168194085684,0.004200006701817527
2013-06-17,0.007721945261545793,-0.005272665417565547,-0.004909532390677707,0.002281440316608707
2013-06-18,0.007905783432881286,0.0005301495241043508,-0.012259844040283574,0.0018967585473099735
2013-06-19,-0.013817231715427147,-0.010328081959799285,-0.011655252312203657,0.0015147391499932272
2013-06-20,-0.02477807937144927,-0.01641307701080219,-0.053526288841325154,-0.032514309489614424
2013-06-21,0.0032102307842776234,-0.01695817228196561,0.011731428766484253,-0.006252491109148273
2013-06-24,-0.01263624913056971,0.004151640391527822,-0.008956439178321896,-0.0043256169890518725
2013-06-25,0.009614482955306869,-0.008911559712431627,-0.003711765378358045,0.0007898844888605261
2013-06-26,0.00990092356460126,0.006488801605877725,-0.04203452166594779,-0.0027624582388304786
2013-06-27,0.005869504669272496,0.010222746601804777,-0.019783533666219544,-0.0003956790632119178
2013-06-28,-0.0040970936658952795,0.006837452002827815,0.02734171211137726,-0.005146489124119746
2013-07-01,0.0058597350172335805,0.002014834895892159,0.016959085154188536,0.006367031985623051
2013-07-02,-0.0009298363311169844,-0.000634187908805206,-0.00891599295095069,0.00395401764017822
2013-07-03,0.00043436681947417455,-0.00299006463516871,0.005747561803178369,0.009058761058549969
2013-07-05,0.01078850305493928,-0.03408785320160568,-0.021948000437012505,-0.0023419055265008204
2013-07-08,0.00570523260571143,0.009692971733925582,0.01202477637713506,0.005085995532740917
2013-07-09,0.007197339028407468,0.0010249868912013405,0.009287930637690511,0.006228065214481937
2013-07-10,0.0003628668625463849,-0.007821068489975658,0.0027358165656277134,0.0030947582510305605
2013-07-11,0.013620944325727802,0.011730430585417784,0.027201331116488037,0.005013597198566533
2013-07-12,0.00041809146191096325,-0.000835121915177317,-0.0008853880573321815,0.0038371877198912774
2013-07-15,0.003820547303937216,0.005291506321491557,0.0004028281065351358,-0.0026756950028511417
2013-07-16,-0.0037467089412913657,0.003417119701252691,0.0057174994582687155,0.001149988248484668
2013-07-17,0.0025669850891323343,0.0018405510758778831,-0.01257106015291043,-0.0007657781963962274
2013-07-18,0.0054775992509668026,-0.012492794416679054,0.0055952192921973065,0.00421448920938805
2013-07-19,0.0017764062822018811,0.015813754262263613,0.008870239941716207,0.0007630627038708315
2013-07-22,0.0019507506053704216,0.0014654026083233962,0.029813729592696125,-0.0007624808831463437
2013-07-23,-0.002123203267440643,-0.004206260750735269,0.006752642042110235,0.0015260393318583532
2013-07-24,-0.0036657143879289533,-0.012672795493259281,-0.017192222970528803,-0.007999821234965565
2013-07-25,0.002432513913871226,-0.00037166344085026726,0.009334756673011979,-0.0011521096654533158
2013-07-26,0.001066140951605954,0.0061405941291163835,0.0008549048878288001,-0.0061516144583496635
2013-07-29,-0.0030754073406953353,-0.00730522328836225,-0.002407187152758228,-0.0003867138694392258
2013-07-30,0.0,-0.00037235491968135026,-0.0027244189319679535,-0.0034829935916514954
2013-07-31,0.0007119682219283163,0.00363400362596189,-0.0012487983048118378,0.006990159246383243
2013-08-01,0.011558545469146253,-0.0192680998358149,-0.010550160079556559,0.002313994708681655
2013-08-02,0.0016989017960726827,0.011009751263541645,-0.001974567560183438,-0.0038476962953575278
2013-08-05,-0.0014620481898207638,-0.007698798781842875,-0.005223200846164788,-0.005021168868718173
2013-08-06,-0.005683304690521029,0.0029333969793612358,-0.013762893950199584,-0.00815225387697105
2013-08-07,-0.0032397394889803754,0.0074527876644663316,0.0014519666322767577,-0.006653534783067849
2013-08-08,0.003664735678000852,0.0027143952743957644,0.02182842570410881,0.00512215553830675
2013-08-09,-0.002885962944294107,0.0015876040338704822,0.0,0.007056011830858466
2013-08-12,-0.0011808556848699192,-0.006805916905649023,0.017893774724416334,0.012066920262147729
2013-08-13,0.0029560232053054136,-0.014455846089395541,-0.010764399957271187,-0.00038456959616373076
2013-08-14,-0.005129045680906663,0.0015240218704863917,0.009863802703161229,0.008080023333049802
2013-08-15,-0.013986396448015359,-0.01350483651482104,0.020852732103924465,0.009542140024349832
2013-08-16,-0.0033053127232295365,-0.003470303525753504,0.006758291238125214,0.00037794145668934576
2013-08-19,-0.006391810991312474,-0.008706558354161231,-0.004299346178506691,-0.0011337370632091837
2013-08-20,0.004915467334904111,0.007710256670386606,0.0033330994600069275,-0.0018919056416756286
2013-08-21,-0.006159672737506838,-0.010943704989031633,-0.002868928899801504,-0.0011371753102367155
2013-08-22,0.009114654549100099,0.010182952334364836,0.0056030150173187465,0.0003795470624230468
2013-08-23,0.0033724128811480902,0.010855277056496915,0.01573673952496346,0.007966608422491195
2013-08-26,-0.0037208141183774357,0.004986874362977067,0.004077116950649051,0.005645471552853554
2013-08-27,-0.01608489659823953,0.012593848695449772,0.009597660251366102,0.009730477303785179
2013-08-28,0.003551808734744366,-0.008102678782644368,-0.0002924554744629937,0.0014827376293591321
2013-08-29,0.0015856742993181072,0.007979121544980483,-0.0061444777662679195,-0.010362794668177133
2013-08-30,-0.0031673709905118974,-0.0011307175886178245,-0.009199970890717113,-0.002991753694132404
2013-09-03,0.004521801655819502,-0.014104989441665494,0.013370993292570743,0.0052513641225611085
2013-09-04,0.008273198674602966,-0.002206722651978965,-0.012901294021836374,-0.00858216091755859
2013-09-05,0.0012669481290588092,-0.013943948167094988,-0.01826828046165707,-0.0022582565488463713
2013-09-06,0.00048258763282338357,0.004974583403865029,0.014750355470928067,0.005658334433274348
2013-09-09,0.009575242372140691,0.00048512678396517295,-0.0017889694021170355,-0.006376680612535046
2013-09-10,0.007397133138407286,-0.006983634002747707,-0.016204899631104497,-0.009060051103045308
2013-09-11,0.0031385994661878858,0.008888444999998413,-0.00030369320824075174,0.0015238859736914634
2013-09-12,-0.0026563286119324347,-0.0013565204196283043,-0.030599839579955712,0.00494477185329667
2013-09-13,0.0022492739781492244,0.0038784306670363033,0.0011749160180953844,-0.0030279902086444155
2013-09-16,0.00578761087405133,-0.006663852725804165,-0.010718218978665095,-0.012528352643937035
2013-09-17,0.004462400809623013,0.00826336179277809,0.00039543735045155515,-0.010380773502936869
2013-09-18,0.011574168054183875,0.01234286068455015,0.04355726882874267,0.021756061663940507
2013-09-19,-0.0016755487537625235,-0.005905594977791084,-0.0019695062317609535,-0.003802257558793709
2013-09-20,-0.006991995678864993,0.00526985782847178,-0.028766610364533873,-0.009160333871139792
2013-09-23,-0.004627304959229028,0.007339082853303314,-0.0032040953082860257,-0.007318776081221889
2013-09-24,-0.0023539383168761363,0.01078579834996618,0.000862411663815621,-0.00038817693934822817
2013-09-25,-0.002890054288207655,0.0020596712232681114,0.0088515556290778,0.0015527852395544883
2013-09-26,0.0038450082161789467,-0.007005309220968425,-0.007764519160924133,0.007751889178677418
2013-09-27,-0.004596917184183424,0.0024455940995111725,0.009233901688096902,-0.0049999253768382435
2013-09-30,-0.005328009583825399,-0.0015016430999871266,-0.006125521729428818,-0.004252046097698137
2013-10-01,0.007916480839736062,-0.0030344919760373346,-0.028007462498232272,-0.006599381057876719
2013-10-02,-0.0009451239899350705,0.0015124218121191912,0.019825036466045276,0.009769511847959711
2013-10-03,-0.00922043049867416,-0.0016047286709346409,0.0009444573342345386,-0.0015480650583704625
2013-10-04,0.007575990362308271,-0.000755867467916671,-0.005110878473967517,0.0031006682277125996
2013-10-07,-0.008644716309297418,0.004067678257024365,0.008772628001741278,0.0069553090425642505
2013-10-08,-0.01164628938306278,0.0002829809603253075,-0.0018802715834939088,0.003453590147766805
2013-10-09,0.0007249198611678498,-0.00800642648283345,-0.010125595761985129,-0.007265857715700097
2013-10-10,0.02155803299443626,0.0016142718854126326,-0.014590468308459559,0.012711915224003167
2013-10-11,0.006443646025045213,-0.0002842042582560378,-0.013438466355977674,-0.005325185126450305
2013-10-14,0.003993625858160321,-0.00806053783067917,0.0018760469803933422,-0.0003825361629966606
2013-10-15,-0.007254490743346054,-0.0006685821284040383,0.007327212508852821,-0.0034429346866866606
2013-10-16,0.013966248548832105,0.012530834055288542,-0.0015356214034694116,0.007677494980182775
2013-10-17,0.006683350005667554,0.00906962171432335,0.031406809330291274,-0.005333300101371785
2013-10-18,0.006754637616408488,0.002153444648085756,-0.004473392740662718,0.00574501893577728
2013-10-21,5.711536978947329e-05,-0.0031767666822556384,0.0010248709844409287,-0.0022849152551255303
2013-10-22,0.0057909071443988935,0.0111525226850544,0.01858554826403047,-0.001145074024670012
2013-10-23,-0.004788579435600071,0.003893913472071686,-0.00502546710134677,-0.015284495373892537
2013-10-24,0.003322293732072268,-0.0038788097226371,0.009402373394382657,0.0003880018482615988
2013-10-25,0.004567676732731174,0.003708217684710302,0.004311107341768539,0.003103073424498337
2013-10-28,0.0015912940095950123,-0.003417357825850842,0.0007664482567892872,0.0038669517349461113
2013-10-29,0.005333959412653133,0.0012977797163886695,-0.006050806532669206,-0.0026964826665735186
2013-10-30,-0.004966847779384831,-0.006015201667229797,-0.0013099958645943488,0.0030899768852998832
2013-10-31,-0.0028363766432343285,0.0021414151655365643,-0.014351914754235806,-0.008471173564281398
2013-11-01,0.0023893291210648204,-0.010824531143678207,-0.0061844444084760974,-0.012427280755859638
2013-11-04,0.0035184417024696213,0.0009417465718115636,-0.0011027915952256384,-0.0043256169890518725
2013-11-05,-0.0031666427686208865,-0.01194833116230165,-0.001971453393369016,-0.0027646402617445
2013-11-06,0.005105540939614572,0.0004752850720037838,0.005056885287565871,0.0007920742893310351
2013-11-07,-0.012642904689449952,0.00847145637712643,-0.008176048043114226,-0.007122848082184108
2013-11-08,0.013490769484904908,-0.024066038471811546,-0.014901750382376844,0.005579786523305819
2013-11-11,0.00016907745338801128,-0.003771274029961025,-0.0032989703632274603,0.00435981682635167
2013-11-12,-0.0020297611445174724,0.0046591389265104866,-0.01146367778198043,-0.0067087635577733895
2013-11-13,0.008024377139412175,0.0036720494760349442,0.003266651987325009,0.004370299673594369
2013-11-14,0.0049890988858125596,0.0061597697390298745,0.01155879679757943,0.004351283261775807
2013-11-15,0.004350946262945854,0.0020103785057101753,0.000402374290726204,-0.0015753246702472357
2013-11-18,-0.0034988279220939944,0.006014853350837734,-0.011422121721614165,-0.006706205219989658
2013-11-19,-0.002173812321379698,-0.007593220916683685,0.00040679757316963716,-0.0015885523879579644
2013-11-20,-0.0031281526119625314,-0.017023664000800798,-0.02301744019441898,0.0007956296902869031
2013-11-21,0.008068956158307161,0.0016537878933138295,-0.001498504004828649,0.01271843031369202
2013-11-22,0.005002349242221982,0.009325895333064382,-0.00016678565994454608,0.0031398750495834626
2013-11-25,-0.000995552896837948,0.002886914078613634,0.004503009704574623,-0.001173657328778166
2013-11-26,0.0002769694841899817,0.003742216454531766,-0.005312961933526483,-0.0003918260871870194
2013-11-27,0.0024352312437359025,-0.001720890433362765,-0.0030045118616964794,0.0
2013-11-29,-0.0006626355812724416,0.00028729202521371455,0.010380025726374864,-0.0003918028687006636
2013-12-02,-0.0025964333095465086,-0.007777507805495021,-0.02584917312405066,-0.001176134628546599
2013-12-03,-0.004320577607028753,0.003676680319919745,0.0032318187404347665,0.005886977956593098
2013-12-04,-0.00011156190031524904,-0.009545423016607546,0.016954900097682968,0.0019509587900887748
2013-12-05,-0.004395439295810988,-0.0028238071641089046,-0.013837913015870562,-0.0011682608357993507
2013-12-06,0.011177062576523511,0.004783863962591894,0.0021132712895250982,0.0035087058863263465
2013-12-09,0.00254182744081044,0.002332443954949248,0.009869237780065765,-0.00349643791403631
2013-12-10,-0.003583023874229596,0.007173318008244944,0.01754091590969642,0.003118888767901673
2013-12-11,-0.011230979370567273,-0.007699759899282288,-0.007880471900160724,0.0
2013-12-12,-0.0033009853369712072,-0.0037825038576775327,-0.02126427007980758,-0.009327662317598073
2013-12-13,-0.00011247020283755571,0.004868277727985371,0.009214610951512325,-0.003923082621580365
2013-12-16,0.006231954103593562,-0.0036821185412870827,0.002596793391862917,0.003150915907926821
2013-12-17,-0.003180412689742007,0.004473427954720943,-0.008689121015236556,-0.0047113953675619324
2013-12-18,0.017072532692613773,-0.005034025352853688,-0.00876528362539053,0.0019723295390479123
2013-12-19,-0.0011553376840700569,-0.0009732780318518763,-0.023722480240186083,0.002362101006863959
2013-12-20,0.005816757834129493,0.015389116884075182,0.00975442213515798,0.007855499430006407
2013-12-23,0.005342564470364408,-0.005659699309560895,-0.0031913294703355133,0.0
2013-12-24,0.0021913754445845868,-0.00800686344703716,0.004585954665539571,0.0031176734454230193
2013-12-26,0.0050836683871333666,-0.0038540057402977057,0.005512484048749489,0.0015541671786747369
2013-12-27,-5.459809705654628e-05,-0.002840757717265663,0.0032551386822530226,0.0027151345516929215
2013-12-30,-0.00016277882404236443,0.006875843142543969,-0.014771203179331227,-0.005802628083368955
2013-12-31,0.004732419868069382,-0.006341065515958588,0.006326400561529777,-0.001556498180193655
2014-01-02,-0.009583623282636733,0.0030436769891120097,0.0161901240867246,-0.01441919572465511
2014-01-03,-0.00016370939543663976,0.0,0.010932211148536819,-0.006326749370019091
2014-01-06,-0.0028983367079467026,0.004208431409905566,0.0017604081051298959,0.0011939194943288989
2014-01-07,0.006142153804397754,0.002534859218968899,-0.0056903791228098966,-0.0007949971669370948
2014-01-08,0.00021812614958904852,-0.002722555533764992,-0.005891238428211154,-0.009546569149831208
2014-01-09,0.000653927867199755,0.005849565331760731,0.0028783976463331307,-0.008031987695200304
2014-01-10,0.0027228162959975766,0.01192034739111314,0.015195028411862932,0.006477691377098527
2014-01-13,-0.013305049597964191,0.004980789010501141,0.0063195949886565295,-0.00040220468425067324
2014-01-14,0.010897343534745918,-0.00457513615390337,-0.009337277183627424,0.0
2014-01-15,0.00539039722186585,-0.0010528405757487258,-0.0019183895963796882,0.0028167471989815063
2014-01-16,-0.0012999854661910337,0.006708700235472875,0.0010863885127820883,-0.0016050358781513063
2014-01-17,-0.004229277860992142,0.0041891569800656114,0.009516648976840125,0.0012058254663303014
2014-01-21,0.002940239571733505,0.0007584781048630695,-0.0101712011397469,0.002408474700917207
2014-01-22,0.0006514824523595752,-0.0024633659480139958,-0.00426060584660215,0.004806008228571246
2014-01-23,-0.008193054165475333,0.014150122129183984,0.021813897314074238,-0.0007972151241761871
2014-01-24,-0.021335989989935578,0.006461459773546396,0.00410542734412811,0.00039883560162090603
2014-01-27,-0.00491937710911472,-0.0069780733953498375,-0.010875801955168796,-0.006778221751262525
2014-01-28,0.00595495105553745,0.00243615826903798,-8.268961893331817e-05,0.00481731167381616
2014-01-29,-0.009604734581661667,0.008224794507257771,0.012567212160504493,-0.0007992163407518627
2014-01-30,0.010599692415325546,-0.0028738953830262925,-0.02204625255756343,-0.0039981955214400955
2014-01-31,-0.0058578831275291066,0.006693994018356797,0.002671785119756409,-0.0012043732024517029
2014-02-03,-0.02250561562241793,0.012185191110067883,0.010242346527122859,0.0
2014-02-04,0.007004303644683851,-0.010611518933356212,-0.002720094229185621,0.007636652814212441
2014-02-05,-0.0012534742218457406,-0.009245217248908921,0.0024795690309509233,0.0019944479780511504
2014-02-06,0.013186867772430055,-0.004292693518838986,-0.0004122602966475375,0.003980776524447283
2014-02-07,0.012395828171146261,0.0008435045319679091,0.007670738383060538,0.01149887264638938
2014-02-10,0.0018365240943554184,0.002809074975807624,0.0061389867499452855,-0.005488009201778721
2014-02-11,0.010944015929982509,-0.005790098540314315,0.011714956580352931,0.005124085353165553
2014-02-12,0.000494596233430844,-0.005165232287650645,0.0005628794988796759,0.0019607277607094353
2014-02-13,0.005162711956277821,0.005664604587340971,0.008518826295861315,0.005479506244002286
2014-02-14,0.005518613292113894,0.0005637282395856147,0.01322817507664209,0.0035034184104136834
2014-02-18,0.0011956105678792017,0.002251504142437799,0.0019661816515914587,0.014352163085196601
2014-02-19,-0.006621775261790974,-0.004212480430842991,-0.00886973994723983,0.00267680413380611
2014-02-20,0.005901018199368169,-0.0024441917541687674,0.010532999654813135,0.0019069723099669478
2014-02-21,-0.0011406662452509986,0.005277461254654892,-0.0001567135055292601,-0.002664662587572142
2014-02-24,0.005546691214388222,-0.002531631918238908,0.011051917556613278,0.00419840383672998
2014-02-25,-0.00037859049850907933,0.008929355550897577,0.001705567961347132,-0.004560889317251404
2014-02-26,5.41048405084954e-05,0.005309205946359086,-0.008513319761305871,-0.0026726297337940075
2014-02-27,0.0052473761590901,0.00546740984073435,0.0007024926817724708,-0.0030628536682165697
2014-02-28,0.0025295166015426584,0.0005529894736968632,-0.004524135846074251,0.0034560690829144036
2014-03-03,-0.007032363592578417,0.006674789489830468,0.02092141108046075,0.013777267607737675
2014-03-04,0.014055800873778557,-0.015041479303542937,-0.012357054979777349,-0.0037749858070753595
2014-03-05,0.0009065477669045752,0.0021419050938245032,0.0016320075055982208,-0.00833652420217379
2014-03-06,0.002289746068505183,-0.009849752320140737,0.009930939447266862,0.009170835156261825
2014-03-07,0.0004253565764180678,-0.006286993746127734,-0.008296856773808758,-0.004543704905714874
2014-03-10,-0.0005311195116941558,0.0014161618099062245,0.0003099275393667611,-0.008368233869807895
2014-03-11,-0.004942266488017988,0.00264076427281279,0.005653184387327759,0.0003836235245249231
2014-03-12,0.0002669702657087658,0.00695991539225882,0.014631094159512248,-0.0026839888778864562
2014-03-13,-0.01121347938562145,0.013450568510992467,0.003415393334794903,-0.004613754212635546
2014-03-14,-0.002807676023111938,0.0001839002743635465,0.006731709737936908,0.0054076338288509
2014-03-17,0.009043292902146671,-0.007464200162436985,-0.010969246032428437,-0.011141136870051693
2014-03-18,0.007137895678246631,0.003621254948229291,-0.007748437231769989,0.005050605092711047
2014-03-19,-0.005328577550604674,-0.007770620668160366,-0.019369153834579822,-0.00038658928485779676
2014-03-20,0.005839520786978802,-0.0017713380167958537,-0.0017955791561766743,-0.004640429322809281
2014-03-21,-0.003879106302860591,0.010834659382823464,0.0047708478604697735,0.0007770835893372574
2014-03-24,-0.004135196338493796,0.0071138750172305976,-0.01782518014920287,-0.00038815252011881185
2014-03-25,0.004745851424877934,-0.003761353638358944,0.001822819435546963,0.006601856005382878
2014-03-26,-0.007192338156539968,0.007827279806908116,-0.007910766324103369,-0.0007716001027755492
2014-03-27,-0.0021081598742646035,0.005025840978094109,-0.006538611755630641,0.008880296739260052
2014-03-28,0.0049300412617938605,-0.005636771840276222,-0.00024077999982852205,0.0003826563099653679
2014-03-31,0.008194486578952942,-0.0024692897859305285,-0.0076268221488628996,-0.0007648472674575135
2014-04-01,0.006630788955697131,-0.00854626556119542,-0.0017798011456744423,-0.012251328300410314
2014-04-02,0.003346297517773378,-0.005746155450670365,0.007537080069503599,-0.0023256541973616374
2014-04-03,-0.00132323390862088,0.004381384506631836,-0.003217515499202128,0.008158588859674909
2014-04-04,-0.011822396647222733,0.006683076845360736,0.0133150544727203,0.004624248309702095
2014-04-07,-0.011051435549890853,0.005992640847072295,-0.00525600091039935,-0.0023013949946346646
2014-04-08,0.004122702531703437,0.0023832126815417354,0.009446742784294582,0.011533865105109564
2014-04-09,0.01075068936104695,-0.00493725962886582,0.0018241205774742753,0.0026606116628564713
2014-04-10,-0.021005584016573153,0.009280137899241314,0.0054623372630875355,0.00037911545087454535
2014-04-11,-0.009008292383292371,0.008102257961351,-0.0006298860696725139,-0.004547148389122069
2014-04-14,0.007878196782295621,-0.0026184847272611167,0.0072480750550174555,0.009135838792894369
2014-04-15,0.006887367177695447,0.0062477682002415325,-0.01845913678934663,0.0007544275707407344
2014-04-16,0.010477975027747277,0.0012591500455394478,0.0003984624480757315,0.001884689615949453
2014-04-17,0.0013966805464986631,-0.010964256984186904,-0.006292822285853816,0.0022572372872105007
2014-04-21,0.003487233780776533,-0.0008171875501359338,-0.004088193476797342,-0.0033783151495822006
2014-04-22,0.004544497144388426,0.0033649152589145803,-0.003702503963152415,-0.00037660299509845174
2014-04-23,-0.0023419570685447866,0.005709804661589546,-0.0001615498728680942,-0.0007534897566960908
2014-04-24,0.0020277519222429152,0.001892592389300729,0.006464087011591069,0.006033058940975611
2014-04-25,-0.008199315247913175,0.0014395657756738345,0.0069846079289843654,-0.0041228704520486215
2014-04-28,0.0031674125707870093,-0.0048508228890942195,-0.004384940209038013,-0.0033872999136383974
2014-04-29,0.004655245815661901,-0.0013536615189255752,-0.00016012686984467894,0.002643445266190758
2014-04-30,0.0029826860393613597,0.004158235074972483,-0.005125735916385876,-0.005273036746578419
2014-05-01,0.00010614726070357072,0.010727236976148635,-0.003381083278200081,-0.007572841509524864
2014-05-02,-0.001433732010396982,0.0061601194461364805,0.01017766135521958,0.0026706764256059223
2014-05-05,0.0019145868143775058,-0.006033230941211332,0.009275577200982044,-0.0022830907150619417
2014-05-06,-0.008703968345587176,0.004016502565724833,-0.001901424983746236,0.0007628577584337659
2014-05-07,0.005889233854476039,-0.0035558569210060176,-0.014367400696601584,0.0026675369879374244
2014-05-08,-0.0010645006981730987,-0.0042830627560676016,0.0,-0.003040564295256898
2014-05-09,0.0014918491306121773,-0.0032256803422887614,-0.0005637408058022375,-0.004956082735325551
2014-05-12,0.009735846624701283,-0.004045124574652337,0.006768766942896631,0.0022986629929089286
2014-05-13,0.000896105242077283,0.008664700533920655,-0.002721337927335199,0.0045872137206424135
2014-05-14,-0.004738195943813639,0.010827871792615129,0.009711068212604923,0.004566267276738589
2014-05-15,-0.008780034768644085,0.00796763432270109,-0.008266440948327514,-0.0060605677347064235
2014-05-16,0.0034686388659253,-0.0028105474720542256,-0.0021639548796237307,0.0011432424201831548
2014-05-19,0.0036691372875765627,-0.007398267418675886,0.0006425849883910928,-0.0007614057786970996
2014-05-20,-0.006304948992035708,0.0022177851226019563,0.0008829716546379096,0.001904793008568273
2014-05-21,0.008424012424563587,-0.006108255123919548,-0.0024059912253092675,0.0019011716700629844
2014-05-22,0.002432190736418871,-0.001425494384099113,0.0022509750033825604,0.0007590085062891827
2014-05-23,0.004008837185013547,0.005352442141818736,-0.0012833563412588678,0.002275384101536382
2014-05-27,0.006146612625099079,0.005856072990957806,-0.02136377492949504,-0.008323906810757897
2014-05-28,-0.0007306750975784038,0.01235040702062351,-0.005334440164288967,0.00038148831399387184
2014-05-29,0.005172451463932415,-0.005316052221070122,-0.0021451692523306587,0.000381428879216994
2014-05-30,0.0016117286669654618,-0.00043788514310449944,-0.004216984669547674,-0.007624808831463881
2014-06-02,0.001141624721454626,-0.007433807419475524,-0.006061640414213421,-0.001152638992063637
2014-06-03,-0.0005182048745474566,-0.012305040355239827,0.002589851260583753,-0.0007691391923274615
2014-06-04,0.0020225428526023936,-0.00026936588554737906,-0.002083159699607484,-0.0026944934692682
2014-06-05,0.006522045924536535,0.00044832556566420934,0.007515042667209704,0.0011578033656840514
2014-06-06,0.004782886333378977,0.0,-0.00041441281485321557,0.004240659399532554
2014-06-09,0.0010239261276023814,-0.001433247864836229,0.0003316550478809077,0.004222578936816435
2014-06-10,0.00010181809535736441,-0.003679047863878515,0.006133426062251646,-0.0026756950028511417
2014-06-11,-0.0034764176103214695,0.0018010224860207646,0.00016479341429698202,-0.0026830464977803947
2014-06-12,-0.007079734384180969,0.008900912977813924,0.010130925709896266,0.014219784248200806
2014-06-13,0.0030482768656587833,-0.0005340313564597965,0.0026092604078342685,0.0
2014-06-16,0.0008245893570115737,0.002496735370002501,-0.00439167956691644,0.0030314322594147125
2014-06-17,0.002779405319792705,-0.00791699677647173,-0.001143599017664032,0.0011333940344335769
2014-06-18,0.007339778533349328,0.007710930001967986,0.0031893964143092646,0.0041508746786940165
2014-06-19,0.0011207044559036206,-0.01281094973231256,0.034808872064872265,0.009770871548821392
2014-06-20,0.0020305656581214304,0.007569468458094919,-0.0034662236721584305,0.001860841498671384
2014-06-23,-0.0003065819983507634,-0.0031302108110965454,0.0027667863566884776,-0.003714854204103335
2014-06-24,-0.006024149760027631,0.010138944591842947,0.0010248709844409287,0.0014914991446444148
2014-06-25,0.00451971195378742,0.002575960287263035,7.870929730446896e-05,0.0014891938950609696
2014-06-26,-0.0007154346680671164,0.004784173387825996,-0.002047362085279003,-0.00408923554325491
2014-06-27,0.0019441710389269673,-0.001499589005742541,-0.0005523529785370629,-0.0018663142323428472
2014-06-30,-0.0005108067554193685,0.0024729900112572256,0.010895228044559557,-0.005983591758081386
2014-07-01,0.006693176720289129,-0.00837235558077054,-0.0026553917191390886,-0.0030097628865340953
2014-07-02,0.001014960917942842,-0.01068707696489879,0.0,-0.0018866528653226355
2014-07-03,0.004918364106738071,-0.0036010665810427556,-0.0042286084497846765,-0.0018904749370481921
2014-07-07,-0.003481302007327325,0.007317536301306937,-0.001101030316222662,-0.007954537880001111
2014-07-08,-0.006430131432434538,0.01121248829899657,0.0003936628332492642,-0.0026726297337940075
2014-07-09,0.004484338194948423,0.0007982244947215555,0.0060596257567928635,-0.006891571905285665
2014-07-10,-0.0039573539984318895,0.00026614756809317797,0.005475570778272321,0.0015421844679446295
2014-07-11,0.0013756211942421714,0.006378625129572324,0.0018671659071103353,-0.008852951116857133
2014-07-14,0.005035338489595809,-0.004313185320053758,-0.02376143490914273,0.0038833828641919865
2014-07-15,-0.0018727709492522004,-0.0020337829148778797,-0.009465498169358044,-0.009284274753091348
2014-07-16,0.003701475613312466,0.005316122352004626,0.0035333047917720517,0.001561880049021802
2014-07-17,-0.011366080944746892,0.01260364460238561,0.016964032139549223,0.0023391665759262548
2014-07-18,0.010218923674216507,-0.0032207388455320896,-0.007553695114762116,-0.006612127785915578
2014-07-21,-0.001870974848498852,0.0049771264057594244,0.0016649416399394656,0.004698393921140909
2014-07-22,0.0043579672339191244,0.0020856015736481215,-0.004749077817894021,-0.004286844947883117
2014-07-23,0.0022198078683601796,-0.0013005905904185378,-0.0009543114301425737,0.0027398414213797295
2014-07-24,5.026157155252342e-05,-0.007466454966373326,-0.010109888908559905,-0.001170996792307144
2014-07-25,-0.004681606598496035,0.0118087283005337,0.011580236904513708,0.003907751842373797
2014-07-28,0.0004049074022074439,-0.0013824715285080114,-0.0016694417914320248,-0.0019463142886148033
2014-07-29,-0.004297451578193057,0.0036354381879943887,-0.003025998385664419,-0.0031200173233596473
2014-07-30,0.00015255233800681722,-0.013887631894646812,-0.0029552326374293614,-0.004303616156769663
2014-07-31,-0.019748345983298554,-0.0029737438507925207,-0.011535707925047989,-0.005108155603369413
2014-08-01,-0.0030555970601475746,0.007740540373834204,0.008023323354133804,-0.007898755787140166
2014-08-04,0.007220828714788352,-0.002619143211459063,-0.003135547501692204,0.007563601131652664
2014-08-05,-0.009696448905622046,0.003238207461563336,-0.0009677806214606344,-0.00474117921390016
2014-08-06,0.00031276001577995594,0.0006111428100130656,0.014531326248904408,0.006351776331780856
2014-08-07,-0.005414944457760806,0.00932872662378359,0.0040582648496965135,0.0019723295390479123
2014-08-08,0.011569453501065974,-0.002160130124850057,7.92687922512858e-05,-0.004724468476201449
2014-08-11,0.0028974531615586496,-8.558924214474573e-05,-0.0018226749543046594,0.0015822685965642957
2014-08-12,-0.0013932650095199728,-0.006493216865244511,0.00023816115842256735,-0.006318986809419114
2014-08-13,0.0067691111991814434,0.006535654285878989,0.0016667917138923904,-0.0007949971669370948
2014-08-14,0.0047217190359754024,0.008050981871294605,0.0008716371870964856,-0.01193318900243423
2014-08-15,-0.0002041947239782571,0.010906676460876508,-0.006571088731714414,0.0040258304898850295
2014-08-18,0.008379223758550935,-0.009939138181835006,-0.004144120645117932,-0.00842029087109808
2014-08-19,0.005218838424788874,-0.003089645203510627,-0.002240707277115117,0.0020218688059570056
2014-08-20,0.0026717354042238295,-0.0016358173713868496,-0.003689437627099168,0.0028249775760746942
2014-08-21,0.0029157579549392576,0.005604067455234452,-0.010787344663637177,0.0024144714677016843
2014-08-22,-0.001554010929992189,0.0055728369013223755,0.002522828734679683,-0.0016058611259340827
2014-08-25,0.005070552272538942,0.003751562467533942,-0.003652930990489689,0.0016084440637291753
2014-08-26,0.0006492410916945079,-0.003227834919196093,0.004969860037219664,0.00040130678749172866
2014-08-27,-0.00039907311449827176,0.00852145465714238,-0.00024320048372894476,0.0016051264098155826
2014-08-28,-0.0005492707717590362,0.0052387078407933885,0.0055141121217852085,0.0008012770539469471
2014-08-29,0.0028480991117978416,0.0006727641911197235,-0.0011290273358744995,0.0020017242790080214
2014-09-02,-0.0004983616361212695,-0.017250079190582412,-0.01784271817844607,-0.014382739450785942
2014-09-03,-0.000548657185260315,0.005567461953986497,0.004110152024072278,0.004053480520019637
2014-09-04,-0.0014462977606817251,-0.012182436543639041,-0.005485044294521457,-0.004037116148355335
2014-09-05,0.004495339259324105,-0.0018969106679610492,0.004774400606131213,-0.001621483657089029
2014-09-08,-0.0025852134513127956,0.000432278874519465,-0.010896233231708075,-0.0048720766166335805
2014-09-09,-0.006331489811944868,-0.0007781526280796758,0.0011596072704027627,-0.008160159409049572
2014-09-10,0.0037627482771118714,-0.006310083467658711,-0.0050467493711445766,-0.006992825280152437
2014-09-11,0.0011497119750440987,-0.00330541573875498,-0.006569107778930827,-0.004970971359018139
2014-09-12,-0.005841648287679635,-0.010473242106186054,-0.009123662477173111,-0.007910166045955735
2014-09-15,-0.0007531929872175436,0.0014996105414635252,0.002196335041923403,0.001258956860799021
2014-09-16,0.007538169862982835,-0.004050577748307749,0.0016015040659451696,0.009220584207032312
2014-09-17,0.001347120906056043,-0.0025643511341970626,-0.010855852020951628,-0.00415298484250004
2014-09-18,0.005330478611758949,0.003191343823782944,0.002041839900460918,-0.009591219509349713
2014-09-19,-0.0009014561165447965,0.012724954678269507,-0.00585840081981337,-0.0029473972984788155
2014-09-22,-0.0077231083160203,0.0012214975377415893,-0.002049687174615289,-0.00844598811039321
2014-09-23,-0.005724184090178164,0.006188799801319034,0.006418485321299405,0.0
2014-09-24,0.007827652803579888,-0.005543835839275202,-0.004676831883499655,0.0042590132667792435
2014-09-25,-0.016135466696451828,0.011845129293312384,0.0029047102009922554,-0.0021203798237278138
2014-09-26,0.007945415088218777,-0.0014632277616507539,-0.0028111579586888036,-0.001700042541812441
2014-09-29,-0.0018190893534137942,0.008017852549327964,-0.0002562684087009659,0.005959849435382747
2014-09-30,-0.0026322888773899766,-0.005645406146285725,-0.007006747871292629,-0.01735067063761886
2014-10-01,-0.013551893836223128,0.019391850337746375,0.004818841433659182,-0.0034453811721932848
2014-10-02,0.0001543517541717776,-0.008711755881161798,-0.00025690485706331145,-0.003889198545871997
2014-10-03,0.01100917185719763,0.004265766434673912,-0.018245650954213488,-0.009544505234326595
2014-10-06,-0.0011701392928898935,0.000595173105442548,0.012389827775788786,0.01270255276416865
2014-10-07,-0.015436301881314618,0.013500902797167313,0.0028441078559553468,-0.003892757663564783
2014-10-08,0.01748946819110664,0.00025080088726836536,0.009539365800353972,-0.003907970445465314
2014-10-09,-0.019833085861757915,-0.004356015885419673,0.0014471624004321892,-0.011769907788178102
2014-10-10,-0.011414704850603918,0.009927883369788448,-0.0004250514452333043,-0.0035288708608415265
2014-10-13,-0.016426697768258003,0.006080062440866785,0.007908838626913939,0.0
2014-10-14,0.0015473525869640348,0.006540873190981067,0.0005906150591197257,-0.01505101327463676
2014-10-15,-0.006766284321891636,0.007896888567800353,0.0033729786510761084,-0.012584293861122475
2014-10-16,-0.0008580484737606975,-0.006365755411773311,0.001932963787401043,0.010013901864624364
2014-10-17,0.011811090756121079,-0.005585110682092109,-0.001929234646691591,0.0036051030014905283
2014-10-20,0.009709300491989481,0.003634631851289871,0.006807338453066025,-0.007184508449243343
2014-10-21,0.01981098041634821,-0.007983341154387591,0.0018363404482848456,0.008141061530752225
2014-10-22,-0.00711109384046249,0.001078901167622659,-0.005665725080780226,-0.011215772627494625
2014-10-23,0.011625214580194054,-0.008867252427401828,-0.006871122171836941,0.011796761914452114
2014-10-24,0.0076947185154361275,0.0010041258194823932,-0.0014343416618317617,-0.006277987527387507
2014-10-27,-0.0013742670040127747,0.0018366959590201404,-0.0024503668717051896,-0.0027074623297859146
2014-10-28,0.01147032084191757,-0.006252919179030592,0.00033881853595230105,0.008144641915056594
2014-10-29,-0.0015123072262334114,0.002265336495873127,-0.0143098631147065,0.011669788142012028
2014-10-30,0.006410740836514828,0.0008372622859023071,-0.010480209452138567,-0.008429554878785384
2014-10-31,0.011435439381280554,-0.0025935019376523982,-0.021963701064975805,-0.00134232388181732
2014-11-03,0.0005454716777970603,-8.920837379911006e-08,-0.004526913897145546,-0.008960315167623856
2014-11-04,-0.0034691570999562105,0.0031106962723117526,0.0006241613363515697,-0.01446685964788097
2014-11-05,0.006315903052010574,-0.001424330781970573,-0.021653896620413504,0.002752483465126021
2014-11-06,0.00400302351930093,-0.006462091364674127,0.0008197134269072315,0.0009148040246009792
2014-11-07,0.0009354594256931748,0.011487178696527822,0.02812162399457141,0.004570355165831375
2014-11-10,0.0031475907370197564,-0.009185801611711453,-0.02221830671070646,-0.00955402898745894
2014-11-11,0.0009805528540571817,0.0006744778856044853,0.014303837082656479,0.0050527409697425085
2014-11-12,-0.0010772968201094857,-0.0008426855067835692,-0.004819715379460576,-0.0031993001711317914
2014-11-13,0.001127363579353391,0.002360310711176705,0.0015246472551149193,-0.01834009613603238
2014-11-14,0.00024479514667019586,0.0048778232713651,0.025073906131185764,0.010742522452216408
2014-11-17,0.000636438939513484,-0.002510467906029823,-0.0036690675676288587,-0.004158886737788525
2014-11-18,0.005773932125213932,0.0027691148030069,0.008768083938990978,-0.005104218989378073
2014-11-19,-0.0016054462636369005,-0.00635942963934788,-0.011907889702234109,-0.005130826608155337
2014-11-20,0.0017542039890965366,0.005220507976818611,0.010380016731246,0.008438871226670752
2014-11-21,0.005350525949526785,0.0060315822682806,0.0046143024245213216,0.010692685660968815
2014-11-24,0.0028065281347076088,0.000832896090866786,-0.0024265428614084206,-0.008739646977122817
2014-11-25,-0.0007236867281589232,0.008318674577744822,0.002345553311048576,-0.004640341839038942
2014-11-26,0.002558908160918749,0.00272310504723583,-0.0019066874375581744,-0.0023310400868846726
2014-11-28,-0.0021187805270784787,0.007898698956660954,-0.02648491624493876,-0.04579452454823674
2014-12-01,-0.006949940900490947,-0.005833651942877105,0.03987156539441128,0.0205680537465609
2014-12-02,0.006463436465037109,-0.009711453770790746,-0.012352053686644049,-0.02111311348111755
2014-12-03,0.0038632209365747627,0.0039056394963272734,0.010335265309313835,-0.005882426451421896
2014-12-04,-0.001106141515706982,0.008361975639795016,-0.003868344971663107,-0.0029586726955537213
2014-12-05,0.0016373459056691075,-0.005829261980625944,-0.012512918386347494,-0.002472505096194455
2014-12-08,-0.006682810645452841,0.012222498438522855,0.011797592156958414,-0.01735255989378559
2014-12-09,-0.0006775958858413755,0.005140087734461174,0.020815371286221795,0.007063413297097032
2014-12-10,-0.016031326030451543,0.007305100420959221,-0.00194604748441074,-0.015531135117111683
2014-12-11,0.005069845577757137,0.00410910119714325,-0.0022888830549503414,-0.00916013426535911
2014-12-12,-0.01616121002122739,0.013562806994706023,-0.002379121195415723,-0.008217834906812604
2014-12-15,-0.006869678962224235,-0.00205879339851478,-0.025721865073372374,-0.01605381617534607
2014-12-16,-0.008019804653423224,0.012376816522606138,0.004895511509587669,-0.005789377880247248
2014-12-17,0.019604646557363603,-0.009012192145808173,-0.005915618296901348,0.005823089948389093
2014-12-18,0.02472915878296189,-0.017794078833665794,0.007701101852319869,-0.003157874863612964
2014-12-19,0.004254915110998514,0.013446284682207432,-0.003300085781823392,0.014783552712452241
2014-12-22,0.004600136193656512,0.001350720335108635,-0.019342978620211615,-0.018210258355157216
2014-12-23,0.001349556503696725,-0.019835114671061027,0.0016880924643276618,0.010068769443029701
2014-12-24,9.603197651419926e-05,0.005443329540804065,0.00026608816627016196,-0.013116393559630346
2014-12-26,0.003224942017370447,0.0037109632393519387,0.018267316212737805,-0.0010630776815515608
2014-12-29,0.001343099005761017,0.007475336993151505,-0.010101921480555665,-0.00957974219571045
2014-12-30,-0.005366075094428546,0.0027124424879918507,0.013460005313124634,-0.0010746843167857012
2014-12-31,-0.009923002321293506,0.0019095551486403295,-0.014062457987002785,-0.007530640823517398
2015-01-02,-0.000535113329615533,0.01111856878267159,0.004402183412038685,-0.011924346932067675
2015-01-05,-0.018059717853102453,0.015708118861377462,0.015077149308345472,-0.014262238895285995
2015-01-06,-0.009418740684946858,0.018017597724990786,0.011398960794795743,-0.009460152079296957
2015-01-07,0.012461063509998205,-0.00197472734236126,-0.005891414149803653,-0.006179862862647156
2015-01-08,0.017745176234150284,-0.013243221357062684,-0.00420851895976293,0.003957140679070825
2015-01-09,-0.008013560969185152,0.010952630987463685,0.011385196369055883,-0.001689305490099935
2015-01-12,-0.007833650755291854,0.005722344640954891,0.011086435260788896,-0.02199660600125608
2015-01-13,-0.0028125359212722856,0.0,-0.003373767752371082,-0.004036883670224922
2015-01-14,-0.006037122792949545,0.007585739739072617,-0.0016080097792615655,0.01100166813074721
2015-01-15,-0.009160533509913082,0.015735822108603248,0.025175902263040006,-0.013745619213786253
2015-01-16,0.013114194141829127,-0.012749509711053597,0.013064281211881523,0.019163708058876905
2015-01-20,0.0021323948291875894,0.013289227356610755,0.013712049879254229,-0.013675256964635674
2015-01-21,0.005047890276244749,-0.011558480285979611,0.00024159749942587183,0.006354864418741446
2015-01-22,0.014870948586831023,-0.003598725761509547,0.008049585228834255,-0.0011480983399002609
2015-01-23,-0.005482511274830015,0.013918123671716298,-0.007985306821000182,-0.006321734087303077
2015-01-26,0.002341614542415771,-0.00304212325040476,-0.00998152990144674,-0.0034703873070451863
2015-01-27,-0.013190645892348751,0.0015634101166577263,0.011464376669647391,0.0052234801146564536
2015-01-28,-0.012824096709607158,0.016348136517362777,-0.00787784039319106,-0.0144341540796743
2015-01-29,0.009243516215219127,-0.0065805407056525045,-0.021552390797103027,-0.004686687084767938
2015-01-30,-0.012575124990351627,0.0177368259834656,0.022275544587827323,0.024131957227486955
2015-02-02,0.012384062079799918,-0.003774384751293103,-0.008343449208254805,0.013792886159386786
2015-02-03,0.014461076978756537,-0.02116653477050301,-0.011190942147351168,0.02777786304041263
2015-02-04,-0.003807382294134687,0.0017084227128150165,0.0043783458565487265,-0.02206286637077537
2015-02-05,0.010094960377502238,-0.0109792287419761,0.0017272502164005221,0.01353642186413162
2015-02-06,-0.0027654557942917712,-0.017701413610619166,-0.025864204796777424,0.0027824604430304323
2015-02-09,-0.00447580554928706,-0.0016036616659562686,0.004467285755423989,0.009988900665052425
2015-02-10,0.010653264190480183,-0.007953847586873453,-0.005873936049321848,-0.012637406704010479
2015-02-11,0.0005804187196738475,0.0018496631089801596,-0.011817350480741395,-0.007790713477068056
2015-02-12,0.00961661380641643,-0.003308770786419113,0.0023062837940568404,0.015143111379919416
2015-02-13,0.004116860844090908,-0.010269039622213705,0.005454295543013465,0.011049590505350482
2015-02-17,0.0015730686144632688,-0.015055195776523478,-0.01669775525216033,0.0005463830110388201
2015-02-18,9.486538259317889e-05,0.0059394655391322715,0.002844532329830063,-0.012015155820175538
2015-02-19,-0.0007137525317379989,-0.006613648114933479,-0.0034381460295276334,-0.003316790846004003
2015-02-20,0.006000542624720051,0.0029329493382184157,-0.005692631086866906,-0.003882518786643585
2015-02-23,-0.00014193042872956418,0.011458666304904774,0.0013011929863573357,-0.006681410123668852
2015-02-24,0.0028406732917849453,0.013126507966611412,-0.0014727381832787545,0.000560471342235358
2015-02-25,-0.0008499886098386478,0.004318486465880067,0.0038174111040851777,0.015126271760762311
2015-02-26,-0.0011814470478662686,-0.013668305740591302,0.0031979494930112207,-0.008278341112052612
2015-02-27,-0.0034060853352186893,0.008408459930748347,0.0007754283408443197,0.011129653454174937
2015-03-02,0.006313783675237605,-0.018627592164140117,-0.004132260173905,-0.014309397567862425
2015-03-03,-0.004104208680873245,-0.0036251377613732982,-0.0018153447779967191,0.006141971251684808
2015-03-04,-0.004215446715553073,0.0003167780648714036,-0.0031176981600916642,-0.00887896717029435
2015-03-05,0.0010941517973059867,-0.0012655458188591817,-0.0009556129768769628,-0.0039194110575822005
2015-03-06,-0.014064566380791232,-0.022092283246485933,-0.02730434251868208,-0.012366546434945058
2015-03-09,0.004144499284233882,0.00923140349101148,0.000983377523255502,-0.0028457419130050177
2015-03-10,-0.016221700084597668,0.013157304800494929,-0.004912057209624399,-0.013127706663160654
2015-03-11,-0.0023418606464044034,0.007285146272129506,-0.006013266738071565,0.0052050916498540545
2015-03-12,0.01271363544266424,-0.0007072279724713582,-0.0002708693390236494,-0.004603028168291945
2015-03-13,-0.00613180034756744,-0.0030681206066064393,0.001445050857576513,-0.020231023349783106
2015-03-16,0.013360593966121437,0.009627256691936648,-0.0006313103946443688,-0.0011800665647517805
2015-03-17,-0.0029727609683551925,0.008285471108978593,-0.005414660114975933,-0.0070879650577581055
2015-03-18,0.01202172288443526,0.019302283329726055,0.019598980855210835,0.02736462548815921
2015-03-19,-0.004561853432783036,-0.005095375720230111,-0.0007119500676271429,-0.016792215729495186
2015-03-20,0.008827188187550572,0.005274320071417371,0.011399045051747603,0.013545396646471808
2015-03-23,-0.001948764860140506,-0.0012163726965942478,0.006339713151693793,0.011621274766070888
2015-03-24,-0.005618893128584435,0.009668559414853117,0.002449897428068226,-0.008041434066972553
2015-03-25,-0.014653838308863465,-0.008445406682287326,0.001396558108890389,0.002895241140876248
2015-03-26,-0.002381248822983628,-0.015589325099356066,0.00653708688272836,0.01212483010434151
2015-03-27,0.0022892764974213886,0.012437456429351013,-0.0036370435238182175,-0.019965837529105523
2015-03-30,0.012200329359818518,-0.00495904294815297,-0.01138534318086215,0.005238550568749556
2015-03-31,-0.008739766103561752,0.002146363996283318,-0.0007911765968406925,-0.011580703295523298
2015-04-01,-0.0035360479828463465,0.013134860939757242,0.017068403567705115,0.01816040031584687
2015-04-02,0.0035968749896624352,-0.010596069758101678,-0.0027681634865752702,-0.00517813896198116
2015-04-06,0.006733588603802687,-0.005583364462707019,0.012231121417765056,0.01272403580345216
2015-04-07,-0.0026465373614125154,0.008384343624147084,-0.004970450072155241,0.005139887264559606
2015-04-08,0.003377282515959701,0.00030523137740101625,-0.00551200918339656,-0.019318187426257794
2015-04-09,0.004423394863595442,-0.012963970301800187,-0.006928232816320268,0.0
2015-04-10,0.005457089695954265,0.0014675915189812372,0.011336906536289382,0.010428736206780531
2015-04-13,-0.004522644832681499,0.0013888752727293507,-0.007157039081814864,-0.0045871268868376
2015-04-14,0.0019130433405905034,0.007087906366461505,-0.006079528851422933,0.004608265585807958
2015-04-15,0.004486760636775999,-0.000841480742591938,0.008650802539753588,0.020068809490514594
2015-04-16,-0.00028517298017916026,-0.0049765081092694174,-0.0034653168571547877,0.010680089671284643
2015-04-17,-0.011503363736857897,0.011465048036156889,0.004955226470251928,-0.0022248056228069135
2015-04-20,0.009136817368628813,-0.008824827920768996,-0.007612433088526105,-0.004459092695958788
2015-04-21,-0.0011914316477548148,-0.0045282339959960005,0.005753103431764384,-0.007278978431807359
2015-04-22,0.0049141676786979005,-0.01526609388855027,-0.013433831333510171,0.003384200899582135
2015-04-23,0.002516010140177549,0.004306148766672235,0.007291591124513719,0.012366546434944947
2015-04-24,0.0023209633970773247,0.006237117048430996,-0.01404151891618688,-0.000555306170932246
2015-04-27,-0.004158050223490917,0.0,0.02016805588455428,0.0
2015-04-28,0.0031786983409165526,-0.01379113661152831,0.008670770693864016,0.0016666561175491257
2015-04-29,-0.0041141693519824996,-0.01225551548937498,-0.007048909841977813,0.006655594550847299
2015-04-30,-0.01002044141401659,0.0017495883505782572,-0.017660816187341055,0.007713449724323862
2015-05-01,0.010841051346604846,-0.013460958791885691,-0.0034370263986326366,-0.001093486833474877
2015-05-04,0.002847543281532028,-0.00943585280914816,0.009020132884241638,-0.0005473419279290459
2015-05-05,-0.011451908320680881,-0.0013841498881937975,0.0028045547686559313,0.008214625127690445
2015-05-06,-0.004116829100487385,-0.01712019209120741,-0.0005243625201353241,0.0
2015-05-07,0.0039895787052268705,0.013437084981021474,-0.00821967852736405,-0.015752087534703918
2015-05-08,0.013166096008462524,0.002700764783502674,0.004849259924502469,0.00551860356072198
2015-05-11,-0.004772620913479186,-0.02432439461271141,-0.0038606864674344266,-0.004390937369754044
2015-05-12,-0.0029911891992004946,0.002593082535412794,0.00854400802548061,0.010474212479919975
2015-05-13,0.00019066867337347304,-0.008010471437705391,0.01790395678391099,0.001091039085341361
2015-05-14,0.010427509409242086,0.0026914546029832564,0.005405381698172951,0.005994636135538967
2015-05-15,0.0010835455850912723,0.020051055676431506,0.002986844796122101,-0.0005414639741304628
2015-05-18,0.0031067899306000957,-0.016777893509779207,-8.510283616403047e-05,-0.0027103150690828137
2015-05-19,-0.00032854763047429625,-0.008866588871422776,-0.013869956602948319,-0.021195519633696147
2015-05-20,-0.0007040153652324577,0.0016878171567382694,0.0016395067944336983,-0.0022210994172792153
2015-05-21,0.0029126425793184474,0.013986461052014176,-0.003359746584222556,0.012242675294976468
2015-05-22,-0.002388985068111138,0.0004156505811139244,-0.0007779753253159827,-0.010995106705593782
2015-05-26,-0.010751568465934058,0.01710936722012657,-0.014619332476808355,-0.019455381739734823
2015-05-27,0.009491866097365964,0.0022864423791872923,-0.00017561471177085508,-0.013605230760337261
2015-05-28,-0.0011281723253829812,-0.0024444030027894748,0.0011414281685366845,0.005172316102522556
2015-05-29,-0.006212994677111006,0.002205498990508703,0.0007016473724792416,0.01257853765970185
2015-06-01,0.0020365332161520477,-0.010747854763548448,-0.0008764108278561666,-0.002258596999798468
2015-06-02,-0.000992596942707591,-0.013952117423608912,0.004035079688356591,0.011884604168698853
2015-06-03,0.002649758147464709,-0.01607520640591642,-0.007164072177032299,-0.012863580510133366
2015-06-04,-0.00844669883365734,0.013019619931677884,-0.007039801619628361,-0.009065099609364746
2015-06-05,-0.0017133929530249725,-0.01218018397256282,-0.005317250031845466,0.004574078189836017
2015-06-08,-0.00614932638044452,-0.0011049356251610076,0.002940144666210953,0.0005690841808658753
2015-06-09,-0.0001442288734913033,-0.007917597515938901,0.002220840372015198,0.015927347518252866
2015-06-10,0.01199354467249325,-0.008751988466245142,0.008509121495031247,0.003919221579801402
2015-06-11,0.003223411800142184,0.02103564060108032,-0.004570193783136389,-0.008923410340984317
2015-06-12,-0.007654794133424625,0.0,-0.0002648664906503839,-0.010129493640850029
2015-06-15,-0.004285273179487903,0.0016109451705870192,0.004415790737229308,-0.004548009783992613
2015-06-16,0.0054512560544226485,0.007871897495901559,-0.003605061549348698,0.0028554929247552874
2015-06-17,0.001617072195752689,-0.0077273270624115264,0.004677010066397758,0.002847298063555881
2015-06-18,0.010399465473255987,-0.0049086588136032505,0.012911736850284239,0.0
2015-06-19,-0.00443925475973983,0.012843561420873062,-0.0017342780850801987,-0.009085689699227406
2015-06-22,0.005123540208626043,-0.020406322563873758,-0.01285617895780966,0.003438438276345046
2015-06-23,0.0007074860156850438,-0.006000988151240061,-0.006599788842205134,0.011992877018799586
2015-06-24,-0.007262680495658258,0.00862451900732264,-0.0026574812063053788,-0.006771776669444729
2015-06-25,-0.003040517365274442,-0.003506262134094773,-0.0013322133525454083,0.0011364205182773368
2015-06-26,-0.00019055193783035218,-0.011240403606039284,0.001067192410014739,0.004540138013332751
2015-06-29,-0.02097002879758003,0.02646886384386815,0.0045309359212182265,-0.004519618322381458
2015-06-30,0.0020930865333095294,-0.006932788117867794,-0.006190828249150737,0.02156632776854117
2015-07-01,0.008015763736701986,-0.013498594235877404,-0.0034706717105629226,-0.012222207530051987
2015-07-02,-0.0009159669757963229,0.0032871832254919298,-0.0019646473844252554,-0.0016872783841208605
2015-07-06,-0.0028462942821628756,0.018533926149818747,0.002684282539629823,-0.032676166432853204
2015-07-07,0.006289088233598861,0.0093954880460565,-0.011600887477117294,-0.005824009775774686
2015-07-08,-0.016777265486877524,0.008636050075440771,0.002979362543296782,-0.004686687084767938
2015-07-09,0.0018088737628922935,-0.01970230238274684,0.0024305003273175085,0.011771689691137066
2015-07-10,0.012591645864738599,-0.01585808736084693,0.0011673603870820948,0.004653839210642774
2015-07-13,0.011037123933183457,-0.0031016398029927172,-0.00448470723455352,0.0005791657987670451
2015-07-14,0.004338246796547152,0.0032841092766842106,-0.002252455219495131,-0.0034723305675411487
2015-07-15,-0.00033227650582712265,0.010597197011992021,-0.005237440968471563,-0.011614394326180943
2015-07-16,0.008024385818434787,0.00690552196227312,-0.0036310957932229604,-0.004700256655394197
2015-07-17,0.000847671390741489,0.005164318045939975,-0.010112979124889843,-0.005312901575678208
2015-07-20,0.0005179224153428752,-0.0042110094662234365,-0.027151445340146352,-0.01602377085506257
2015-07-21,-0.003951321727362456,0.005413104734123042,-0.003121988752958438,0.004221859412911533
2015-07-22,-0.0017945607772955618,0.006226066127568153,-0.005409506310776968,-0.014414392319622937
2015-07-23,-0.005629914247732626,0.012458494442702861,-0.004484744341763047,-0.008531329936107501
2015-07-24,-0.010372183363929088,0.002477032256140932,0.009776637833459612,-0.007990323532947707
2015-07-27,-0.005817566151420928,0.005354444396018732,-0.00465114258060384,-0.019206751262458077
2015-07-28,0.01228318219090374,-0.007292282390760518,0.0015258061394580746,0.008212203129337903
2015-07-29,0.006879073578573092,-0.00371465662746695,0.0014283139466164663,0.003132883051778279
2015-07-30,0.0002370529782147468,0.007705569088987119,-0.008557588110186587,-0.0037477044068694454
2015-07-31,-0.0015176476236122838,0.0073993060029899915,0.006329756242044127,-0.013793087352801603
2015-08-03,-0.003372991083635646,0.010526558727816271,-0.007910052688847147,-0.016528964735287532
2015-08-04,-0.0019537871244416083,-0.007932033964140106,0.0020172823011603835,0.0058177481349497295
2015-08-05,0.003295144342845946,-0.007506314514425294,-0.0036429610038530846,-0.0038560168107544257
2015-08-06,-0.00818780488314863,0.008878292972541058,0.004426047177157111,-0.0006452299812594875
2015-08-07,-0.0019199438659959212,0.013118544029870005,0.002490680503407061,-0.003873369671404059
2015-08-10,0.012599528441789687,-0.01238585780698942,0.010224554985406531,0.021386845700150703
2015-08-11,-0.009023605252796663,0.015879562236895017,0.005107840610028225,-0.013324860743373912
2015-08-12,0.0011983333317253653,-0.005450938548321571,0.014022189288677822,-0.003215413790567001
2015-08-13,-0.0012443790509115704,-0.003224304508621656,-0.00825985512434746,-0.0045161004384230985
2015-08-14,0.003642271505264416,0.00234497186572602,-9.360037594363657e-05,-0.006480913285992873
2015-08-17,0.005586554097201102,0.004518285317819615,0.0026204846354274114,-0.003913943140062437
2015-08-18,-0.0028965171052592886,-0.00787049320547728,-0.00018665773900006233,-0.005239071754768787
2015-08-19,-0.007905520049290349,0.009875389891214725,0.013444145581183786,-0.01119142933037598
2015-08-20,-0.020881091024706477,0.01009938392681442,0.017411325071518213,0.0026630988452018833
2015-08-21,-0.030102916436777538,0.0030153608654495123,0.006247689213677798,-0.016600309719847717
2015-08-24,-0.042106601177829495,-0.00031640449823233663,-0.005399068558895714,-0.024983190074481576
2015-08-25,-0.011767753230854106,-0.016065597626437667,-0.01239478089494117,0.004155254922608487
2015-08-26,0.03839369953154592,-0.019303365057840804,-0.013649738394807875,-0.006207012546431856
2015-08-27,0.02473525071101923,0.0005742846846601424,0.0005573064828525709,0.0360860602080153
2015-08-28,4.97793040981076e-05,0.002950683817326105,0.009003931691107248,0.026121813954078643
2015-08-31,-0.008079091152297657,-0.007682156466934709,0.001103981140304633,0.02415150754745654
2015-09-01,-0.029847607977719126,0.007205665331845967,0.0034919799162251852,-0.03314199334084489
2015-09-02,0.018981303953386153,-0.00860440136402163,-0.005311302361437398,0.008569490353830034
2015-09-03,0.0007162960824091957,0.004876673868817294,-0.00718105679403469,0.006535979998136154
2015-09-04,-0.015137021321041444,0.009130764297591076,-0.0032455349221680585,-0.012337730211284148
2015-09-08,0.025131280717654247,-0.014753683381816707,0.000279084378947525,0.0072319644015945705
2015-09-09,-0.01337184203337205,0.004798333657394016,-0.012927822107945297,-0.013054749543194188
2015-09-10,0.005441842591609625,-0.006751647041553066,0.0023556016816155267,0.008597829716642025
2015-09-11,0.004544448285139113,0.006300406329741826,-0.002067997715628156,-0.0013113932923146665
2015-09-14,-0.003710852832884637,0.0015649189741033798,0.0005651616100608159,-0.012475373070211515
2015-09-15,0.012499896124428034,-0.01916440294255084,-0.0030126124190049675,0.003324522142130526
2015-09-16,0.008666517518486572,-0.003773667099535194,0.013314409937664529,0.01656715781951168
2015-09-17,-0.0022480795920195584,0.012204857245454948,0.010250732723341871,-0.0065188640778234275
2015-09-18,-0.016341416548102172,0.01538525741068053,0.007379350570420495,-0.015091842584330717
2015-09-21,0.005167746110007698,-0.016298665631949594,-0.0062265388780913256,0.011325786466396925
2015-09-22,-0.01297986372797344,0.013904719906114416,-0.00681837162160448,-0.005928816306269735
2015-09-23,-0.001598738511091602,-8.241471356873475e-05,0.003989241131120869,-0.00795238525958386
2015-09-24,-0.003615829410495097,0.006815814895289707,0.020975758801157207,0.006012137152109576
2015-09-25,-0.00025918382390899275,-0.008645755871230176,-0.006154405994415857,0.005975982667672852
2015-09-28,-0.025097027950488515,0.017113713470148673,-0.012658222571280353,-0.01386137390111608
2015-09-29,0.0005848218254458359,0.0028313283693757185,-0.004058244045771819,0.00669347398555753
2015-09-30,0.018658258826407925,-0.0034683233894765575,-0.010372316278596583,0.007313783709106403
2015-10-01,0.0026094905265470203,0.004266561351036202,-0.001216519302596475,-0.006600544325816915
2015-10-02,0.014937681165463124,0.006057612639387644,0.021174875253005654,0.006644400989063826
2015-10-05,0.017794728695372575,-0.013567789503860395,-0.002018545050144094,0.013201386479892552
2015-10-06,-0.0034261033351735692,0.004313340801262333,0.010021182319808863,0.019543850425867815
2015-10-07,0.008190456464956863,-0.0033226931980236962,-0.0014564323795780432,-0.0019168489465511973
2015-10-08,0.009026829034241235,-0.0083742158419422,-0.005104809244962594,0.0044814059027167286
2015-10-09,0.0005961334933639595,0.002623500923411015,0.015851231139897504,0.0044614843968828755
2015-10-12,0.0009438582922973726,0.007605542181260416,0.00396856499604703,-0.01586284424787676
2015-10-13,-0.006302266096302023,0.0017042165980867274,0.00494118285707712,-0.00644763017790273
2015-10-14,-0.004794023468321029,0.008750879347108276,0.017432477539802038,0.002595774116923577
2015-10-15,0.015354714095203503,-0.004899613470680797,-0.004568989141737645,-0.0025890535188122232
2015-10-16,0.004546588268236729,0.00032278711315347763,-0.0070615504042084165,0.0006489984298425622
2015-10-19,0.0004918330279268801,-0.0027435162436190152,-0.004178160099818973,-0.01815826812688537
2015-10-20,-0.0012782625799149239,-0.006149436800782837,0.006338214025568112,0.001981642555701324
2015-10-21,-0.00620371651079088,0.009932797121656511,-0.008870752862782494,-0.008569639071611457
2015-10-22,0.01689381506021137,0.0016925089803272453,-0.0003580140904458906,0.003324522142130526
2015-10-23,0.010961661416668989,-0.008530684363844188,-0.0017011588974217284,-0.005964326321242552
2015-10-26,-0.0024577893197594847,0.006656344482448118,-0.0006277999535804213,-0.0026666500220378087
2015-10-27,-0.001932234237311925,0.002499500066546423,0.0022435609738429285,-0.004679115100953313
2015-10-28,0.011374910617141465,-0.004021768771020118,-0.008058752895948817,0.01678976199213511
2015-10-29,-0.0005744868916259804,-0.015908466555580314,-0.009568492239339532,-0.00594440612339997
2015-10-30,-0.004310038549277695,0.007549732567906142,-0.0038279088978543374,0.009966638959489238
2015-11-02,0.011830862586797108,-0.004595930517806157,-0.00649594413580179,-0.005263125085158471
2015-11-03,0.0028994206351102836,-0.008199991635258641,-0.014826347133739204,0.017857180159540853
2015-11-04,-0.0030331568543597864,0.0011575655113393868,-0.009441036684777915,-0.016894127170356876
2015-11-05,-0.0009981161984859988,-0.0026430122975470427,-0.0031141061362016664,-0.007931212721790426
2015-11-06,-0.0005235555373037659,-0.014655656784722804,-0.014577820185771806,-0.005996039965282973
2015-11-09,-0.009331243677505263,-0.00563054937087204,0.0028818737382825255,-0.008713233262237052
2015-11-10,0.002306330736997708,0.0029578589685919088,-0.0021072913552456773,-0.0020283087654300314
2015-11-11,-0.003931330353706297,-0.0021065256004970667,-0.0033595553186392957,-0.010162537938995242
2015-11-12,-0.013960021272814038,0.004813261711398065,0.00019259022164841433,-0.014373702839448277
2015-11-13,-0.011228215134749475,0.005714618563207985,-0.0027924980239610875,-0.007638840419089243
2015-11-16,0.015207031261939008,-0.0009194200426999588,0.001448450457852024,0.004898499119762034
2015-11-17,-0.0007294507274983042,0.0016729358861056198,-0.013209938855231806,-0.015320393887898742
2015-11-18,0.015866014141896256,0.00208718062694202,0.0008794603332600293,0.004243334504170582
2015-11-19,-0.0008624207339656964,0.006665273686184969,0.011031897393842582,0.0
2015-11-20,0.003644116146216847,-0.003062847587689599,-0.004538443721352925,-0.0014085211917657103
2015-11-23,-0.0011467371184096242,0.0030722574439907557,-0.008051161423458963,0.007757515145001559
2015-11-24,0.001339294306244465,-8.271717883390206e-05,0.0066497192545516,0.016095068536361223
2015-11-25,-0.00014332563479857452,0.0023178140442781103,-0.004662942933256753,-0.0013773241130538016
2015-11-27,0.0011467694398470396,-0.0009910762130772577,-0.011809477798990442,-0.015172472595230913
2015-11-30,-0.004151669338586128,0.00396772454409744,0.006617265866126543,-0.006302560173153338
2015-12-01,0.009535821842580727,0.013507686441765143,0.003532188155604299,0.011275634336906926
2015-12-02,-0.010205124850244274,0.0003257741843627482,-0.015545525585325515,-0.020905947447740658
2015-12-03,-0.01400265566403125,-0.027183286942154772,0.010626672647533919,0.011387828126650845
2015-12-04,0.01950273092426369,0.008783951095514997,0.022209065049059173,-0.0014074507090598987
2015-12-07,-0.006058478317175875,0.009703795327051346,-0.012978259158702654,-0.028893644062878754
2015-12-08,-0.0067194366694426355,0.0004922327286516204,0.0016557725915762322,-0.005079712371744538
2015-12-09,-0.00777998319092188,-0.001066869440792817,-0.00194473896697811,0.0007293899814975191
2015-12-10,0.0025812982142474628,0.001314648664704654,-0.0008768154562138752,-0.0036442917975604283
2015-12-11,-0.019380820538635768,0.015758545605399243,0.005460726883753653,-0.010241504499059806
2015-12-14,0.005052481886750559,-0.0129284582489253,-0.012801859053540698,-0.006651843107044808
2015-12-15,0.01049772084409617,-0.005893731972946625,-0.002652561843328849,-0.0022322127366889433
2015-12-16,0.014631705373178816,-0.0021409194970403167,0.012115872710852793,-0.00447416096128217
2015-12-17,-0.015238154585856756,0.011305602170593732,-0.021897810218978075,-0.010486993920497567
2015-12-18,-0.017814842843538514,0.005548708158606752,0.0153233921943019,0.004542070704681489
2015-12-21,0.008248940073501299,-0.00024362131864141823,0.010878092908588544,-0.0045215335794699385
2015-12-22,0.009074437201539887,-0.0072240261780762705,-0.005235103320787249,-0.004541985312966568
2015-12-23,0.012383410518601368,-0.007521708696418106,-0.0029237213719258692,0.018251093626206805
2015-12-24,-0.0016506566123823951,0.005729130876430677,0.007232973422174549,0.0
2015-12-28,-0.002284944131241695,0.0029551756501711157,-0.0075692031595538944,-0.0141897714390129
2015-12-29,0.010671911100981868,-0.016614196198518782,-0.000684459735229348,0.016666561270442637
2015-12-30,-0.0070876253797674815,-0.0009982351052442162,-0.007632082217105096,-0.00968697402282137
2015-12-31,-0.010003454983134263,0.004498477592833838,0.0003944085609299819,0.005267169929124682
2016-01-04,-0.013979640538240967,0.007214919434282541,0.014094227459880093,-0.007484982541373197
2016-01-05,0.001691354043033888,-0.004034336307567776,0.0028185529910356166,-0.00980394408708074
2016-01-06,-0.012613894978378504,0.01347523311839871,0.014440762350867997,-0.015993891313945685
2016-01-07,-0.02399148725281841,0.0017951234761912627,0.014139709399294764,-0.004644107866721647
2016-01-08,-0.01097646546488873,0.00447863448331276,-0.004427708091822691,-0.00466560080333589
2016-01-11,0.000990125154309185,-0.010943686472844605,-0.008894799760520211,-0.02734375516368648
2016-01-12,0.008068241354584282,0.014424349971223993,-0.005060137388834152,-0.006425572035284266
2016-01-13,-0.024941010838753108,0.009857001807391574,0.004893984653210337,-0.005658907129488022
2016-01-14,0.016416782852687772,-0.009360539776895327,-0.016233809757639994,0.0024389172469343467
2016-01-15,-0.021466094091637578,0.01558725981695086,0.010289314914859515,-0.02108674051491899
2016-01-19,0.001330972129090835,-0.003101539832847222,-0.000960784707550344,-0.008284952265030232
2016-01-20,-0.012814860433685293,0.010529705086241403,0.013367949074563512,-0.007518749519388024
2016-01-21,0.005601872230322158,-0.0067890237731719205,0.001138797703897687,0.013468022739376861
2016-01-22,0.02051538840756617,-0.0038147922068192397,-0.004644969889963546,0.029900235423563792
2016-01-25,-0.01511653225484677,0.005425025243714243,0.010285731724330338,-0.021774147843440006
2016-01-26,0.01364317618373434,0.0004767666977480989,0.011406476843766722,0.019785716271813136
2016-01-27,-0.01088319784528513,-0.00023843317211724724,0.0037282274439893737,0.012125942965008019
2016-01-28,0.005209100981036885,0.001428651758124344,-0.010678814187088714,0.011182129207646607
2016-01-29,0.024377388690938195,0.008476190569463693,0.0038482826092700595,0.009478792069256725
2016-02-01,-0.00036157549373971865,-0.0030616714936225753,0.01028523735300313,-0.018779399908663508
2016-02-02,-0.01802250598147226,0.018552755512156738,0.00037013683482878257,-0.017543929087379673
2016-02-03,0.005995358475132662,-0.0082935341404351,0.010731831819877025,0.025162364119736047
2016-02-04,0.0015681987645337347,0.004845337287053164,0.012082377069329242,-0.00158352137463591
2016-02-05,-0.019049641480192836,0.0011667844327971633,0.015827077912906162,-0.006344131566482503
2016-02-08,-0.013461486238062093,0.021519734811375146,0.013443751249405,-0.004788477405525682
2016-02-09,5.388216614510277e-05,0.0010643928339171271,-0.002196257541759894,-0.025661696695304492
2016-02-10,-0.0008628490671029887,0.00881254490307648,0.007747818623272451,0.0016461731371950616
2016-02-11,-0.013008132146327678,0.007004029891914065,0.0401886992042193,0.012325312618960416
2016-02-12,0.020617364869158328,-0.016602555249574658,-0.005879363032051943,0.014610481765373162
2016-02-16,0.016877962851723716,-0.010570091011974259,-0.030331226332987904,-0.01120001949226268
2016-02-17,0.01633469935062526,-0.006148801097194623,0.00618634429410414,0.0210355575037402
2016-02-18,-0.004095808974352133,0.0122958360972929,0.02433319602449635,-0.005546716483280756
2016-02-19,-0.00046847768027036274,0.0008404434028257413,-0.006002190201855551,-0.008764885092055308
2016-02-22,0.01447937039215308,-0.0005340288790008918,-0.01777516528948675,0.015273214951220249
2016-02-23,-0.012629851382575663,0.0040475637030708,0.014979681261872324,-0.013460020997511313
2016-02-24,0.004575370134240142,-0.001977768465233787,0.003327072049028157,0.012841101810189715
2016-02-25,0.01211222263608791,0.0035821159867668317,0.0026358095143692584,-0.0007923880690401397
2016-02-26,-0.0023012454512174596,-0.009644352307394799,-0.006869043174790868,-0.0015860328916206257
2016-02-29,-0.007842856749229243,0.004370576299475681,0.013064629590324062,0.012708508700527421
2016-03-01,0.023507347267464285,-0.017608381493814385,-0.0073331317520045625,0.0007843087987857711
2016-03-02,0.004492353214880174,0.00412716554124426,0.007726956678680841,0.00548585898403009
2016-03-03,0.003919459624990962,0.0036441573827135088,0.017273365743903035,0.005456016450343215
2016-03-04,0.0032536759226804435,-0.00641267948758506,-0.0015737798071993048,0.019379810390452112
2016-03-07,0.0007982740664504995,-0.0003114865016929924,0.004977588099916774,0.018251093626206805
2016-03-08,-0.01091788657506887,0.011045449447104838,-0.0046227304062674834,-0.01344303447483386
2016-03-09,0.004939639551454045,-0.006077683361319308,-0.00829324916913754,0.015140036434936999
2016-03-10,0.000802478023086417,-0.004102251384325184,0.016056181130168712,-0.0014912467901561088
2016-03-11,0.016136829985129886,-0.010104112257065312,-0.01720161594971703,0.003734021796059084
2016-03-14,-0.001282110563044947,0.0031405985357251254,-0.012896749587957723,-0.008928683085969502
2016-03-15,-0.001629744180931092,0.0009396395084313447,0.000763521980092996,-0.008258207204740575
2016-03-16,0.005787363949498747,0.002971086560544345,0.02229567034444102,0.017411114483135037
2016-03-17,0.006344111576040978,0.00413231605264186,-0.003814570847019083,0.011160727961872174
2016-03-18,0.003929702818269654,0.002096782548062448,-0.002746975852867317,-0.0007358305310488644
2016-03-21,0.0014188079986445779,-0.0076711351403276895,-0.007011719080860512,0.0029454064401723823
2016-03-22,-0.0005378975385249563,-0.00023416093972739027,0.0029421526295789757,0.007342263942015315
2016-03-23,-0.006598996880645469,0.011324277043125885,-0.02263009809313088,-0.021137056860900394
2016-03-24,-0.00044322769001636786,0.00038646414867371526,-0.0024011557999427113,-0.005956775580243878
2016-03-28,0.0005911141047023616,0.0013121711599801689,0.0023209545157449885,0.0029963201899474434
2016-03-29,0.009250237129910355,0.0104849580931623,0.01852490300494103,-0.002240547867701226
2016-03-30,0.0043875812340286036,-0.01052885527915648,-0.013977800877817192,-0.0037426601366209455
2016-03-31,-0.002427314507574274,0.00709392779185225,0.004611451089358232,-0.0015025355552338304
2016-04-01,0.006812264476686369,0.0026083438242545665,-0.006035354370591106,-0.017306051719880866
2016-04-04,-0.0032380646728797924,0.0006121036481925302,-0.006670647201412416,-0.013782711948290505
2016-04-05,-0.009987670921691616,0.010936558981700317,0.013000448699038714,-0.0023291778593318435
2016-04-06,0.010920630934121434,-0.007262188713394568,-0.006119337058417829,0.01089496055733008
2016-04-07,-0.011965900241798888,0.012343962967564792,0.01428081181871077,-0.0030793590806574844
2016-04-08,0.0026972178308435346,-0.006322725353432479,-0.0015175811841288134,0.02393833512467114
2016-04-11,-0.0023475315214286363,-0.001287053110007208,0.013510077429689682,0.007541430013360273
2016-04-12,0.009312930948887299,-0.006902986161633096,0.0001666606070513943,0.02170644936998234
2016-04-13,0.010101003034830525,0.003513618842014843,-0.010662277185778612,0.005128338622239825
2016-04-14,4.7959521471296895e-05,-0.004795222051847681,-0.01397656040779005,-0.008017524172157953
2016-04-15,-0.0011053533590225095,0.008565775419247856,0.006916553277877435,-0.003673746146089063
2016-04-18,0.007026401239670799,-0.004322232678005022,-0.0015264612277036127,0.004424667598811993
2016-04-19,0.0031544012050663817,-0.003122817997515237,0.015627688132066497,0.02129233353251836
2016-04-20,0.0009526524443363993,-0.011000680319746325,-0.005101192515562847,0.019410454361922902
2016-04-21,-0.005378370576974767,-0.005947631350810667,0.0037824404776409803,-0.004231364665420179
2016-04-22,0.0,-0.0025639517582958238,-0.012811914275298819,-0.004249105529253616
2016-04-25,-0.0017224061088761955,-0.0041292570520962135,0.0028840781155776707,-0.0007113132177014592
2016-04-26,0.0014859363012813542,-0.004537212206830676,0.003975248058563308,0.0128113066424822
2016-04-27,0.002058348961426759,0.009980455367481822,0.002864397439145794,0.009135730283708954
2016-04-28,-0.009076165979365003,0.004123957315937954,0.018901209532051544,0.00557091664001752
2016-04-29,-0.0053984675799432225,0.0025567984083978423,0.01945750344247421,0.009695308386596713
2016-05-02,0.007948306727126209,-0.010068277879276444,-0.0033158403319838436,-0.01371733516045448
2016-05-03,-0.008703223205639876,0.012595757448343514,-0.002271979748055375,-0.015299086104111903
2016-05-04,-0.005578107302294022,0.005485965643120538,-0.006099544612754526,0.0007062102448043284
2016-05-05,-0.00019498726390621002,0.0066847353728853864,-0.0011455641166617792,-0.00988004570051515
2016-05-06,0.0036586568959582344,-0.004274238793601115,0.009093148301192455,0.006414785145099078
2016-05-09,0.0008267113274593729,0.0031435140018754026,-0.020539038586043668,-0.02195453741486486
2016-05-10,0.012433892580970163,7.576593107572194e-05,0.0027351995597273415,0.02461976551958589
2016-05-11,-0.009354978398730562,0.005654365763016811,0.009423039824896007,0.023321487614769598
2016-05-12,0.00029080652027446696,-0.004558963164981833,-0.0078611125358784,0.00138136266612654
2016-05-13,-0.008714511106320488,0.009694042865503238,0.0045394140453900444,-0.0013794571355399965
2016-05-16,0.009865476530612982,-0.008617545534120308,0.0007394952589121484,0.011049732795288536
2016-05-17,-0.009333959614610587,0.0016771655138978492,0.0034482607423813594,0.0075137684102428715
2016-05-18,0.0002931489293251932,-0.014235616735107426,-0.01734579222228738,-0.00745773273361694
2016-05-19,-0.003464734237537459,0.004324725744045299,-0.0019150352244893254,-0.002732146334062824
2016-05-20,0.006317250299527011,0.0007689806534245669,-0.0013348098643798378,0.004109485742930019
2016-05-23,-0.0013627739951667106,0.002228361766137388,-0.002840166573309433,-0.0054569919093862
2016-05-24,0.012962352799749777,-0.004447206224662548,-0.017341037506874768,0.0
2016-05-25,0.00678323901460387,-0.003772528399238695,-0.002728045068191687,0.0116598896222595
2016-05-26,0.0002866853826677396,0.005178396804946139,-0.003419400875365075,-0.000678038274518733
2016-05-27,0.004299048265719474,-0.0014605786428691925,-0.008234680643287917,0.0040705307653761125
2016-05-31,-0.001902823179104729,0.0023873222545773842,0.003805525009163979,-0.006080966857267223
2016-06-01,0.002049496841832088,0.0040572161317080635,-0.0010339059082515867,0.010197003212607303
2016-06-02,0.0030438940743702236,0.007206998782865348,-0.0023288275554194104,0.0020189058738653287
2016-06-03,-0.0029874444859272486,0.014235381152210014,0.027751354156539287,0.006715874493979923
2016-06-06,0.005088187398746724,-0.007430690895615877,0.0003364814640942626,0.012008156091505517
2016-06-07,0.0015614977325992818,0.002420052604942713,-0.0008408886281601191,0.00988772476740718
2016-06-08,0.0032600992686404595,0.00535644687741299,0.014812339174809175,0.016971395298699843
2016-06-09,-0.0013655978216908782,0.006452960984419276,0.005556461757929343,-0.0019255334422695336
2016-06-10,-0.009477248930972682,0.004845517014596901,0.004041219495006354,-0.012218644945920842
2016-06-13,-0.007711908405465873,0.004451990775883763,0.007392817000752894,0.0
2016-06-14,-0.001966845832855002,-0.0007384711364476493,0.0010599906561068462,-0.006510448987517292
2016-06-15,-0.001394020271024643,0.0038438529192788007,0.007412264290884263,-0.005242431018456117
2016-06-16,0.002984348120325331,0.004860216843563858,-0.010511020767707824,-0.01712784017126945
2016-06-17,-0.003724347474412304,-0.0062288564488125475,0.01282889140431287,0.02345844904342087
2016-06-20,0.006440011165022241,-0.010692336900303911,-0.005970132166106756,0.009168246294952942
2016-06-21,0.002838549809240698,-0.004621963809240293,-0.019235474102691663,-0.0077870295475092055
2016-06-22,-0.0016310526154765803,0.0016474650822648762,0.0004965672774475127,-0.005886310335381784
2016-06-23,0.01302230813032379,-0.011438020143983207,-0.0065343333792947655,0.007894687627737706
2016-06-24,-0.03590886943670757,0.026846751733579532,0.049038376152841456,-0.020234861791950998
2016-06-27,-0.017909777381114544,0.024967270109660156,0.005396827818855421,-0.001998805240977508
2016-06-28,0.018036073942805597,0.0020835452768526164,-0.010735716822507735,0.016021488793700467
2016-06-29,0.017027421632391793,-0.00767232355707459,0.004149350816571085,0.014454647968536793
2016-06-30,0.013645523750036581,0.0036856799863611567,0.00500639622652943,-0.005828978920115246
2016-07-01,0.0021003752233712536,0.013884300093992108,0.015339625386899147,0.012377845423318101
2016-07-05,-0.007193056067914871,0.012519763807068651,0.008254789567508913,-0.028314067270762244
2016-07-06,0.005998004189311512,0.0016164937444473892,0.005870043250717272,0.0039735597031995695
2016-07-07,-0.0006202072033747452,-7.09917953768402e-05,-0.003762499043616141,-0.028364159924996746
2016-07-08,0.014890192216839848,0.007366385955368759,0.0060120143847071095,0.01018331202237488
2016-07-11,0.003527148326986307,-0.008774186284251306,-0.009423926954219786,-0.004032232693257809
2016-07-12,0.007263198134061621,-0.016439402864475983,-0.016551874633622066,0.018893344069609297
2016-07-13,-0.00013942294069901884,0.011785149669975459,0.00920177573180525,-0.012582851905920678
2016-07-14,0.005583362998526242,-0.014542236710509582,-0.007715129649756625,0.004024195559971133
2016-07-15,-0.00134167441995392,-0.008596914394607302,-0.003848311365095336,-0.002671993976635312
2016-07-18,0.002687202848997705,-0.0009394458056970478,0.001576825791636871,-0.004688592702912997
2016-07-19,-0.0010163923163423183,0.005641533314672653,0.0013381467862105811,-0.006056489891199557
2016-07-20,0.004162756409438417,-0.005466064289451511,-0.014307049036417885,-0.0067704383035885884
2016-07-21,-0.0037772327165982444,0.0020250711808507127,0.015232503958900745,-0.005453271682348881
2016-07-22,0.0044854909021665446,0.0017322673332180738,-0.007462722347700734,-0.00205618984272371
2016-07-25,-0.002716267582330567,-0.0007207866477391134,-0.006964758718206121,-0.01098901865129498
2016-07-26,0.0004616200507310264,0.0015856852140672117,0.0042241075487405855,-0.004166718563623828
2016-07-27,-0.0010609965582488723,0.012453511967770892,0.016111101422991103,-0.009762839538123513
2016-07-28,0.0011547014517203635,-0.0018479776343164334,-0.002889909558035031,-0.0028169629451922917
2016-07-29,0.001614403493775507,0.008333688702143682,0.010339903082906332,0.008474602600399228
2016-08-01,-0.0008289193604277267,-0.010842023473249474,0.0018607962561190128,-0.017507050152852033
2016-08-02,-0.006407056721522086,-0.010302661448767014,0.00812570067976126,-0.0014254274091303198
2016-08-03,0.0029226391511316674,0.0005783569739439276,-0.004759425467430023,0.016416660171736597
2016-08-04,0.0010637109583193638,0.00751334015672267,0.0016968857004249216,0.004213536327066336
2016-08-05,0.008179065165738075,-0.010397512864431468,-0.01786395743940894,0.004195935814298446
2016-08-08,-0.0005958237655602217,0.0018839341606216031,-0.000862411663815732,0.00557091664001752
2016-08-09,0.000596178983166995,0.009836533610759979,0.004080325118523742,-0.0027699876729728734
2016-08-10,-0.002475332879685155,0.003867476669283665,0.004688953410549868,-0.011805637317742756
2016-08-11,0.00464096552099913,-0.00891789872967419,-0.006922832969429749,0.015460198332553077
2016-08-12,-0.0008691617811646957,0.008422347546195752,-0.002114801025602908,0.00761264399292938
2016-08-15,0.002883955299881835,-0.009423166343796807,0.0034536484045673,0.016483411765635614
2016-08-16,-0.005157647943780264,-0.002666539127087253,0.0049280733796905896,0.00810813365139551
2016-08-17,0.0018809131937931323,0.005997927130249048,0.0002335080486637331,0.00402134688091782
2016-08-18,0.0022439825501747723,0.0015803869374730883,0.004747086461879935,0.01268380099416766
2016-08-19,-0.0014624641965143015,-0.0052356406356673935,-0.008829675348611454,-0.003296106546177513
2016-08-22,-4.557426732598735e-05,0.008435299804174345,-0.00148474204574367,-0.009259350442898828
2016-08-23,0.0020135563393703926,0.0010718214068861087,-0.00015649274735829444,0.004005466325980089
2016-08-24,-0.005114826517777726,-0.0023565420805953252,-0.011114635054762179,-0.011968159709065729
2016-08-25,-0.0006884103017493759,-0.0037936034139957053,-0.0008706109240564919,0.004037735837598477
2016-08-26,-0.0018835709430937708,-0.005820665150437887,-0.0014259708499476664,-0.003351185404814494
2016-08-29,0.0049243661773628045,0.013370875305698249,0.0019833398964483884,-0.004034944332333201
2016-08-30,-0.0016485884699546371,-0.0038509858111961393,-0.010055457179525829,-0.0094530886543438
2016-08-31,-0.0028441889324377634,0.001431438380187,-0.001999520134694288,-0.01908652778150499
2016-09-01,4.6394293979901136e-05,0.0011030705776249317,0.0040872106204499214,-0.011118918701970792
2016-09-02,0.004507701095513683,-0.008155368471874702,0.010216288370529014,0.011243939147238757
2016-09-06,0.0030226293191844,0.007284942142919304,0.016907695537669243,0.0069492262018986395
2016-09-07,-9.176242495534392e-05,-0.0007157354719574682,-0.003418556588101307,0.008971725899239447
2016-09-08,-0.0022827384518617766,-0.012541248606871225,-0.0053013792150961025,0.017783822370252445
2016-09-09,-0.02393476871498046,-0.01647464882214289,-0.00658355954228651,-0.015457119415113185
2016-09-12,0.014347020699658541,0.0005164409991422758,-0.0012623563085552014,0.0
2016-09-13,-0.01437552568697631,-0.0113574833732204,-0.0066355664917512325,-0.01296920338746188
2016-09-14,-0.0003751856606157844,0.001491920931066426,0.0034194855282367875,-0.00760706676953582
2016-09-15,0.009993130500159042,-0.004320533468303411,-0.006419381491795106,0.004877939112780005
2016-09-16,-0.0038655729853230847,0.008079839864909788,-0.00247272219188599,0.0013869538722453
2016-09-19,0.00018769693769149498,-0.0032649649118660085,0.00207901920123299,-0.0006925164477539214
2016-09-20,4.676927455760094e-05,0.0034990826672065545,0.0009575705942728163,0.0034649817956540208
2016-09-21,0.01124548019067273,0.008087434128899673,0.014588601451239303,0.012430939656918438
2016-09-22,0.006301486453464067,0.0079487837300658,0.00235721740921524,0.0054570688551265345
2016-09-23,-0.005479519282131973,-0.0009495023001986347,0.0006271210413582029,-0.011533323558141295
2016-09-26,-0.008102043632076228,0.006358621256233654,-0.0007833801247610905,0.006863530314402899
2016-09-27,0.006207862738181635,0.007335564094954616,-0.007291260548213385,-0.00954330233739431
2016-09-28,0.004963513426364585,-0.002163293753524975,-0.003159070582864132,0.023399870475150575
2016-09-29,-0.009047220736537964,0.002528691315384135,-0.0011884132817953086,0.006052416498499635
2016-09-30,0.007545999663758796,-0.008936525270510032,-0.003410805950794571,0.003342300474818316
2016-10-03,-0.0024037114603583376,-0.0033004296157951307,-0.0025469571504198596,0.008660838064310061
2016-10-04,-0.0050980267448166305,-0.011694823860404324,-0.03471112739159021,-0.0026419913909525583
2016-10-05,0.0044254322878722885,-0.004659618521818842,-0.0015706575141682944,0.005960227499384851
2016-10-06,0.0006956390063372897,-0.005572631951211271,-0.009273018119780652,0.001975045483004312
2016-10-07,-0.0034293563576036634,0.0006725994238754307,0.000668512445361813,-0.0026281043370762758
2016-10-10,0.005208233614117708,-0.005899455862362624,0.0035076482865623593,0.011198949555087934
2016-10-11,-0.012629653861962797,-0.00225340692307463,-0.005076569505331308,-0.00586322861469557
2016-10-12,0.0013119224691400255,0.0009787960556935094,0.0015892497462293154,-0.007208416570724241
2016-10-13,-0.003275342160374728,0.003760708132400037,0.002421921836488483,0.00660061878288154
2016-10-14,0.0005163485264696455,-0.014011842160373322,-0.0055819226506638175,0.0006558075993943202
2016-10-17,-0.0034724937300337766,0.006383763823440081,0.0026809625769763645,0.0013106077546141126
2016-10-18,0.006262567788746454,0.0032472219758306053,0.006183137214928136,0.001963338465303499
2016-10-19,0.0026671107959357343,0.0008279658716172644,0.0057299655530487215,0.0065316377354041055
2016-10-20,-0.0018668356611525327,0.001052092956734585,-0.0030550965627722526,-0.009084953206378699
2016-10-21,0.0004677484798174536,0.0015024971121624375,0.0007454362173064943,0.003929322284061287
2016-10-24,0.004252497073878203,-0.004350172972320987,-0.0022345797266349887,0.0006522380100677516
2016-10-25,-0.0033500858360484553,0.0026364002988876756,0.007548139354159433,-0.004563204854476366
2016-10-26,-0.0020080199295707812,-0.006762532622949902,-0.00559809251948773,-0.006548673481599265
2016-10-27,-0.002666903265176157,-0.010894089075649593,0.0018213529185828747,0.005932649732222517
2016-10-28,-0.0029553007624284477,-0.002218151540382962,0.0047103519110967,-0.006553038773070119
2016-10-31,4.712844379373138e-05,0.00613230190825842,0.0029610183001298473,-0.013192677514104911
2016-11-01,-0.007245447120520665,7.66138144505657e-05,0.006478603409139305,0.004679190503662278
2016-11-02,-0.006018659491520251,0.004350606097683896,0.007414617516698918,-0.011976047454781313
2016-11-03,-0.004577081789567394,-0.00767546479066894,0.005338107937297831,-0.0033670581000209143
2016-11-04,-0.0011016828044771998,0.008960510496051732,0.0007240252267182168,-0.006756638310060681
2016-11-07,0.022057016870277613,-0.008502240506588432,-0.018007861361529542,0.0040815299203100786
2016-11-08,0.0045040246400183115,-0.004057025383510382,-0.004175211869501427,-0.001355005058532699
2016-11-09,0.01060197889843173,-0.04243211348980358,-0.0006576934516286936,0.004749029087726564
2016-11-10,0.0024956535283662262,-0.014771118375520143,-0.01488974658560116,-0.00810265829892387
2016-11-11,-0.00230497990855838,-0.005622473158543917,-0.02212944906788228,-0.019060618991340372
2016-11-14,0.0007851726721037622,-0.005980900077551143,-0.008454294420749409,-0.002081796259671087
2016-11-15,0.007802940170107409,0.004945599571152037,0.00869866618655779,0.022253144838727312
2016-11-16,-0.001878106702524418,0.009023486317818241,-0.002988440021410743,-0.012244973442699036
2016-11-17,0.0051406641100917305,-0.014714576168688653,-0.005138293152093909,0.002066102701036021
2016-11-18,-0.0022373702524655092,-0.0028875453446191024,-0.008780207102896176,0.008247448416331071
2016-11-21,0.00755135548193131,0.002482086873207834,0.0037342622620732957,0.027948171158605595
2016-11-22,0.0019533138004652617,-0.0003299531007748824,-0.00034608855246265335,-0.0013261768108084881
2016-11-23,0.0005437963302554749,-0.003881045152398954,-0.019819983532816443,0.003983963477775632
2016-11-25,0.0037153486961269966,0.0014918618254617932,-0.005651208738617575,-0.007275086683312448
2016-11-28,-0.0046947816636874196,0.007366968718741873,0.010567466787642088,0.003331166714725997
2016-11-29,0.0019503097044277773,0.004190097577944751,-0.004657349687858581,-0.019920416605028524
2016-11-30,-0.002399296008566365,-0.01619990043349473,-0.013419234467324848,0.030487843090261313
2016-12-01,-0.0036753731237663123,-0.010559302868636267,-0.0018791864382340373,0.018408899601372042
2016-12-02,0.0005011654084499106,0.007327728836482805,0.005379222424209074,0.00710138406205485
2016-12-05,0.006008862955216188,-0.0010869382792285665,-0.005350441210868029,0.005128245176411861
2016-12-06,0.003167218865372412,-0.0007533599999527407,-0.0009861987578327902,-0.004464329392345867
2016-12-07,0.013080769727354502,0.008544488932644922,0.003589711251758221,-0.0076874038180269055
2016-12-08,0.002448596806269965,-0.011794185469328311,-0.0023249765892274787,0.0019367940698389319
2016-12-09,0.0060404394776938375,-0.012438776387383443,-0.010486673587394413,0.005154606580757948
2016-12-12,-0.0011480357022579657,0.0018720110018310976,0.003804331187865717,0.006410288393199348
2016-12-13,0.00667437420011896,0.00356788583999168,-0.0033387723118656343,0.0025476827431945015
2016-12-14,-0.008254375078596943,-0.011173526352417307,-0.014667226454941784,-0.009529872476609413
2016-12-15,0.004117311662186651,0.0050507065204064006,-0.01369112807217554,-0.0012827932985066681
2016-12-16,-0.001955679848442915,-0.0022997337724611766,0.006614558767378709,0.0044958694163512725
2016-12-19,0.002177218088169175,0.010756226022050175,0.004997623978540311,-0.005754511304333798
2016-12-20,0.0038574784320530853,-0.00498279589807249,-0.007367118973593101,0.004501579306793735
2016-12-21,-0.002782577499173877,0.004413811998595918,0.0005566152526592649,-0.0057618798058844956
2016-12-22,-0.0017273058893997328,-0.0017879592050362714,-0.0024107755207141146,-0.001287676691461126
2016-12-23,0.0014640168449202573,0.0020370995493959043,0.0031601819765598727,0.001934150868567741
2016-12-27,0.0024810767362768438,-0.0032184741061375144,0.005837091185366683,0.015443990500495053
2016-12-28,-0.008264431098260916,0.00730842383010244,0.0027634769574851337,0.0006337095750121868
2016-12-29,-0.00022282778247117996,0.0035434169580188524,0.01313614088883086,0.0012666164830310578
2016-12-30,-0.0036547320348891965,0.001513076055710938,-0.006165566230220687,0.001897592641598722
2017-01-03,0.007649861375690792,0.004281557230232824,0.00784600497730814,-0.01199508711175823
2017-01-04,0.005949072278585099,0.003844204925822714,0.0035303646722089077,0.007667828255697007
2017-01-05,-0.0007945245372793508,0.01565358804252215,0.015515074970534615,0.005073034399453613
2017-01-06,0.00357804686131602,-0.009181532718179564,-0.00737255123072611,-0.0012618927394729695
2017-01-09,-0.003301234960711441,0.008025671894890563,0.008232645807116912,-0.015161204168574027
2017-01-10,0.0,-0.0006564069871959344,0.0042602588509306205,-0.004489957433895353
2017-01-11,0.0028261256696400228,0.0033676485607734286,0.0030932255360247574,0.010953538984110667
2017-01-12,-0.002509973575447577,-0.0022106338877171394,0.003612367067042932,0.014659142477047027
2017-01-13,0.0022956349848859414,-0.004757990952001023,0.0026336178800692167,-0.00188448094935445
2017-01-17,-0.0035237111273277444,0.010468660239882022,0.01435950794847174,-0.0006293226443846445
2017-01-18,0.0022100582869588603,-0.012808084163916322,-0.008459177733679324,-0.008816207239402352
2017-01-19,-0.0037045071255910056,-0.006858460695581381,-0.0008706024299159898,-0.0031766002701668627
2017-01-20,0.00367420208166358,-0.001997512276011304,0.0024397178433508415,0.011472275472073523
2017-01-23,-0.002602185338675622,0.010005119108820404,0.006431967354547874,0.0
2017-01-24,0.006411688305481444,-0.0068516813580751235,-0.004490925540628465,0.0025205342045540036
2017-01-25,0.00865560505740448,-0.012550449356225846,-0.008241493674922662,-0.006285386361496448
2017-01-26,-0.0010456714043217685,0.003366758726012442,-0.009272197003353688,0.004427621031999118
2017-01-27,-0.0015696081218161684,0.0036073935109115496,0.0020306880028346797,-0.008186488298628669
2017-01-30,-0.006201631491844495,-0.003009203623591472,0.004229477187141839,-0.005714250108612595
2017-01-31,-8.77570983189857e-05,0.006958768082367062,0.01386331327657886,0.005747090420673118
2017-02-01,0.0003952920375676072,-0.006183079740477049,-0.0030290445198764004,0.010793798400310806
2017-02-02,0.000659026802836582,-0.00041958552401288873,0.005555550404536813,0.0
2017-02-03,0.006893130992515539,-0.00041967732657199885,0.0025034610211955854,-0.0006282075536537812
2017-02-06,-0.001787876189129678,0.006050041276739471,0.013519329475210284,-0.006285386361496448
2017-02-07,4.3652747348410514e-05,0.007350753640075425,-0.0020390643159919897,-0.004427621031999007
2017-02-08,0.0013106861827207883,0.013598350391342606,0.00621491028966048,0.003811920324200191
2017-02-09,0.005932299286547371,-0.011534399616322077,-0.00761487018603868,0.005063402477670342
2017-02-10,0.003946167928781552,-0.0005794909070606646,0.0026430007347089113,0.010705221993152492
2017-02-13,0.005442395024244595,-0.0031470261488221185,-0.006802682251218939,-0.011214953402396088
2017-02-14,0.0039956263534433045,-0.007227312129870933,0.0011129901542927811,0.0012603026418021024
2017-02-15,0.005220498289757014,-0.004601707796972776,0.004447076385095894,0.001258645288769289
2017-02-16,-0.0008513970476705657,0.0054637306125790985,0.0053640263872474225,-0.006285386361496448
2017-02-17,0.0015762153333593876,0.005935681660872882,-0.0033875467452245678,-0.0018975212928002971
2017-02-21,0.0059552445804695875,-0.0017448417744806433,0.000594830851824435,-0.0012674191500242626
2017-02-22,-0.000888152033886147,0.0016648138553567726,0.0013588421410561935,-0.005076110159320524
2017-02-23,0.000677392358132245,0.0029925854970787036,0.008735465586520608,0.003188755322865333
2017-02-24,0.001268585797369548,0.011104543618664309,0.00638973004234078,-0.001907171689841558
2017-02-27,0.0015629910542842573,-0.005900789429492459,-0.004845398633643638,-0.00254782644057705
2017-02-28,-0.002699337099840937,0.0037099053330220677,0.0009234436519076628,0.0038314656459990104
2017-03-01,0.013997636089335908,-0.016755898146238568,-0.0014258642418293332,0.004452898090022028
2017-03-02,-0.006297436761453334,-0.0036000886624673045,-0.01243067157641009,-0.01583277747705858
2017-03-03,0.0006299419882251911,0.0026045905772149602,-0.0005953367386810626,0.005147972637349563
2017-03-06,-0.0029783569704560087,-0.004776235779860638,-0.006722839768239397,-0.0012804016864904622
2017-03-07,-0.0029868068411069704,-0.0030310425215628323,-0.008053482107396648,-0.004487223568018117
2017-03-08,-0.001856515541925452,-0.00540415044710818,-0.0062187012290060295,-0.022536956967498134
2017-03-09,0.001268092318019498,-0.007980984062191387,-0.005127727710842134,-0.008563845775723
2017-03-10,0.0035044940065573904,0.0035094492295675295,0.002183978311645074,-0.009302491172553218
2017-03-13,0.0005046762691824913,-0.00631140940767283,0.0001743082536056484,-0.0013412976458936354
2017-03-14,-0.0038264521123496653,0.00480657725313316,-0.005403478549159679,-0.004029524696387954
2017-03-15,0.008653358119257604,0.012214988034405794,0.018664539100545774,0.008765959492436082
2017-03-16,-0.0019669798613325407,-0.005063643046309574,0.004129061134912737,-0.0013368900288438512
2017-03-17,-0.0017561322531935986,0.006276190451909747,0.0022273151662723922,0.0033466992409543206
2017-03-20,-0.0010967968634110203,0.004298952886080842,0.004444860945005402,-0.0006671824926979264
2017-03-21,-0.012839668957422723,0.008308998196844053,0.008765200923941618,-0.005340345660478696
2017-03-22,0.002353108477055388,0.0039951672695348606,0.0024464392887426634,-0.00067113672239838
2017-03-23,-0.0010672001763907257,-0.0014096274313996071,-0.001346492128619703,-0.0020148381053795017
2017-03-24,-0.0007262482740861831,0.0035702188514210587,0.001601099219161961,0.0033647166062220624
2017-03-27,-0.0010263430307725363,0.004550091706375214,0.005636868294673025,-0.0013412976458936354
2017-03-28,0.007276889174809842,-0.006670661885276208,-0.004099371444605038,0.006044211287396406
2017-03-29,0.0009349585663638305,0.005969111798490134,0.002436163586164053,0.00934588728850283
2017-03-30,0.0031843236064932334,-0.008075965802243346,-0.007206910225050822,0.003968303704784626
2017-03-31,-0.0023279126122257576,0.0029075067066532956,0.0021102388572973307,0.0019762721020899487
2017-04-03,-0.0017390634068146227,0.010086718336601574,0.005306580584065079,-0.003944822471493414
2017-04-04,0.0006372231106277493,-0.005424867118859478,0.002262289701825848,0.009901077088451782
2017-04-05,-0.0029723635519631753,0.0030581345486664357,0.0,0.0019607718813148267
2017-04-06,0.0028111010010329895,-0.001483096204056289,-0.003678334988324705,0.00260924637150306
2017-04-07,-0.0010193802896182325,-0.004042933680510785,0.0023493772325884343,0.0026023825315173443
2017-04-10,0.0005951952776823699,0.004639476642716245,0.0,0.007787175949140135
2017-04-11,-0.0011899073546964845,0.009483193452595406,0.014481863135711759,0.0019318055779615761
2017-04-12,-0.0043820012292269395,0.0054724842404525464,0.006848701913851674,0.0
2017-04-13,-0.006494697950372719,0.0030875210814633736,0.004753334264967268,0.0032133473422952807
2017-04-17,0.008860043275501939,-0.0030780176371195678,-0.0029363834815018253,-0.00576549866631515
2017-04-18,-0.0029842697643285288,0.013080071749470568,0.004744779460001958,-0.003866027617556389
2017-04-19,-0.0018387385205196338,-0.005452685901014109,-0.008874746300268521,-0.01746446066127627
2017-04-20,0.00813921044111554,-0.003870706644002242,0.0018893922713916211,-0.003949942444014032
2017-04-21,-0.003187179555992792,0.0,0.002869780885113693,-0.009914165013212406
2017-04-24,0.01099797265254332,-0.004937447506033865,-0.006785988212145488,-0.003337687799532696
2017-04-25,0.005818683043451678,-0.012039845877740318,-0.010125150830952667,0.004688517148692561
2017-04-26,-0.0006285478769111341,0.005516523969177234,0.0049064144523129904,-0.005333300044075728
2017-04-27,0.0008386649324538809,-0.0003269977318114403,-0.003723907331012466,-0.005361821042843551
2017-04-28,-0.002179012171783068,0.0022113554959730664,0.0031563855415273068,-0.002695552604246476
2017-05-01,0.0025198949507769797,-0.008313204069670066,-0.009108209859209682,0.0020270905762542757
2017-05-02,0.0003770415476724853,0.005120708958867404,-0.00016709821486060594,-0.010788949285145844
2017-05-03,-0.0012145604802796806,0.0006572620073290736,-0.013957360197643709,-0.004089953761761689
2017-05-04,0.0011742403058041528,-0.004926841705618745,-0.010086475737808298,-0.023956119926370367
2017-05-05,0.0039368830747943395,0.0009076647861550047,0.0018837333588364036,0.014025076471903652
2017-05-08,-0.0001667791653224837,-0.0054414613707572945,-0.002222050521183294,-0.004149273687930388
2017-05-09,-0.0009181745485666859,-8.320700646002877e-05,-0.005995691205500586,-0.004861236936752555
2017-05-10,0.0017961124631504788,-0.0011601974039570084,-8.618815999517082e-05,0.016050380584311963
2017-05-11,-0.0020429571888049836,0.0,0.003964142371969848,0.004120852941408959
2017-05-12,-0.001670610795883709,0.007552858331588697,0.0028326337429587234,0.0
2017-05-15,0.005523097482050376,-0.0027185306142711863,0.0026534071191921527,0.005471998760561814
2017-05-16,-0.0009155824333275664,0.003717334859475674,0.0043537829852127174,0.0013605355522212648
2017-05-17,-0.017743789537716048,0.01456670297099949,0.018189539837597968,0.0067934350511975605
2017-05-18,0.004028457451961787,0.0011354872628355217,-0.008181011348557088,-0.0026991143942390883
2017-05-19,0.006504032449450747,0.0023500482095373254,0.0049659454541624015,0.019621139454359726
2017-05-22,0.005077420558422974,-0.0027488442845000627,0.004187604636601616,0.006635808048406133
2017-05-23,0.00221277363020822,-0.0067274050367870375,-0.006338633249028169,-0.003296106546177513
2017-05-24,0.0023329738037263237,0.005630950998724682,0.003944948993712671,-0.001984039945198246
2017-05-25,0.004779588708714755,0.00032451023891333364,-0.0010868426783263718,-0.021868872581082832
2017-05-26,-0.00020702592122157082,0.0017039354660748351,0.00887175702052101,0.007452604246354966
2017-05-30,-0.0008687108694180878,0.004939487620374328,-0.003318413164433487,-0.008069888664666292
2017-05-31,-0.0002485232699087625,0.0024981685859359892,0.003995366733579031,-0.010847465248817745
2017-06-01,0.007952456392212648,0.00010442581800829132,0.0008290372396291268,-0.006854043457315218
2017-06-02,0.003328043705040251,0.0118407475273834,0.0073724269437449585,-0.004830965260427256
2017-06-05,-0.0007368391694974052,-0.006209097773495431,0.0009867835373715828,-0.005547815488981422
2017-06-06,-0.0031969631236442586,0.005446777559876104,0.011254375087548674,0.006973456812945367
2017-06-07,0.0018503841565509216,-0.004779772264582038,-0.005280272412152454,-0.01385048519116261
2017-06-08,0.0004922782403822268,-0.0026417834564866904,-0.006533241668445489,0.0
2017-06-09,-0.0015178649095888286,-0.0015250508623322334,-0.00912454251071615,0.0056180220310178
2017-06-12,-0.00020511527043320932,-0.00032141893011838896,-0.0014932827593217013,-0.009078155796419574
2017-06-13,0.004889631869418487,0.0001607611367318018,0.0009970317877492363,0.004228382749921877
2017-06-14,-0.0012675898745460046,0.015436912236526767,-0.00547811789275976,-0.017543986026745673
2017-06-15,-0.00192427598393774,-0.0015839424045023254,-0.004172926066378535,0.0042859294161174954
2017-06-16,0.00021863534490385028,0.001982575600202763,0.00016758836001962152,0.004267237471588858
2017-06-19,0.008324850192275246,-0.0014246930349924858,-0.007625239321596311,-0.006373897959154329
2017-06-20,-0.006744236327627884,0.008955939033675753,-0.0021109516115493943,-0.009978635071045794
2017-06-21,-0.0002467919574141719,0.0020426461531819484,0.0028769363429739236,-0.010799149750494563
2017-06-22,-0.00045265996261656394,0.0021951324787115034,0.0033749707830614817,0.0014555949935413093
2017-06-23,0.00119433733725538,-0.00046899920693810326,0.004288615406013774,0.004360519927504747
2017-06-26,0.0006579793938068512,0.0037562475236840864,-0.008959220397639522,0.0021708349838105434
2017-06-27,-0.008056102188190306,-0.010681172986827692,0.0038019343183648413,0.01155235462676929
2017-06-28,0.00895057534112631,-0.003310240064591574,0.0007575454013519778,0.006423861492451222
2017-06-29,-0.00878911953493866,-0.008381180187501558,-0.00487806411784153,0.0042553725969076694
2017-06-30,0.0018645427716597052,-0.0023123925009794766,-0.00253552275635216,0.020480097099327965
2017-07-03,0.0016958909007107614,-0.00321956425592973,-0.016353163532217163,0.010380793011461886
2017-07-05,0.002311674660133045,0.00024069054476538732,0.003704025486608087,-0.015068474946499988
2017-07-06,-0.009144232576467792,-0.008273851581786396,-0.00042907160833882685,0.0006954058734616186
2017-07-07,0.006485126998822421,-0.005993816417220743,-0.010217244173899132,-0.009728995072124547
2017-07-10,0.001073793499676956,0.0014667248736330851,0.0016481821948142183,0.004210420491889799
2017-07-11,-0.0007429101374999414,0.001708565073741397,0.0012990519121256483,0.00978330734909183
2017-07-12,0.007514726624227253,0.006904359102537505,0.0035460648934033667,-0.00484410465445595
2017-07-13,0.0016805316342434207,-0.006291856439101684,-0.0018098688846157618,-0.0006954058734615076
2017-07-14,0.0046640068352568065,0.0012178941634726215,0.008202356680584888,0.01113423678904435
2017-07-17,-0.00012218604781188969,0.0027565253987680283,0.004453235312239068,-0.0034412122234068754
2017-07-18,0.0005293468976181881,0.008733308352636637,0.006991215691223296,0.004143698487138359
2017-07-19,0.005414019635147538,0.0004006961966993572,-0.0002539901713813908,0.008940874215881411
2017-07-20,0.0004457533904020927,0.0028842392106540604,0.001354979930841882,-0.0013634717071546731
2017-07-21,-0.0008906122154339613,0.004235008183755662,0.008626558617128355,-0.013651870037702185
2017-07-24,-0.00024306550401997917,-0.0038992102451065325,0.00041921366315400554,0.002076189827887598
2017-07-25,0.0024312459922317675,-0.013018723700349732,-0.0032687905257637873,0.011049732795288536
2017-07-26,4.0091351514837115e-05,0.0016181711168716806,0.008072646310579579,0.009562858898075621
2017-07-27,-0.0009295144245028419,-0.004927749487135924,-0.0007507202198243634,0.006089348090356772
2017-07-28,-0.0011730590584846379,0.00592693225510299,0.00751316068954333,0.0053800016355216584
2017-07-31,-0.0005670601815459531,0.0012103531549381152,0.0004971211979458712,0.0060200287340645975
2017-08-01,0.0022289038508549464,0.007021206038362093,-0.0008281447132181263,-0.011303195279337541
2017-08-02,0.0004849111425708763,0.0005618114270360408,-0.002072109381170417,0.002017472166166545
2017-08-03,-0.0019394849477236686,0.010343911711813814,0.0015780299800982611,-0.007382655359066459
2017-08-04,0.0018217605048209684,-0.008492162884101484,-0.007794965092940864,0.0020285375736686095
2017-08-07,0.0018593212902506817,0.001120697146317129,-0.0011700742821817434,0.0020242787094213455
2017-08-08,-0.0024608949387542323,-0.0035983555402618883,0.0029286123995055924,0.0006733204665114734
2017-08-09,-4.018831135033096e-05,0.005457042201025608,0.012097421498902916,0.006729509122576083
2017-08-10,-0.014115682088024273,0.008539367342735416,0.007419021877765664,-0.015374310734412533
2017-08-11,0.00147705997938119,0.00047480329829818757,0.004745944156777204,0.003394411814100051
2017-08-14,0.009913090731102026,-0.005141705671794838,-0.007085289845225606,-0.00879576741996524
2017-08-15,-0.0001217715756087756,-0.004213508608229,-0.007709931316675078,-0.004778050565533043
2017-08-16,0.0017445368470112577,0.0036728952033180384,0.007356582616572016,-0.0027434670320909404
2017-08-17,-0.015590874987407077,0.007477823513838189,0.00508734802014188,0.002751014349262837
2017-08-18,-0.0015631750509057518,-0.00023718986837606426,-0.0015511047050799087,0.01783276781240062
2017-08-21,0.0007825941908783385,0.002448333193177943,0.0037612352656932746,-0.012129530644561015
2017-08-22,0.010457123862325668,-0.003860635336838003,-0.00448031151993189,0.002728649846173825
2017-08-23,-0.0035852567136653857,0.006801878841920184,0.003764005301683193,0.008843481089438221
2017-08-24,-0.002330596703826293,-0.0036919393760268537,-0.003097719565419932,-0.0006743045763412114
2017-08-25,0.0023360410734520887,0.0038628971298542147,0.003679752595251218,-0.002024430939442712
2017-08-28,4.0990935403772966e-05,-0.0006280881226480295,0.015887278895027057,0.000676204614360465
2017-08-29,0.0011446841745581526,0.003222357720821689,-0.0021654043401579948,0.0
2017-08-30,0.0047374861487810005,-0.00031338742133568687,-0.00048221796718150856,-0.007432385980728151
2017-08-31,0.006016058379887612,0.0029778418854449207,0.011740101940391323,0.027910120790765935
2017-09-01,0.001414292906395609,-0.007648726375475978,0.0019074699121892635,0.0013244949998632016
2017-09-05,-0.007182185341170322,0.015857871383534228,0.011105834943620163,0.0019841145499943647
2017-09-06,0.0034137582770883412,-0.006135402077570573,-0.005099651110527015,0.009901077088451782
2017-09-07,-0.00012130960329770346,0.01023689267664829,0.010409331674411826,-0.0006535906271049052
2017-09-08,-0.001174769320222535,-0.0021658103042520027,-0.0012487602904230899,-0.011118455032955055
2017-09-11,0.010666099915521254,-0.011938195191543044,-0.01390950036975469,0.0019841145499943647
2017-09-12,0.00337039627975666,-0.005256564826075949,0.0029320477853171933,0.002640247513152616
2017-09-13,0.00048024898803666893,-0.003943572815949148,-0.007506297144185381,0.004608340445680259
2017-09-14,-0.000319871950163364,0.004117515996719723,0.004378656548724491,0.0006553038773069453
2017-09-15,0.0013459559614834582,0.00039392840006091667,-0.004993697404288455,0.00458412314747636
2017-09-18,0.002127163311838043,-0.005753972107062966,-0.009320466663927607,-0.0013038463504104758
2017-09-19,0.001000950791319788,-0.002457970739833115,0.0020907215740946228,-0.0019580651697809204
2017-09-20,0.00036006023461077064,0.0007153424561447963,-0.008024393981386213,0.008502235133556635
2017-09-21,-0.002679429300352032,-0.0005559448260710198,-0.007603967161635139,-0.0038910261043301198
2017-09-22,0.00020048312089038234,0.0028610721842459164,0.004564701313993336,0.0039062253290549354
2017-09-25,-0.0020444899273572847,0.006259467560322252,0.010467388330802407,0.016861259425442032
2017-09-26,0.0006028414535399484,-0.0018111854550441064,-0.01116196421162674,-0.008928586844357378
2017-09-27,0.003893875173799799,-0.015067601114049922,-0.009420139990778287,-0.0038611246549054012
2017-09-28,0.0011999334325139,-0.002963321741505043,0.001885519931214219,0.0
2017-09-29,0.003515097796171318,0.0022486095317486576,-0.005155038524977895,-0.005167780906726316
2017-10-02,0.004338549856816476,-0.0018308711828631807,-0.006662322551317712,-0.008441651143512807
2017-10-03,0.0021401024175056182,0.0009655386212668038,0.0004968550936175209,0.0006548747353538609
2017-10-04,0.0011864604912041887,8.064189679890532e-05,0.002813840376879373,0.0013089661337957192
2017-10-05,0.0059254103681536385,-0.0037779586959478806,-0.0053643767904709705,0.0111110406607835
2017-10-06,-0.0011390402974950087,-0.0028241782159224016,0.004729503075844965,-0.015513873498358421
2017-10-09,-0.0016512391676705152,0.003156219356366563,0.0081757826666502,0.0006565946844345749
2017-10-10,0.0026383862951677717,0.001612566679249916,0.002621229439913275,0.011811023330640325
2017-10-11,0.0015711267803737439,0.0019325529863807311,0.0031862694835504968,0.0019455130521650599
2017-10-12,-0.0014901571738021868,0.004260478172529059,0.000814386133850542,-0.001294417242464152
2017-10-13,0.0012174091776393503,0.0072021923378333685,0.0075677460313676725,0.009721260270102894
2017-10-16,0.001333581749650703,-0.0007149828648900236,-0.006864791440930884,0.002567377923025971
2017-10-17,0.0007052507099212235,0.00127246990514851,-0.006830966568647456,-0.0012804016864904622
2017-10-18,0.000978490242006247,-0.006591700963564651,-0.003766470931119148,-0.0006410939176557662
2017-10-19,0.00027353728940404665,0.001758810292158186,0.005917656213846323,-0.004489957433895353
2017-10-20,0.005160750729654495,-0.010613208197604695,-0.006373059753138954,0.005154606580757948
2017-10-23,-0.0038895391007598423,0.0017747153240026403,0.0015623915833617996,0.0
2017-10-24,0.0017570042279833054,-0.006200340513110136,-0.003858794818776823,0.010256418043561588
2017-10-25,-0.004950040988186077,-0.00478014301951124,0.0001648120231156902,0.0012690275398301587
2017-10-26,0.0012926631001757283,-0.0033375353279826436,-0.00840541125580585,0.00443610999396804
2017-10-27,0.008176319884462435,0.00661612925469357,0.004736970715121469,0.005047143945515975
2017-10-30,-0.0037251800970323767,0.009574382937341142,0.0019023633137824625,0.0025110407262183276
2017-10-31,0.0015577522670384703,0.00032196028659137177,-0.003797565383496959,0.0025047511939613187
2017-11-01,0.0013221726975483072,0.004452443040414922,0.003646328400454868,0.0006246056582297488
2017-11-02,0.00038869209283309836,0.004408696139115209,0.0006605716344769696,0.006242228108791714
2017-11-03,0.003338509811730228,0.0027134689404646473,-0.004703355749991034,0.006203364465733774
2017-11-06,0.0015475734696901444,0.003740911123834678,0.008539203746006141,0.019112296162769438
2017-11-07,-0.0006954163464549801,0.004202782046076381,-0.003616953850285376,-0.006049500141190767
2017-11-08,0.0017009845327651263,-0.00221093504494263,0.0034650455582678763,-0.0018260537089239692
2017-11-09,-0.0036277875296530926,-0.002848528552656493,0.004110828013571766,0.0018293942811362651
2017-11-10,-0.00030964742553474256,-0.01507993636213989,-0.008187996581421442,-0.0018260537089239692
2017-11-13,0.0009299745856132802,0.0020952521142474367,0.0014860093226882753,-0.0030487611952987326
2017-11-14,-0.0023228101539561896,0.006754567769224229,0.0020608359165059653,-0.013455779062307438
2017-11-15,-0.005005248793916173,0.010862384870572228,-0.0012339083538733808,-0.0012398479537578666
2017-11-16,0.008500878563772796,-0.008691446788010593,-8.23831309511025e-05,-0.003103642762840697
2017-11-17,-0.0029384911606813446,0.007412764077953327,0.012026351450757033,0.01618925806052851
2017-11-20,0.001706192025869191,-0.00039563252871166465,-0.012616010451388715,-0.00796563617159829
2017-11-21,0.0065428118650256994,0.0031660789620733265,0.0016487064682373376,0.006794204727446518
2017-11-22,-0.0008846091975972525,0.0032346058277479273,0.009217308019892956,0.005521438002939805
2017-11-24,0.00230968720191993,-0.002752100418692782,-0.002527909692056296,0.003050828210250378
2017-11-27,-0.0004990117728398413,-0.0014200600597986668,0.004169409233999888,-0.0018249431030400443
2017-11-28,0.010144925298497531,0.0013428632502674454,-0.0001628614521104188,-0.004265733708122554
2017-11-29,-0.0006088200958880297,-0.009859066054219379,-0.0062698205225436565,-0.006731835283559473
2017-11-30,0.008754901008293903,-0.003345187707867514,-0.007702412605330111,-0.004312973337616488
2017-12-01,-0.002075528129124815,0.013494645815552486,0.004046225185331043,0.008663241502419705
2017-12-04,-0.001209923433170279,0.0004742801687331877,-0.00337195530112111,-0.012269862228755035
2017-12-05,-0.003596468532190089,0.0049757947533008995,-0.007096885692240984,0.0
2017-12-06,0.0001897055342641174,0.0034580601247136133,-0.002077792558461522,-0.016770150650821103
2017-12-07,0.003153372454724801,-0.007832143532925162,-0.01315900587216201,0.0031585396651299114
2017-12-08,0.005452893483572252,7.839636129114425e-05,-8.434894941455884e-05,0.00503775152618946
2017-12-11,0.0030130436702164864,-0.0020517280734999588,-0.003966924437765251,0.002506249898841739
2017-12-12,0.0017647545802472742,-0.0003953234395923655,0.0011863349471583629,-0.008749945096932166
2017-12-13,-0.00011217378253136623,0.007516994621303841,0.008633065001213636,-0.004413662353265235
2017-12-14,-0.004086321285905914,0.0042409827762104335,-0.002013911785324396,0.0031666126467475575
2017-12-15,0.008327436863937443,0.003753457997466292,0.0021020768465358497,0.0
2017-12-18,0.006341354868440119,-0.009115698770390424,0.004614893860962033,0.004419163910282409
2017-12-19,-0.0038405234652536535,-0.01297369171008289,0.0007516606979649509,0.0075424494537270625
2017-12-20,-0.0005240885910090531,-0.011073220538926898,0.002670670135530351,0.005614507675034686
2017-12-21,0.0020596364435430115,0.005828863539927509,0.0014150005810633637,0.0006202034908435738
2017-12-22,-0.00026164281287066604,0.0013640172240545478,0.005236513137702126,0.004339852471450856
2017-12-26,-0.0011959582109187794,0.0029650417931459394,0.006862859144246114,0.014814860204001024
2017-12-27,0.00048664510145624007,0.013026026334327145,0.0037776687734956127,0.0024329372691502815
2017-12-28,0.0020570114069626833,-0.0008678238890275081,0.005072364396301321,0.0048544071433525016
2017-12-29,-0.0037703780831168654,0.0015788095559037263,0.006512031434223742,0.003019440984836308
2018-01-02,0.007157274879150632,-0.01079903533495663,0.012131014811884722,0.004816209105975133
2018-01-03,0.006325217856579579,0.004781370186659473,-0.002636850395774437,0.005991844835185001
2018-01-04,0.004214683996057067,-0.0001587502804393237,0.00512737855482448,-0.0011912447308197738
2018-01-05,0.006664215763912074,-0.002855701647163311,-0.0010361649479244672,-0.003577996461891386
2018-01-08,0.0018288687407492787,-0.0006362963679903411,-0.00015961279955856167,-0.0005983053168976404
2018-01-09,0.002263162376491268,-0.013372527861157835,-0.0046284750854691525,0.006586784525180134
2018-01-10,-0.0015300586440177844,-0.0012101543403946202,0.002405158456580736,0.0035692814712284804
2018-01-11,0.007296098832658471,0.004119525851895123,0.003279242310744168,-0.0005927645018515282
2018-01-12,0.0065191717128150195,0.001689088656197768,0.012117319941670202,0.006524209974733797
2018-01-16,-0.0034184618578931847,0.004176240534055742,0.0016540570729914883,-0.004714172389546967
2018-01-17,0.00953180675405818,-0.001360080964524335,-0.008099385028916384,0.0011842588411012933
2018-01-18,-0.0016806559711461944,-0.0092889949078373,-0.002219746160232239,0.0
2018-01-19,0.004549775238487985,-0.0052543600933230294,0.004449368789751107,-0.0017740869239220025
2018-01-22,0.008130623030614403,0.0009750773607353214,0.0018193589642852004,0.002369586376565591
2018-01-23,0.002122675833202914,0.0043028412596730625,0.004974316982453653,0.0070922208042654145
2018-01-24,-0.0003884924511168286,-0.005416164497972109,0.012177899643490031,0.010563380048596471
2018-01-25,0.0004239969767811935,0.008208681522248629,-0.006675468432262743,-0.005807033396468597
2018-01-26,0.0115776720934051,-0.0037079802968756903,0.0007814808358339587,0.007593211244030229
2018-01-29,-0.0066301407183215755,-0.00695854991717737,-0.005621994291566623,-0.002898532717944158
2018-01-30,-0.010256935949419677,-0.005866435048401675,-0.004318770545372663,-0.006976700718361428
2018-01-31,0.0004969504723095763,0.005901053193679617,0.006703457836465088,0.0011709528405843272
2018-02-01,-0.0011354018672135036,-0.014492717703966651,0.003290292152912322,0.009941524132633273
2018-02-02,-0.02176962061445964,-0.009279640402272693,-0.013117887393550687,-0.01621311524772351
2018-02-05,-0.04182262647517798,0.00945016309818092,0.002531843471552664,-0.009417245523405726
2018-02-06,0.01970176558697423,-0.006213170292165171,-0.010496423649786535,-0.005941800237253769
2018-02-07,-0.0054246885229576325,-0.009503317663979272,-0.004705665583148222,-0.011356705353929297
2018-02-08,-0.03750870929682126,-0.001093808613077396,0.0015225774502147793,-0.010278252372465713
2018-02-09,0.015021688549514467,-0.006319076746224894,-0.0016803225174144565,-0.0146610110627714
2018-02-12,0.014684523225570345,0.004408875368987264,0.004808897328354433,0.006199729302077905
2018-02-13,0.002487265952931139,0.004473917330604316,0.0056632293923437604,0.0018484866471235595
2018-02-14,0.013496290642049491,-0.011092966899999501,0.017052616317100977,0.015375055620759692
2018-02-15,0.012760240041055582,0.0033991216938491498,0.001169844500285011,0.0018172057828917954
2018-02-16,0.00029245126873167493,0.005420353340128248,-0.003271582663696204,0.0018136367368750683
2018-02-20,-0.006260853140360845,-0.004380361364759056,-0.013441710167313103,0.0030175506863896473
2018-02-21,-0.004974378180312877,-0.012268187664225105,-0.004594377467322608,-0.0012033618386880773
2018-02-22,0.0012958625209191776,0.002997674179262999,0.005093103382117992,0.009036019519715666
2018-02-23,0.015939487092727633,0.008882100675515314,-0.0012668539845070992,0.006567258180316449
2018-02-26,0.011612659615465759,0.00033860529762708147,0.0024575674654647717,0.005338178530817084
2018-02-27,-0.012486559334814018,-0.0014385646868124713,-0.01043890649807222,-0.010029500998617658
2018-02-28,-0.010130376264151586,0.006355864341621054,-0.0010388975966705294,-0.010727121961417896
2018-03-01,-0.014540478311201754,0.006826626928919888,-0.0022399902343750444,0.0018070815880382174
2018-03-02,0.00515486976608992,-0.008129119165111609,0.005372018620811936,0.0
2018-03-05,0.011557917223681491,-0.0027039785095305247,-0.0016747674096407872,0.006013327648215938
2018-03-06,0.0025347586644111075,0.0009315884402558705,0.010784458146907872,0.0035865515744537557
2018-03-07,-0.0003662429013367996,-0.001100289365680962,-0.006401624645603676,-0.010720732287314183
2018-03-08,0.004838789941234989,0.005762304424926867,-0.0023862794212923255,-0.0060205669881117085
2018-03-09,0.017402746986491024,-0.006571637085051041,0.0009568071147663115,0.009691172036580209
2018-03-12,-0.001255188818068187,0.005767521900770234,0.0,-0.001799763960723122
2018-03-13,-0.0064627454817663965,0.005058997882676719,0.0019117242474055995,-0.0030047211623641656
2018-03-14,-0.005131746031646345,0.008809544052598595,-0.0006360457292980959,0.0
2018-03-15,-0.0010895755750213176,0.0,-0.006364323323672649,-0.0006027689430594396
2018-03-16,0.0010848229265481013,-0.0035762674135184636,-0.0024019459414951205,0.0036187269203169503
2018-03-19,-0.013530565907749481,-0.0031718261449726892,0.0021669685053569143,-0.006610467905125539
2018-03-20,0.0017008229679134068,-0.004019046018441053,-0.004484705499084418,0.006654456979414025
2018-03-21,-0.0019197048896185676,0.0010930431520785877,0.01745640608927701,0.018029004873554078
2018-03-22,-0.024997122521928095,0.00990912084720641,-0.003953194075975608,-0.0076742281589776695
2018-03-23,-0.02131420283727148,-0.0007483041675642177,0.012938539529958382,0.008923069469329858
2018-03-26,0.027358956815074942,-0.0038278371061447602,0.005250357853935794,0.0005896855444966764
2018-03-27,-0.017011802587368452,0.010692386384823394,-0.0061584106879087885,-0.004124900840853596
2018-03-28,-0.002954928210696095,0.002645059491829471,-0.01380496145836152,-0.004141919375878045
2018-03-29,0.012777654814633443,0.004863321047418934,0.0004771936450476133,0.008912532794312256
2018-04-02,-0.021584464600993836,0.001972773180866527,0.011686153191860393,-0.013545330213926787
2018-04-03,0.012816979413210472,-0.00771218201370405,-0.007543604183229413,0.005373235727441417
2018-04-04,0.010699038644611747,-0.002066997120668823,0.0011876001018218396,-0.004156676437966578
2018-04-05,0.007892092727770805,-0.007457442685351534,-0.005140323544257752,0.004770392891495723
2018-04-06,-0.022285708774247515,0.01093588987900862,0.004689954877408642,-0.007121750318993203
2018-04-09,0.004928190762895079,0.0016516707545088938,0.0034021703240154633,0.012552424821178132
2018-04-10,0.015900466166049787,-0.0018137454929686436,0.0023655815524343815,0.01711913495579731
2018-04-11,-0.005242314296371453,0.0035513723645776984,0.007787899955785216,0.007545063203742819
2018-04-12,0.0082269440984446,-0.007324700683822183,-0.011630613197024187,-0.004032167409217746
2018-04-13,-0.0029328745203881512,0.0023213147854510563,0.006555000660688037,0.0005781042980792517
2018-04-16,0.008221488089148243,0.0003310903608102489,0.0014123209845888773,-0.003468186609174362
2018-04-17,0.010698246693325197,0.002728394272363488,0.0009402393572395251,0.0005800427981945688
2018-04-18,0.0007405435415319683,-0.007997991697257012,0.0007827669207129961,0.018550805573029905
2018-04-19,-0.005547469612836586,-0.008146694154920198,-0.001955416527053,-0.003984038678206958
2018-04-20,-0.008479261402978722,-0.0072074297009390165,-0.007601890535287481,-0.0017142748852508882
2018-04-23,-0.00015031819407262947,0.00025353533624050684,-0.007975949843974872,-0.0005725353618230011
2018-04-24,-0.013467093127971008,-0.004557623850245385,0.004855919415812648,-0.005154607205169803
2018-04-25,0.002471466945709544,-0.006698050836535074,-0.006496075996334616,0.0017272348312680208
2018-04-26,0.010165924178328067,0.006998983261433667,-0.0035085115107064135,0.005172316102522556
2018-04-27,0.0009386131770914297,0.007713542794516526,0.004241008034887361,-0.00057175171180468
2018-04-30,-0.0076902679367983895,0.0017661958287464863,-0.007251025196090666,0.004576759455288126
2018-05-01,0.0017764487517801797,-0.0036012425248733715,-0.007063145351023148,-0.005694917318572967
2018-05-02,-0.006717340988990128,-0.0010979588499616666,-0.0004849855228984401,0.0
2018-05-03,-0.0022036764247401752,0.0044807330535212575,0.005095004008440096,0.006300204685423916
2018-05-04,0.0129463196877031,0.0015151139185336504,0.002092067418605348,0.006829780591211865
2018-05-07,0.003383511930893146,-0.0015966357969572353,0.0002408766587147504,-0.0005652875923741751
2018-05-08,0.0,-0.0009263765303312299,0.00016052535213439967,0.0028280366158803805
2018-05-09,0.009665487158310615,-0.005981902717412391,-0.0020868008225221057,0.009024260035298992
2018-05-10,0.009350703342243083,0.008052347848231944,0.0068366320405601755,0.0050307750821207975
2018-05-11,0.0030511353949207454,0.0025228056327850634,-0.0014379318160805399,-0.006117870405166537
2018-05-14,0.00047674307202982824,-0.005284339577512287,-0.004080017089843735,0.007274779374006446
2018-05-15,-0.006886967436093294,-0.011382861373238295,-0.01614583132241265,0.0011111040783660098
2018-05-16,0.004204973861473782,-0.0038378912700649526,-0.0015512935679184991,0.005549542276847896
2018-05-17,-0.0008447224180071489,-0.005051656566324669,0.0005724073456552237,0.0011034343483642406
2018-05-18,-0.002499969451252859,0.008605681789543684,0.0004086552101045804,0.0005514510756001734
2018-05-21,0.00751838587264686,0.0005115169765610439,0.0005718461950008358,0.007713449724323862
2018-05-22,-0.0027801650152247115,-0.001535176856472531,-0.0005715193738216051,0.0010934251590906108
2018-05-23,0.0027512745561175667,0.007259987801412349,0.001061982268841355,0.0054615240739293025
2018-05-24,-0.002048437510686729,0.007970021650700154,0.00856859323093273,-0.006518155894951416
2018-05-25,-0.002382501685151639,0.006224588536552611,-0.003074660285441455,-0.014762133926295551
2018-05-29,-0.011501218585809436,0.02190266800388141,-0.000162297242228715,-0.009434027815380386
2018-05-30,0.013344508884402195,-0.006707931222273866,0.001461160009810003,0.01288526303256976
2018-05-31,-0.006125769158253469,-0.0016472195237343668,-0.00218857312515075,-0.002765531517239017
2018-06-01,0.009817591873837905,-0.00528347562397391,-0.004955325896935703,-0.006655719678352212
2018-06-04,0.004751703888705716,-0.00723232707944832,-0.000979631964080463,-0.011725220759961075
2018-06-05,0.0007274142931399386,0.002344836924959681,0.003922495029546447,0.0016949046685430513
2018-06-06,0.008360599669563262,-0.008103194521592139,0.0005697980927446,0.003384200899582135
2018-06-07,-0.00010846268559105976,0.009685237744132769,-0.00048810250152531154,0.003934833286675765
2018-06-08,0.0029565841307994667,-0.0030026900734798634,0.0012209142530825723,-0.0005600331611380627
2018-06-11,0.0013300287866941929,-0.0018404992176477286,0.0017884823744616085,-0.0005601573900709811
2018-06-12,0.0012924656406241297,0.000251162572724839,-0.0033271415316106223,-0.0005605345723054267
2018-06-13,-0.003190963711135697,-0.0005026870575408626,0.003012561044629436,0.003925942632712953
2018-06-14,0.0025176311702090892,0.008300054257284417,0.0015422908372948463,-0.011173239982480987
2018-06-15,-0.001275777573108483,0.0009147084603873257,-0.01653429211330959,-0.024293761042850415
2018-06-18,-0.0020566872559270033,-0.0009138725334493225,-0.0018954650937899054,0.008685658105633376
2018-06-19,-0.0038325171139359515,0.005820299699590192,-0.0025596363391253707,-0.010333079322781269
2018-06-20,0.0017057167817020602,-0.008762501753350915,-0.004470206141435118,-0.0011600201657293585
2018-06-21,-0.006268687251458571,0.005253769331370561,-0.001746208886931222,-0.007549313732695961
2018-06-22,0.0018230273956227894,-8.343028614410386e-05,0.0024156041546103957,0.019894681196466202
2018-06-25,-0.013612979063329589,0.00224040284405036,-0.0037393797734436296,-0.011474525966015725
2018-06-26,0.00221411896399637,0.0014076284510180503,-0.0052547940330739396,0.00986658082419889
2018-06-27,-0.00828422229209258,0.009423559194893238,-0.005701830395735019,0.005172316102522556
2018-06-28,0.005717777070678665,0.00024588039051809396,-0.00303593021413906,-0.00057175171180468
2018-06-29,0.0014394175706156087,-0.0034388565597287535,0.003637288959023266,0.011441640509038509
2018-07-02,0.0021377582875774515,-0.0007821926131764689,-0.010029518972628937,-0.02092766236439303
2018-07-03,-0.003531282699263172,0.00535656293091491,0.01013112932642235,-0.0011551336849260352
2018-07-05,0.008158290610426944,0.0028685935055976497,0.003371272825408722,0.005783456913647234
2018-07-06,0.008458461338860301,0.0032694900657832537,-0.0015959885471287238,0.0046004461113346995
2018-07-09,0.009004060005457726,-0.006435769769461586,0.0024398528860691826,0.00515172057949842
2018-07-10,0.0035985943980947344,-8.227258479731603e-05,-0.001846422307055895,-0.0022779540797707165
2018-07-11,-0.007314557422034795,0.003854184147389361,-0.010846724226159843,-0.03481732506510282
2018-07-12,0.009065855074924745,-8.188433659450656e-05,0.004165231777556899,0.00532226077176623
2018-07-13,0.0007872819845180512,0.002532609052560142,-0.004401901762097649,0.0017646947582361516
2018-07-16,-0.0008937331057382591,-0.004155790570947837,-0.0005101399394812356,-0.021139099395317884
2018-07-17,0.004044861743539574,-0.0018819002580182653,-0.01080394929383155,0.0011996170807120343
2018-07-18,0.002103720370116191,-0.004017356670462768,0.00025798744076199753,0.008987496905366932
2018-07-19,-0.003771339950265684,0.006337735391037214,-0.004298856594405098,-0.0011876409779409958
2018-07-20,-0.001142751064550862,-0.012268389751168729,0.006476124823511453,0.007134453006044428
2018-07-23,0.001859356852568661,-0.012339206346418385,-0.004804371742649027,0.003541823401458366
2018-07-24,0.005031993990048056,0.0034377256733242323,0.0003448354786839136,0.005294150629089334
2018-07-25,0.008522734574861968,-0.0015876996692770762,0.005515334234738045,0.013458143395865818
2018-07-26,-0.0023594246916506245,-0.0019241724170018237,-0.0077991400388178755,0.0
2018-07-27,-0.006776046970179084,0.001676613327163512,0.0005183138095208317,-0.004041675163213521
2018-07-30,-0.0052239071496464895,-0.003431770535126888,-0.0015540041641225466,0.005797261614075566
2018-07-31,0.004929618000160785,0.005459968125169246,0.002939873181190933,-0.00576384708462252
2018-08-01,-0.0016706147557227213,-0.008146975028527903,-0.007328204929526905,-0.014492663589720789
2018-08-02,0.005447680690399137,0.001435359274219783,-0.005384772884042377,0.005882315860787246
2018-08-03,0.0042847799195371294,0.004973260507419086,0.003492853105171001,0.003508815907388607
2018-08-06,0.003667008656663473,0.0005868572666669625,-0.0051339744804317355,0.0017482407156881319
2018-08-07,0.003302799287236091,-0.0051973644824698795,0.0022740706959851753,0.007562554338264693
2018-08-08,-0.0004209277682518664,0.001011239102591599,0.002792628802213759,-0.012124699847475773
2018-08-09,-0.0013656481177601876,0.008418289606864526,-0.0014794690881722028,-0.004091214786073216
2018-08-10,-0.006700282644086064,0.007262814597394973,-0.0004357279352805721,0.0
2018-08-13,-0.0037434308889499057,-0.0020720953343256188,-0.01508416880379293,-0.005281590726367691
2018-08-14,0.006380505125358926,-0.0022422078901833675,0.0009738014451408095,0.0017697005464629711
2018-08-15,-0.007467530299489211,0.005827011393568116,-0.016626844065553037,-0.0217901405201123
2018-08-16,0.008091969455481962,-8.324973705553518e-05,-0.0008094609704913935,0.007826560512396163
2018-08-17,0.0035202523719173318,0.0012414920842582777,0.009270916232611892,0.0041815744687503376
2018-08-20,0.0021398563018235617,0.006695409051790557,0.0049942495470025605,0.0017846407356141292
2018-08-21,0.0023450512697549275,-0.003366620523649999,0.002928336094692563,0.0017814614669113826
2018-08-22,-0.0005932121983109884,0.00395432731254064,0.002211997942183075,0.014226481775851507
2018-08-23,-0.0013282326309569381,0.0015593074907900295,-0.009446452957847074,-0.0017534154384813982
2018-08-24,0.00601867595038863,0.001966389194780538,0.01746886601762876,0.007611193463798127
2018-08-27,0.00789526859935985,-0.005724013189529864,0.00376657902932398,0.0034863889842928764
2018-08-28,0.00048304305946467174,-0.006003903308083758,-0.007941321771505638,-0.004053311470428644
2018-08-29,0.0053806963328209,0.0013238603662735215,0.004574213948543848,0.01104650838689536
2018-08-30,-0.004048158816768788,0.0021483390418219894,-0.004903656511020316,-0.0017249889094882453
2018-08-31,3.46702597087134e-05,-0.002308752614627485,-0.0011439392301669793,0.0011519364397236664
2018-09-04,-0.0017225297583993715,-0.005781364756364704,-0.005109698001402485,-0.0057535742736670725
2018-09-05,-0.0026913097402136987,-0.0026663018629330404,0.0034534613352918964,-0.004051095848256692
2018-09-06,-0.003010246608985523,0.003675885752910224,0.0019414156485668688,-0.00581047352124564
2018-09-07,-0.001943274122642391,-0.008489827061693878,-0.0027302937827557994,0.0023378652753793805
2018-09-10,0.0017382818035966974,0.0036936208070410537,-0.000706542689065337,0.0034983884050405756
2018-09-11,0.0032977700032739143,-0.007610520190642789,0.0006186451072049959,0.009877981956850634
2018-09-12,0.00024213148687746155,0.002359462968449355,0.008390716640166218,0.006904574704237554
2018-09-13,0.005914303460789583,0.0015139046978549509,-0.003591101333891067,-0.010857267648877289
2018-09-14,0.00017220579505083933,-0.004785449242637796,-0.006504970809317334,-0.006354668920543705
2018-09-17,-0.005294209098863467,0.0,0.005220350246058381,-0.0011626522874140788
2018-09-18,0.005425670635286428,-0.010459687333395418,-0.0014963310274801467,0.0093130298571249
2018-09-19,0.0010660080173945374,-0.005967073301738068,0.0038786565809445506,0.006343804445561707
2018-09-20,0.00810366230096804,0.0046308078996513125,0.0034246522572403126,0.0
2018-09-21,-0.0009136630668435952,-0.0004265018118919661,-0.006825928084458366,0.0022921844455061624
2018-09-24,-0.0033215501444783246,-0.00256199657055578,-0.00017619740455376842,0.014865737993117412
2018-09-25,-0.000928511565893797,-0.0010276785559502066,0.0015863250483771907,0.0022535068054825302
2018-09-26,-0.0029920548216479936,0.007027945269505453,-0.005279352979018381,-0.0044970700849379375
2018-09-27,0.0027943600966278126,0.0006807640181094587,-0.008845643281780058,0.004517385082253522
2018-09-28,0.00010340315603896144,-0.0026366579841379245,0.006336448595585464,0.010117979688585299
2018-10-01,0.0034741520608090326,-0.007341118989914075,-0.001685016298391906,0.018920366931242993
2018-10-02,-0.0005828036348127785,0.006112813003052553,0.011548397044346626,0.0032769390871663084
2018-10-03,0.0005485432534182433,-0.01737125138902995,-0.003951915050342092,0.009254345089657612
2018-10-04,-0.007815837563069694,-0.007054063025355828,0.0005290529796950771,-0.010787600128134844
2018-10-05,-0.005596742437462554,-0.008594925260473896,0.002819877382429281,-0.0021810113988290913
2018-10-08,0.0,-0.003361221239745471,-0.011072074713894375,-0.002732284899290227
2018-10-09,-0.001459337290866225,0.010119123152219744,0.0005331220730910857,0.007123119583086979
2018-10-10,-0.031663194963879926,-0.00272459799942526,0.00248666770063255,-0.0195862653230775
2018-10-11,-0.022026585429846923,0.012159446325200829,0.025691013434101517,-0.01498331969834299
2018-10-12,0.013888750559603258,-0.003482044097907644,-0.004750349180877911,0.007887210268517464
2018-10-15,-0.005617110604114073,-0.0004367763868784458,0.006682258271583086,0.0022358720127841902
2018-10-16,0.021865647411472677,0.0022724482777756183,-0.0017241116227775244,0.004461956821258273
2018-10-17,0.00017829589507045718,-0.005929515425154297,-8.63742311474347e-05,-0.008884084502993161
2018-10-18,-0.014440432992147811,-0.0003512329652645141,0.001122698440194414,-0.011204538083751103
2018-10-19,-0.000543000547283512,-0.002193318100011332,0.0007764317521294917,0.005665878988078132
2018-10-22,-0.004489268329067486,-0.0013193404617539706,-0.002586010225269386,0.001126816953412657
2018-10-23,-0.005090318768306901,0.0031702105092297206,0.005876763551604158,-0.021947278541269655
2018-10-24,-0.030298686600635172,0.0075491271321752595,0.0023198236435848507,-0.006904379993439513
2018-10-25,0.01794071823398058,-0.004181879093881791,-0.002228717024418514,0.004055594220201408
2018-10-26,-0.017587741305941318,0.006036595979350912,0.0031786521678458524,0.007501330131557626
2018-10-29,-0.005540168712621418,-0.0022608492821805104,-0.003939360261170033,-0.01030908519790108
2018-10-30,0.014818441082130374,-0.004968234209448363,-0.0043847864976440665,-0.005208430572123723
2018-10-31,0.010680793933462773,-0.005080852389233503,-0.005613139108367582,-0.013380050214478856
2018-11-01,0.010641965331389613,0.0009272384227545505,0.01285276342099273,-0.007075295381510416
2018-11-02,-0.005922774413433918,-0.012432965060761747,0.00017151910256396619,-0.0023752819558818805
2018-11-05,0.005516986451135519,0.00392808875230366,-0.0024003324100665413,-0.0005951000497270709
2018-11-06,0.006327568090230384,-0.000621975636001415,-0.002835798085983776,-0.004169457334311288
2018-11-07,0.021409014370415536,0.0013344884950436953,-8.619558903444346e-05,-0.0023921948789434877
2018-11-08,-0.0018149266867791836,-8.913164539314788e-05,-0.0021546152083956605,-0.005995166131024132
2018-11-09,-0.009767853310267971,0.007466400345434998,-0.011228151978489587,-0.010856452901951696
2018-11-12,-0.018685652179391554,0.0065283086986427374,-0.007162820324765118,-0.002439077738217388
2018-11-13,-0.0018708734158348062,-0.0006134850628626287,0.0003518677181439944,-0.02750607778363323
2018-11-14,-0.00683682411909714,0.0006138616578204026,0.008267391966898296,0.008799441645614081
2018-11-15,0.01043660035301075,-0.00043851606097666807,0.0011339606953078007,-0.0018690769048468336
2018-11-16,0.0026007541665511447,0.005787955454556348,0.00740616997802257,0.006242228108791714
2018-11-19,-0.016914357316346718,0.0027898026529649123,0.0004324115306661991,0.0
2018-11-20,-0.018506492388706608,0.00034794290231943137,0.0,-0.03039710867472456
2018-11-21,0.0034076645039320397,-0.00034782188016491133,0.0016426250921932617,0.008317358399004826
2018-11-23,-0.006678635203553163,0.0010431611905987737,-0.0007768338236752159,-0.02918777656640803
2018-11-26,0.016144158479645565,-0.0022581884963917,-0.0011228924348919422,0.004575134389734448
2018-11-27,0.0033647350471577298,0.0011318168090836966,-0.00596681464067883,-0.003903757275555919
2018-11-28,0.02302485652811459,-0.004869287680590362,0.0037407596049732206,-0.0032658188677020528
2018-11-29,-0.0021843388546326503,0.003931966332842318,0.0031201301691909933,0.006553112693417296
2018-11-30,0.00609458348722125,0.003742329848404946,-0.0017279847238081958,-0.004557262883897351
2018-12-03,0.013241816812644025,0.0071009255618590394,0.007529883500850154,0.022890780602494942
2018-12-04,-0.03240251884793066,0.016741532248635504,0.00609912432039339,0.0006392378824644496
2018-12-06,-0.0015171398137215908,0.003139951023037879,0.0001707363609755319,-0.008306585695884161
2018-12-07,-0.02323584822106095,0.0018616115906486819,0.00810992789134457,0.011597937488693422
2018-12-10,0.0018970028292635277,0.004137924900043055,-0.003471894702593792,-0.015923609896668633
2018-12-11,0.00022739383663950008,-0.00016838789807205323,-0.001189661703648759,0.005825279153209184
2018-12-12,0.005035043816625118,-0.004458238486763411,0.0021269354947484054,-0.003217555486790147
2018-12-13,-0.00033904627820124933,-0.0023653929827348597,-0.002207336227265433,0.012911547803297951
2018-12-14,-0.018464893769983726,0.0034721216970747815,-0.0039989894119348834,-0.015296343331268503
2018-12-17,-0.019618150777755305,0.005824036608691907,0.0069195729103175285,-0.011650485295123691
2018-12-18,-0.0010966050459553234,0.0059889323103934355,0.0023754880187698557,-0.02095606540325956
2018-12-19,-0.014975587842637306,0.013210179532823663,-0.006093958623821227,0.004013352489376398
2018-12-20,-0.01627816129893711,-0.0036307255917478187,0.015413416962360094,-0.009327131528479193
2018-12-21,-0.02048935821528619,-0.00016574583449857627,-0.004360924625816387,-0.008742455245799308
2018-12-24,-0.026423155707355428,0.004970271583368602,0.010950096100037499,-0.01106443575969318
2018-12-26,0.05052505005935792,-0.010715832609808462,-0.002999441684935489,0.02223770424821425
2018-12-27,0.007677492119013696,0.00016721774504202536,0.007604847107346435,-0.009517498229923205
2018-12-28,-0.0012901166598802138,0.008413840004067863,0.004064011487183938,-0.008236145798956485
2018-12-31,0.008758900157749938,0.003799786778869496,0.0015694898830167503,0.002768258138954094
2019-01-02,0.0010403283350755022,0.005267033959983403,0.0006598089159148834,0.0027605391908418486
2019-01-03,-0.02386293691265795,0.011379524644532069,0.009066170423806419,0.008258665502166807
2019-01-04,0.033495812281357784,-0.011575234617669738,-0.00808623590052937,0.013652027079669837
2019-01-07,0.007884549973362631,-0.0029482321167990655,0.003458482876331992,0.007407315200867126
2019-01-08,0.009395329625750515,-0.0026282081156694392,-0.00270804061547536,0.010026735878137183
2019-01-09,0.004673469601954361,-0.0015646549404865207,0.006418158373500793,0.019854396961917375
2019-01-10,0.003527626295362296,-0.006433568769678488,-0.005886691481276518,-0.0025956587318660684
2019-01-11,0.0003862320846326206,0.00390174173598834,0.001727170986037363,-0.0032531620377102
2019-01-14,-0.0061007299813313765,-0.0037210918878569643,0.002380897199235621,-0.00848559447098196
2019-01-15,0.01146074956681753,-0.003651898729660985,-0.0017200351443329431,0.007899902990463836
2019-01-16,0.0024198114388060965,0.0009997169471320788,0.003199863787636481,0.005225443676847963
2019-01-17,0.00758653904661144,0.0002494610115810758,-0.001308546962521917,0.0006498302670259193
2019-01-18,0.013310134096372384,-0.005241666479895768,-0.008926410300850951,0.010389519862340713
2019-01-22,-0.013510418392353896,0.006774762457868899,0.0035531343340227117,-0.007069464070314613
2019-01-23,0.002092372078976945,-0.0004157573215229915,-0.0013997379433262624,-0.0012943971967964707
2019-01-24,0.0005314387426678113,0.006566045261531039,-0.0015666428373899421,0.0025922940019353913
2019-01-25,0.008461613088596165,-0.004788553785297633,0.01461726258147622,0.005171326741658877
2019-01-28,-0.007600212374164306,-0.0009958110946749477,0.0034999210730881636,-0.013504876572009272
2019-01-29,-0.0013271892333349689,0.005065809671971122,0.005596580714432919,0.009778354964527836
2019-01-30,0.01583094303536159,-0.00074361760453312,0.005726722578225818,0.0071014115909375786
2019-01-31,0.008782428208108373,0.0085997918596179,0.00048117377030232333,-0.0051281608347022445
2019-02-01,0.00048176219816009613,-0.006039505048166638,-0.002004008016032066,0.009020558179414495
2019-02-04,0.007035558138931197,-0.004464569931954321,-0.004337356751223598,0.0006386263184157137
2019-02-05,0.004191541879794647,0.00456761624900337,0.002581475453272253,-0.004467175829865555
2019-02-06,-0.0013183368045747157,0.0004958822627074699,-0.006758902044908588,0.0012820223631526684
2019-02-07,-0.009532785385843345,0.006610140168108458,0.002430293392984062,-0.009603070518759527
2019-02-08,0.0012214644869854574,0.004267856310262719,0.0037982966608789415,0.001292795694443294
2019-02-11,0.0005545853849913129,-0.003922548002429527,-0.004911042708701019,-0.005810069392299999
2019-02-12,0.012859451073180983,-0.0025441535613927035,0.002103577179937588,0.00584402357479985
2019-02-13,0.0032468540656211964,-0.003784096383123936,-0.003956062177902009,0.005810213170310163
2019-02-14,-0.0022178547979966323,0.005697941346281654,0.005592889654295163,0.0025674077658348615
2019-02-15,0.010897152447304048,0.0015598775668663745,0.005964900110646543,0.018565950594407576
2019-02-19,0.0017301684932597983,0.002541469703480903,0.015224309695700766,0.0025141553785958948
2019-02-20,0.002015463035612397,-0.0028619688821479583,-0.0017363346220005127,0.0031347953628124703
2019-02-21,-0.0035557297130787147,-0.008938898986697641,-0.011306137470128319,0.0031249295324911053
2019-02-22,0.006200186297023791,0.005957915567095018,0.0035985360836492397,0.0024922945761476356
2019-02-25,0.0013613039187074794,-0.0029610793287028203,-0.0010358346885893654,-0.014916037252305392
2019-02-26,-0.0007156077173596787,0.004949946193160137,0.001675034536747555,0.0044163741316158855
2019-02-27,-0.0004297820257682661,-0.011329300053690483,-0.0070871108191714605,0.0050250820429051934
2019-02-28,-0.001862517529639618,-0.0034045934312397774,-0.005613959130088775,-0.002500013223532549
2019-03-01,0.006243949003496008,-0.009242466955454831,-0.017017506627186707,-0.011278220407282769
2019-03-04,-0.0036371747286063627,0.00783739876235745,-0.0026255308667169075,0.0031686376149646645
2019-03-05,-0.0013602201211115883,0.0020905431769893124,0.0013162525939691694,0.005053651743665011
2019-03-06,-0.006057100812585481,0.003671511938663441,-0.0009037184460104486,-0.00565690209527181
2019-03-07,-0.008365729091689311,0.00648456834198452,-0.0008222882461903502,-0.002528388232042156
2019-03-08,-0.0019998072325503324,0.004213122003695169,0.010945553273622899,-0.0006336992958527743
2019-03-11,0.014501382186391965,-0.0029614867469263118,-0.004884390198699684,0.001268202250578776
2019-03-12,0.003770854837771065,0.0070125518495083305,0.006053709964792153,0.006333191323197207
2019-03-13,0.006619427933102218,-0.001884143523099846,0.006992949727453013,0.006293194273509162
2019-03-14,-0.0006397411934034869,-0.00722292606883479,-0.011547098821608426,-0.004377637611971519
2019-03-15,0.004940602239144276,0.0066136190053143196,0.004574769560006908,0.0
2019-03-18,0.0036258251329892577,-0.0005744706612974548,0.0005692420438265788,0.0050250820429051934
2019-03-19,0.0002480583748001308,-0.002219087765855221,0.002763299214570525,0.0025000828210721693
2019-03-20,-0.003010239251419966,0.010460687135470659,0.006484057947534483,0.007481266287732158
2019-03-21,0.011294704775898223,0.002200611482531256,-0.004026413261163153,-0.004950589883908507
2019-03-22,-0.019246063058578566,0.015534601820239802,0.002344768069306058,-0.008706479461972894
2019-03-25,-0.0007522613145392043,0.0016017242682098143,0.007663119616744263,0.003764170479017004
2019-03-26,0.007454149936487298,-0.0007192734562390113,-0.004963137418149799,0.0018750273170342613
2019-03-27,-0.005229292057818968,0.009202642146582063,-0.005229296137734152,-0.005614554508027503
2019-03-28,0.0037911495028846165,0.003487937871827773,-0.014152850613865509,-0.0031366922999862545
2019-03-29,0.0063051237796911686,-0.000947840088638463,0.0009023839948698598,0.0006292423400835467
2019-04-01,0.011858816722639443,-0.014203710350849219,-0.003934131206699276,0.009433960282020815
2019-04-02,0.0004900419530096123,0.0018492020199223358,0.0037028271386223555,0.0024922945761476356
2019-04-03,0.0015733283608856397,-0.008667629152662948,-0.0014756542074283452,0.0012429800349447184
2019-04-04,0.0026539856565481745,0.002833340875284751,0.00254513588527594,0.000620787599123096
2019-04-05,0.004840007957084724,0.001291584239653698,-0.0010645913747292512,0.0031016669076386894
2019-04-08,0.0007622157550797315,-0.0035476384871682143,0.004344964459018774,0.0037106293119055778
2019-04-09,-0.0051248077388537094,0.0031556144783095874,0.0052240582686200465,-0.0018484557219691222
2019-04-10,0.0034113223463778652,0.002419600949163936,0.003085645543724258,0.008641917941853983
2019-04-11,-0.0002780382750317001,-0.005873552877552979,-0.012790430232882732,-0.0048958507256203765
2019-04-12,0.006766340470062415,-0.0071225350233550255,-0.0009839698252590567,0.003074824285482336
2019-04-15,-0.0006547976688079382,0.00252705467082337,-0.0018879040751599296,-0.0018392528887719584
2019-04-16,0.0006552267097299502,-0.00626135440545339,-0.008963785785923273,-0.003685489148289589
2019-04-17,-0.002447121927797391,0.000409301574347376,-0.0019085831288392363,-0.003699053569545474
2019-04-18,0.0019692119080645387,0.005234836462007397,0.0007482870651696061,0.0030939205656446145
2019-04-22,0.0008620474616796159,-0.004800726568071623,0.0,0.004935389090553466
2019-04-23,0.008991691642287858,0.00212552590181625,-0.002076929420084306,0.0012275142286584106
2019-04-24,-0.0022192509027991747,0.008158814243142354,0.0029137401441747812,-0.003678574052271677
2019-04-25,-0.0006157570342221197,-0.0014566079136654198,0.0008300695036758121,-0.001846180750833204
2019-04-26,0.0046563771806233945,0.0034036840326641116,0.006635175033447016,-0.011713875597560541
2019-04-29,0.0015678132477905393,-0.006380647642710735,-0.004449212353194509,0.0006238857013052268
2019-04-30,0.0005103828703674207,0.005120881942010325,0.0030621129817147708,0.003117136433243406
2019-05-01,-0.007516336396224732,0.004125550585059923,-0.0066006224629272525,-0.003107450087361574
2019-05-02,-0.002159066268436316,-0.004762017226083715,-0.0038205903541769226,-0.011222038279546154
2019-05-03,0.009787910525529409,0.0028379813976056045,0.005919618726200282,0.0006305028133555268
2019-05-06,-0.004115494441518153,0.002749770431272225,0.001326117121353887,0.0031506679855379804
2019-05-07,-0.016699584708398163,0.007661091020619404,0.003310996887363693,-0.012562879975445695
2019-05-08,-0.0013892168836858731,-0.004321832522471869,-0.0024750055657883907,0.001272235971721214
2019-05-09,-0.003025398725509998,0.004099600080046395,0.002398422606480155,-0.005082548523018038
2019-05-10,0.005023075103000041,-0.0013610550701196322,0.001897717514232511,0.0019156656294530006
2019-05-13,-0.025130021489089716,0.007855976372784124,0.010211626950944463,-0.005098745296022278
2019-05-14,0.009043290346922639,-0.0029427333692255697,-0.001711902564663248,0.013452825547777714
2019-05-15,0.005857519147000501,0.006142153675917417,-0.0005716127335255727,0.008849640369857026
2019-05-16,0.009261239539865462,-0.003329977228037184,-0.007190107507202059,0.00563904043167085
2019-05-17,-0.006465253145384264,0.002227477348192286,-0.007077611679961793,-0.009345792447269297
2019-05-20,-0.006611888614184047,-0.002063629852376958,-8.290208125960596e-05,0.004402556819435244
2019-05-21,0.009015633014108682,-0.0015908234320812786,-0.002320944800343727,0.0006261599735535306
2019-05-22,-0.0030709031893175753,0.005735591560158015,-0.0009970317877491253,-0.014393015702808376
2019-05-23,-0.012219069258396553,0.011247869735847349,0.007734533613593886,-0.020952334086878133
2019-05-24,0.0022687588066159226,0.0008611716399637981,0.0010729131367257505,0.013618659059213112
2019-05-28,-0.009300955228208063,0.007199603534895127,-0.0038747008151563955,0.008317364934993243
2019-05-29,-0.006710716967411767,0.0030305975789213235,0.00033105118696652447,-0.0038070914453035565
2019-05-30,0.002731288007195465,0.00859871228389153,0.0067841455794739325,-0.010191065725752901
2019-05-31,-0.013475244079760751,0.012519283515131097,0.013476862164072179,-0.026383575769236445
2019-06-03,-0.0025432792404006532,0.006688928134393368,0.014432812396575123,-0.0033046918366214095
2019-06-04,0.021706547614593008,-0.011401573180478852,0.0003197259638094696,0.005968256875110933
2019-06-05,0.00866262956654218,-0.005651695736087925,0.00255692921232642,-0.020435194445145854
2019-06-06,0.00650267608446109,0.0032261298296036856,0.003267681746441209,0.01749669154068534
2019-06-07,0.010007175667177792,0.008651563573594645,0.0056402851919619135,0.0033069510783052536
2019-06-10,0.004589101492042502,-0.009412580810848836,-0.00995334973762696,-0.0026368703207700905
2019-06-11,-0.00024271097225192495,0.0006132344066793749,-0.0011968524989021123,0.006609383673242819
2019-06-12,-0.0017653427340733607,0.0007658561054662005,0.00519253494403471,-0.013788484013275593
2019-06-13,0.004126613874180229,0.0034435704481963203,0.006119340633088832,0.012649736641443532
2019-06-14,-0.0011050877197097408,0.0025166813016632705,-0.00031596300165459557,0.0039447574355979675
2019-06-17,0.00038008134233891155,0.0017496342288210176,-0.0006320654488249922,-0.004584194483258641
2019-06-18,0.010471212177231237,0.005011383832876248,0.005060083591572395,0.011842131964708624
2019-06-19,0.002257160141283965,0.0014359663953873447,0.006057242183997058,-0.001950541253476934
2019-06-20,0.009554637665034837,0.0026405714067323505,0.025177896911959374,0.020195419370194756
2019-06-21,-0.0014538070711688222,-0.010986762647823167,0.006635612181659978,0.0025542919478684922
2019-06-24,-0.0012244980546679551,0.007456376598035108,0.014850786310930397,0.0044585690901954855
2019-06-25,-0.009807879200797176,0.00309659925083805,0.0019411266395166216,0.003170505626447051
2019-06-26,-0.000997744815400381,-0.0063995634057765205,-0.009165393111099984,0.005056917242939107
2019-06-27,0.0035461541710744005,0.007046970277562847,-0.000977700846950591,0.0
2019-06-28,0.005145813708534064,-0.0006772523493879801,0.0027100317696175935,-0.010691723603586167
2019-07-01,0.009078438897957897,-0.002338402956597485,-0.019369383559800002,-0.0006357843441592292
2019-07-02,0.0026040973005712065,0.007713162589239264,0.021359735486276676,-0.016539421818336897
2019-07-03,0.00799541809328641,0.007129014768771702,0.001649060899963084,0.00970245530037217
2019-07-05,-0.0011378613026368223,-0.013263376629802037,-0.011150231525253074,0.0019218729847476634
2019-07-08,-0.005494999552672075,0.001359642547196671,-0.006432617734537516,-0.0012788147158316887
2019-07-09,0.0012467990208715474,-0.0003776793630234643,0.0035037454291328984,0.0032010947969485226
2019-07-10,0.0047777475631030075,-0.005506382951473321,0.015787490178783115,0.021697518287763007
2019-07-11,0.002344632710806982,-0.013350435903033087,-0.008443584154164463,0.0006245954996433323
2019-07-12,0.004476836627759884,0.0011532060695056412,0.006254723814186791,0.002496822494479911
2019-07-15,0.00033254622482470353,0.005759605880073959,0.0,-0.010585274581799364
2019-07-16,-0.0032253453094091,-0.0029778899413647197,-0.008462554430785363,-0.010698591447434014
2019-07-17,-0.006804849512298872,0.010798146041254064,0.01646531748539748,-0.008905864313625167
2019-07-18,0.0036608392707881965,7.524753437482268e-05,0.014117951186161548,-0.007060317750750333
2019-07-19,-0.005554929066410641,-0.002347932281171361,-0.014727392803034478,0.005817724588880635
2019-07-22,0.002456425097915327,0.0018983659083993132,-0.00014876383044060137,-0.0032132951697876333
2019-07-23,0.0071499386973057355,-0.005457191911677817,-0.005652618252780628,0.006447379237731532
2019-07-24,0.00469974119767369,0.004343821149460858,0.005086339018351538,-0.004484275182592534
2019-07-25,-0.004777102380847942,-0.004780425013027223,-0.007070008058076338,-0.003861131682841634
2019-07-26,0.006699810822111019,0.0023635441065936735,0.001648937368628589,0.001292104537745642
2019-07-29,-0.001821215974189383,0.00030383080060891743,0.006659678193005059,0.0038709522610094194
2019-07-30,-0.0024543203774967104,0.0024337093379476205,0.003344956160896251,0.005783931305617607
2019-07-31,-0.010940897886002054,0.008040583115777045,-0.013112972808538625,-0.006389633140422846
2019-08-01,-0.008707649572134768,0.01986084547280753,0.02402219643390402,-0.027652753842589806
2019-08-02,-0.0075296548512692185,0.009241040449916804,-0.0038120684590625675,0.0013227215127691316
2019-08-05,-0.03007279183526468,0.017288291318659166,0.013981852270352535,-0.008586479608085451
2019-08-06,0.014022622642125171,0.00799312661200946,0.008128386897085838,-0.005329808319195606
2019-08-07,0.0005907345343525439,0.00035668007512068556,0.015189695160357397,-0.012726066612855802
2019-08-08,0.019620291570758397,0.0021430146856906696,0.005034686098196239,0.005427437319150297
2019-08-09,-0.00681154573809295,-0.001995686510524952,-0.0033161732510501585,0.008771957507367478
2019-08-12,-0.012173378676454849,0.020850118575194143,0.009698502260031328,-0.007357767956760797
2019-08-13,0.015551555572086428,-0.0034276819356092725,-0.005959518154781018,0.023584746382091515
2019-08-14,-0.029567703512137444,0.02252959441788205,0.0068415942238304606,-0.015141566258656813
2019-08-15,0.0026418437330977262,0.011119233528650518,0.0066549698650941735,-0.008021210056405992
2019-08-16,0.01475522485144487,-0.0080102119290959,-0.006402214255277094,-0.0006739892524902924
2019-08-19,0.012047662677614701,-0.01430230080323136,-0.011696303286335752,0.004720130593708793
2019-08-20,-0.007662639001171034,0.010344424207134217,0.007795380191040424,0.0026845781036151095
2019-08-21,0.008135553723678468,-0.006665110829467746,-0.003164420123660472,0.003346719415951549
2019-08-22,-0.00030800706254996424,-0.0066408738937873135,-0.0025395077899371676,-0.004669749028383019
2019-08-23,-0.02568749512990809,0.01643438154927379,0.019589847185487175,-0.0073726372474691715
2019-08-26,0.011058500554847361,-0.004042181030016079,0.00013875475282665306,-0.0006752794052187205
2019-08-27,-0.003923368158164631,0.015408797517538764,0.00957073902105865,0.006756755231609679
2019-08-28,0.007041218006647476,0.001287288709535428,-0.002816539407023644,0.008724860152844904
2019-08-29,0.012773147666609974,-0.0037888172411724153,-0.007164566813753437,0.0026613581261478725
2019-08-30,-0.00044418803351664593,0.0002715814382781012,-0.0025672712303844714,-0.015925690701325212
2019-09-03,-0.005847395618255646,0.001292090324885642,0.013913043478260834,-0.005394424237327389
2019-09-04,0.01135040843171864,0.0014943654742658463,0.006243592878966586,0.023728730898000094
2019-09-05,0.01285577150434647,-0.01810926632126575,-0.024001119491110168,-0.0013244735199321456
2019-09-06,0.0007716248166980133,0.007114423355607968,-0.008523132778435305,0.0026525339966452233
2019-09-09,0.0005038514070416777,-0.01776499049375624,-0.0037344897557421985,0.009259271533957891
2019-09-10,-0.00023519359946977403,-0.01752800512827213,-0.008557937047107611,0.0013105864370794862
2019-09-11,0.007111320019717926,-0.0017770120390128152,0.006063676329913781,-0.007198863643402942
2019-09-12,0.003463628801838592,-0.006550638784968421,0.002056360685188219,-0.00395530548115508
2019-09-13,-0.0006640163599989091,-0.021359305821045393,-0.008279177519783909,0.0
2019-09-16,-0.00308845357070453,0.012743592434625306,0.008348294532203537,0.04434153076644454
2019-09-17,0.0025321755314393624,0.005424084293341513,0.0019813102518067005,-0.019011472850536837
2019-09-18,0.000597776500554259,0.004243269043344267,-0.006285306153149484,-0.006459875269685944
2019-09-19,-6.634251258519352e-05,0.0030082545622187595,0.004050828215713009,0.005201588148934233
2019-09-20,-0.004724888198152533,0.013210363340684816,0.011820485442912032,0.001293559866813565
2019-09-23,-0.00023450094274113376,-0.00021132416743174787,0.005596383832365381,0.002584137140042131
2019-09-24,-0.007846849746664941,0.012054581248928109,0.005286918308423871,-0.01159803476648058
2019-09-25,0.005914710542612722,-0.0146275703639136,-0.018545379403875573,-0.00586702749710899
2019-09-26,-0.0020833097822523516,0.006433204672339654,-0.0002820880237280887,0.0
2019-09-27,-0.005387086918730133,0.0024572700128120406,-0.005148429100112373,-0.0039344107635536085
2019-09-30,0.004637680301083025,0.002452892521067618,-0.015525325955691782,-0.00987491539248031
2019-10-01,-0.011894900153104793,0.0030099157583483027,0.005472814807717441,-0.0006648786515016658
2019-10-02,-0.017664175070816523,0.0024436727889332044,0.011673634369571584,-0.008649395387680614
2019-10-03,0.008192597999854057,0.00912205130509669,0.004530648552570016,-0.0013422516839989296
2019-10-04,0.013532060112471989,0.007383160638211761,0.0,0.008064484142649153
2019-10-07,-0.004314749358428349,-0.00828847048812198,-0.008527071931805796,-0.0013333775788116897
2019-10-08,-0.015524827636163141,0.0026942154254070427,0.00874259511120079,-0.0006675417559262042
2019-10-09,0.009496444721864616,-0.005648827132721079,0.0009160434363713055,0.002672099434650299
2019-10-10,0.006763324420219208,-0.014894099967177277,-0.008729359144837523,0.006662149117119265
2019-10-11,0.010367224796528296,-0.012376917195872417,-0.005539370732339566,0.011912741352862133
2019-10-14,-0.0011139888841851242,0.00726254722018238,0.003999125640758994,-0.004578197954515195
2019-10-15,0.009900434064823438,-0.012087636207963937,-0.006970593591764218,-0.0026280616698961534
2019-10-16,-0.0016060165678501992,0.0012155727284008933,0.0057302703836425994,0.0013174199314727186
2019-10-17,0.0029495322183965555,-0.0024293334929782473,0.0014243781997433924,0.003947426161951206
2019-10-18,-0.004377224403321112,0.0,-0.0010667370445437419,-0.0006553661910585484
2019-10-21,0.006778806710517227,-0.007523218773941243,-0.004770136663166058,-0.00131144591439325
2019-10-22,-0.0032665422675496325,0.005847340237196574,0.002932997222985456,0.001313168063284742
2019-10-23,0.0029095332954667263,0.0010050080082895096,0.0023537934253772264,0.01245902826823131
2019-10-24,0.0016340943549528752,-0.002007796207777024,0.007115918371069618,0.005181446924985789
2019-10-25,0.004094868600283741,-0.004884875565392854,0.0023316740895991117,0.005798909758184534
2019-10-28,0.005636569969580396,-0.009096380679549654,-0.008600036764796815,-0.0038436746331314
2019-10-29,-0.00029728741869661235,0.0006559208094873981,-0.0027730332148816483,-0.0019292169305614726
2019-10-30,0.0030676313627191476,0.014634287594531559,0.005490226541611021,-0.0064433685924975
2019-10-31,-0.0026633300187359765,0.01349016985148288,0.009998499224238566,-0.005836516585843277
2019-11-01,0.009264025617434335,-0.0030786009901997424,0.000912763389017579,0.01826479076138421
2019-11-04,0.004017690675183649,-0.013161315955722341,-0.002876007780098777,0.006406148167340309
2019-11-05,-0.0011058674020872905,-0.011246352673387583,-0.016180006273117664,0.002546091558076169
2019-11-06,0.0002279274208960569,0.006051485349689578,0.004290245395359271,-0.010793620223337186
2019-11-07,0.0035165130844347914,-0.01811820958208754,-0.015521486102876958,-0.0006418340730268701
2019-11-08,0.002466514335870862,-0.004207540770659546,-0.006364394703267995,0.0025690566739438037
2019-11-11,-0.0019101587228639305,0.0006672944444718887,-0.002401934875323586,-0.0064060768309761595
2019-11-12,0.0021081418618751346,0.00459254936187703,0.0026995120660886496,0.0006447307441435068
2019-11-13,0.0003235969697734653,0.006488526269434747,0.004002059820052306,0.001932946002715763
2019-11-14,0.0014558241455864263,0.010330081161493476,0.004203521155341949,-0.003215433162551573
2019-11-15,0.007236258548481089,-0.0010879412746641615,-0.0025259154943226836,0.005161245733805497
2019-11-18,0.0007378720774984249,0.001814530573225781,0.0029664162029099383,-0.010269559589612176
2019-11-19,-0.0002888712745822142,0.00833274021509256,0.0005050304911609071,-0.009079130111257827
2019-11-20,-0.0037184452573670868,0.010348084599053564,0.0005046655432805469,0.01308892911537729
2019-11-21,-0.0016087695478762543,-0.006259237791962136,-0.005477043362080103,0.009044012409728186
2019-11-22,0.0022239179233427553,0.0012885105552511433,-0.0018840181654777854,-0.0006401904431115879
2019-11-25,0.007749940979312697,0.0029311936215599133,-0.004791662812458131,0.0
2019-11-26,0.002265477551308681,0.005843985664025775,0.004814733391401704,0.005765547617879063
2019-11-27,0.0044577264759431134,-0.002905380882966657,-0.005299919828770094,-0.005095568326590749
2019-11-29,-0.003708808465429758,-0.0021317681025446733,0.006203971517371398,-0.01984640277132599
2019-12-02,-0.00849478098528067,-0.013332875429326707,-0.0005078146228696401,-0.0013062336343486747
2019-12-03,-0.006706338196190487,0.020966918801370138,0.00957984896245434,0.0006540074708336618
2019-12-04,0.006170242389337055,-0.009984806190219686,-0.0013658431498282386,0.015686284499454528
2019-12-05,0.0017981327548255432,-0.004863887900760422,0.0005758841931267078,0.001930458354875375
2019-12-06,0.009133680546757006,-0.005535398132272662,-0.009928092682104261,0.006422677444675173
2019-12-09,-0.003144122179786546,0.0021685520693710547,-0.00029060665275248976,-0.0012765085334840442
2019-12-10,-0.0011147664971506988,7.24769932740621e-05,0.0028347098739491816,0.004472956660427574
2019-12-11,0.0028384226993118933,0.007860992864196392,0.00688553265084435,-0.004453038412600807
2019-12-12,0.008619251545071815,-0.016458223703815333,-0.003527249493396556,0.008945771012767612
2019-12-13,0.0005991995042600173,0.011567661228911508,0.004478873140076667,0.005066524849293819
2019-12-16,0.006869809512893843,-0.00899017635657573,-7.198680622300113e-05,0.00693130116581453
2019-12-17,0.00021903152263758052,-0.0013784664931694168,-0.00021575647831872935,0.0043804466827772615
2019-12-18,6.22208091232146e-05,-0.008212174831287111,7.200752478642158e-05,0.0006231083344017119
2019-12-19,0.004098948723242124,0.0015998941303947412,0.002589559770448613,0.004358556822621873
2019-12-20,0.004384377073622714,0.0013188626145226312,0.0010044438566789715,-0.001239828747748084
2019-12-23,0.001528010835327498,-0.001463966048281251,0.003081942822633188,0.00025229648555824546
2019-12-24,3.137242476425328e-05,0.0028585600649180254,0.009431992518777577,0.004413660212362114
2019-12-26,0.005323035162903222,0.0024112522559025518,0.007857298625196796,0.007532839684546433
2019-12-27,-0.00024756922374502555,0.0010938635932979945,-0.0003511943393945671,0.0018692837093843284
2019-12-30,-0.005513512403665932,-0.0036410045127196478,0.0021077991140190377,-0.0018657960073028557
2019-12-31,0.002429555912631942,-0.009794371740694863,0.0018929327941459295,-0.0062304904524084215
2020-01-02,0.009351611738872112,0.011293529750733056,0.0073478173310379535,0.001253979283264428
2020-01-03,-0.007572166219127374,0.015400428301698854,0.013268521727000326,0.011897231517053575
2020-01-06,0.0038150745444736067,-0.005678840126874474,0.010489502076611812,0.0018565595782067401
2020-01-07,-0.0028118193446674544,-0.004915617858040622,0.003935150508558971,-0.0006177289494728733
2020-01-08,0.005329833018552499,-0.00661134947195996,-0.007501524641443713,-0.014833100607570704
2020-01-09,0.0067803878920937866,0.0035107297133305515,-0.005651653463197515,-0.00439157743990215
2020-01-10,-0.002877744591122333,0.008890819283691842,0.006026192495848015,0.0
2020-01-13,0.006877612036031877,-0.0030337356719005726,-0.007419483430124996,-0.0075613891524922705
2020-01-14,-0.001524588351446754,0.005144326080908979,-0.0008915435213457945,0.0044444163001549075
2020-01-15,0.0022595988731453076,0.006631660462105948,0.005834242779070742,-0.005056927411375978
2020-01-16,0.008318509880596014,-0.0031511349860123827,-0.0015695082440052577,-0.0012705008040377885
2020-01-17,0.0031124609728312436,-0.008548052568146614,0.0018454259925253513,0.0031806411759867093
2020-01-21,-0.001958264043706359,0.010505779953999372,0.0010915790702048511,-0.00570707168988871
2020-01-22,0.000120661052795068,0.0035128735882776763,0.0003406555206315609,-0.013392841852629012
2020-01-23,0.0011468490146495647,0.0070018865210668135,0.002248122121045526,-0.008403378609780132
2020-01-24,-0.008892987023053633,0.008088858045517622,0.005845572586286041,-0.014993457201740057
2020-01-27,-0.016029458488460158,0.01555459198952569,0.006825312844883635,-0.018530801108218364
2020-01-28,0.010479366028212977,-0.007831264243300273,-0.008926785569624784,0.0047202057382695894
2020-01-29,-0.0008261154068679444,0.009779412507704865,0.005417872354848807,-0.004698030069775649
2020-01-30,0.0032455887597233612,0.00013803100132392387,6.732120695107646e-05,-0.00876603302436818
2020-01-31,-0.018158000834954002,0.009129832709891206,0.005792420039608892,-0.008163288130020319
2020-02-03,0.00742857672087216,-0.0008098333470437646,-0.006495688802043542,-0.018518476756454794
2020-02-04,0.015241348727971449,-0.013467317226568243,-0.01300895070524588,0.0013976151544741189
2020-02-05,0.011547643938573104,-0.01093464792329879,0.0012293105482077404,0.015352386561145348
2020-02-06,0.0033650899278441226,0.004506629772231818,0.005388399719282511,0.0041237605743631445
2020-02-07,-0.005329938094566944,0.012478371993225323,0.002645857569860688,-0.005475741675943224
2020-02-10,0.007465455074287197,0.0027691665353852812,0.0025712490701368385,-0.008947024934873427
2020-02-11,0.0017329162250097063,-0.005040215249904834,-0.0034419552752806837,0.003472200287350846
2020-02-12,0.006442930018243809,-0.005066264984675106,-0.0008127480224853212,0.013840895012485754
2020-02-13,-0.0010668481790304662,0.0038365452609854245,0.00569345014846645,0.0006825895159965345
2020-02-14,0.001601882010220379,0.004377548949377141,0.004178427664004669,-0.0006821239053701467
2020-02-18,-0.0025769413090088733,0.006848940681188909,0.012818816524224008,0.007508559488491828
2020-02-19,0.004781224288913588,-6.843708519221892e-05,0.005831221275388376,0.00948510853479334
2020-02-20,-0.004108150962970347,0.00783251703665444,0.004084659090851872,-0.004026893425133848
2020-02-21,-0.010298038194014869,0.009341386126084705,0.015025216397275942,-0.004043101004704397
2020-02-24,-0.0331657564977228,0.014928532276266893,0.008985128746405113,-0.018944547115471444
2020-02-25,-0.030302212174258325,0.005324236297937768,-0.017874260693127697,-0.01862072260044001
2020-02-26,-0.003677810716912311,-0.005296038935203584,0.004370503298157802,-0.009838384526123622
2020-02-27,-0.04491196399519304,0.010848091923863379,0.00019483522153040944,-0.01703332745531061
2020-02-28,-0.004201446148229815,0.02258367255343452,-0.03649347478693177,-0.01732848928765307
2020-03-02,0.04330655671993244,-0.0073576585268461114,0.005526297603759334,0.022777305205098797
2020-03-03,-0.028632578525419894,0.015526004872081334,0.031434333360162325,0.002155237574531288
2020-03-04,0.042033317770187484,-0.010618219144836294,0.0017545277375516921,0.000716762749644273
2020-03-05,-0.033242008956509306,0.02489120331884309,0.021600945458936538,-0.010744918185997765
2020-03-06,-0.016530856783898762,0.05204422435588696,0.00038096105467699815,-0.03258503511497002
2020-03-09,-0.07809462838167125,0.027103157441859427,0.0016502348575044845,-0.07784438751862022
2020-03-10,0.05174484219285724,-0.05125791294452031,-0.02110133630677158,0.0316559110934691
2020-03-11,-0.04874818914601986,-0.036798436206151086,-0.0035603512879937016,-0.01809604440168122
2020-03-12,-0.09567726627526241,0.006197629931975479,-0.0398882588306293,-0.040064112697271836
2020-03-13,0.08548648814588056,-0.022603948497610715,-0.03051623730778741,0.010851533503906108
2020-03-16,-0.10942388402322112,0.06476585343830954,-0.011446115323986206,-0.06028073436758297
2020-03-17,0.05399211334450027,-0.06668297977481097,0.0135554799295321,-0.0158174100629489
2020-03-18,-0.050632916421631924,-0.05641214452581478,-0.019921988429849713,-0.03303560524453408
2020-03-19,0.0021249273120014234,0.027225102881984542,-0.018905499074657994,0.02123726958499117
2020-03-20,-0.04309421882527875,0.0751949599934294,0.014995707221804766,-0.010849840772284125
2020-03-23,-0.025568229551449884,0.04120984610586853,0.044179590424960224,0.011882821798247178
2020-03-24,0.09060314162669547,-0.018614224921613576,0.048530353360380474,0.021680279586876905
2020-03-25,0.014970491854443102,-0.0022713548301469544,-0.01368964099270864,0.016799283750491334
2020-03-26,0.05838959425444368,0.0049214440677709526,0.012822223412266576,-0.0034781436862661996
2020-03-27,-0.029785645802294036,0.026692963536730785,-0.006460489804721581,-0.003490474668021437
2020-03-30,0.032475718190076996,-0.008229193342437657,0.004400644787818209,-0.0026269535879913652
2020-03-31,-0.014905309269075406,-0.008116457766069951,-0.03184668568859872,-0.012291501921325998
2020-04-01,-0.04500479376109212,0.014010864629317554,0.009456223354449733,-0.028444459166072744
2020-04-02,0.023075338933386425,0.006345013354761564,0.0163934225377782,0.019213153647571257
2020-04-03,-0.014454357503891568,0.0023796591480091944,0.0049374590529023266,0.025134688416205808
2020-04-06,0.06716648595657992,-0.00261109101128143,0.027710521817620126,0.0052539071759827305
2020-04-07,0.001019159827760685,-0.010472148860180885,-0.005354484768834378,0.006968692675812571
2020-04-08,0.03356865639882267,-0.007276130742649545,-0.008907968786563414,-0.002595139224213394
2020-04-09,0.0152174633892872,0.0018169742808775702,0.026123560972308058,0.002601891494888875
2020-04-13,-0.009130415692039762,-0.009129846442829104,0.017140343933811808,0.017301022971419222
2020-04-14,0.02949307487117858,-0.0002444450541713161,0.007868093580683189,-0.008503440668368278
2020-04-15,-0.021248085623333246,0.026489307677111107,-0.005101958505246418,-0.020583154762760847
2020-04-16,0.00482444383277536,0.011356917161986058,-0.0008649946516461338,-0.0026269535879913652
2020-04-17,0.027015095045029414,-0.013404235609549953,-0.019417471147623044,0.004389787748662499
2020-04-20,-0.0176180654232011,0.00804485106611974,0.007126124562213176,-0.016608382396419485
2020-04-21,-0.03036320529577763,0.012591403391069678,-0.006825274631933054,-0.04711110504926419
2020-04-22,0.022194920188177925,-0.010216425553831288,0.019670860003665247,0.01399255085630391
2020-04-23,-7.185135296694511e-05,0.005308397662187714,0.00995486708021609,-0.0027598720730932502
2020-04-24,0.013938494400260515,0.0023467693792982303,-0.004285520778353313,-0.012915147992326736
2020-04-27,0.014418518976818007,-0.01861339141403462,-0.006640444141094992,-0.018691572511083443
2020-04-28,-0.004598678349582386,0.011511155248103755,-0.004456556273727319,0.0009524792696149476
2020-04-29,0.026178753312488867,-0.005188943795042755,0.005533445721913166,0.018077904049331295
2020-04-30,-0.009310398454358992,-0.011677182533345487,-0.018116569301821484,0.01869147008084404
2020-05-01,-0.026473450122787456,0.008563164607770402,0.00617125761149806,-0.012843856074806537
2020-05-04,0.002757928780420471,-0.004703368683270037,0.003504803873276119,0.012081604997286943
2020-05-05,0.00923956733969411,-0.00640096143748492,0.004241037483481591,0.025711803567154856
2020-05-06,-0.006779066896430819,-0.016135939409980482,-0.012855591040204617,-0.019695683875295744
2020-05-07,0.012067317307588699,0.016706616283363784,0.015350754880484763,0.006392753844695509
2020-05-08,0.016546054747645256,-0.013001255862141958,-0.006010293229887331,0.020871109983060743
2020-05-11,0.00020498151751890958,-0.007805645680471263,-0.006233636774804485,-0.013333248900464834
2020-05-12,-0.01993147669441786,0.01026422495321544,0.0038890673962401756,-0.008108253548064437
2020-05-13,-0.017686114228563476,0.00699618540754976,0.00962264814750724,-0.009990954236920202
2020-05-14,0.011967531373829443,0.009787329264631328,0.008850059782004704,0.01743138564428226
2020-05-15,0.004596853484916563,-0.0025724153803572403,0.0056438144895878395,0.009918683262010841
2020-05-18,0.03045965258095995,-0.021954648127784582,-0.007564144999551381,0.0285715432044642
2020-05-19,-0.010271047195954397,0.00374179582982892,0.00965020617044443,-0.002604245206054845
2020-05-20,0.01698796037772765,0.0029936840443884893,0.0023742810342795018,0.01740652157448319
2020-05-21,-0.00690389197241803,0.0024975211878943693,-0.0145763375976391,-0.004277226452893745
2020-05-22,0.0018989859997189384,0.006015969212671557,0.005916836449104457,-0.007731909984960095
2020-05-26,0.012320576763555025,-0.013409309331458008,-0.014214859559966153,0.01038963922694447
2020-05-27,0.01487883458625694,-0.001836786724145889,0.0018024320171106112,-0.01285348226709504
2020-05-28,-0.0018446498246694754,-0.003680333435887362,0.003350344766475555,0.005208395272913835
2020-05-29,0.004455687235760175,0.007140863605118231,0.0073584122707384125,0.01727095136508283
2020-06-01,0.004041744348350029,-0.006732239167702381,0.004603768848692402,0.005942424079182551
2020-06-02,0.008279923956725277,-0.003635838723937912,-0.0064768271714218395,0.010970394123793303
2020-06-03,0.013308490472065504,-0.013297110859612826,-0.01845018380928054,0.0
2020-06-04,-0.0026267614718905596,-0.014479026181988042,0.010526269495827023,0.008347284202791405
2020-06-05,0.025629655934790607,-0.007123454109679628,-0.02027532426346157,0.019867514218559368
2020-06-08,0.012087220517746466,0.0038432905233933834,0.010822142733466267,-0.006493465478866867
2020-06-09,-0.007456296225962555,0.01135847992256278,0.00964183116931494,0.003267953079944652
2020-06-10,-0.005580149397473311,0.014827879224002194,0.014324773012967418,0.006514705949291377
2020-06-11,-0.05764903304242541,0.018900443820288215,-0.007214084989501601,-0.03236251894951081
2020-06-12,0.01197581784081403,-0.009640870451227412,0.0014163170663434865,0.004180667211430622
2020-06-15,0.00933556591855944,0.0005546091940662468,-0.0017832572551969017,0.00915906688760737
2020-06-16,0.019247589972708257,-0.015333742278777152,-0.0004928345355281749,0.008250772108230553
2020-06-17,-0.004153822788945716,0.00412760061265538,0.0019106166939522051,-0.00490995236689673
2020-06-18,0.00038489441088240817,0.01058805849004596,-0.001968455156468263,0.00575645197706498
2020-06-19,-0.005714614520800243,0.0008013377863773652,0.011032995719469696,0.00817674282054881
2020-06-22,0.006414971695938521,0.00012279775745738242,0.006462217682632332,0.01054341151669469
2020-06-23,0.004604185363135116,-0.006834293932835411,0.008419646377624934,-0.004815554312558201
2020-06-24,-0.025508929192483265,0.010725037883927646,-0.0034839130582626776,-0.02500001988716294
2020-06-25,0.010720351755344026,0.0028824910579345886,-0.0006027175913517757,0.009098462195352486
2020-06-26,-0.023751362839674828,0.010703604132364264,0.004463149702982783,-0.012295004649031771
2020-06-29,0.014697722581922035,-0.0031467947978913724,0.0005404803669293301,0.016597495654641525
2020-06-30,0.012809081512970222,-0.004855977291446267,0.004440918278166173,0.004897928070136448
2020-07-01,0.007004879407576103,-0.0019421240476763524,-0.004481089931769877,0.00812360356365871
2020-07-02,0.0055070162351487095,0.0010408583042855746,0.0021606086958432247,0.004028982888480526
2020-07-06,0.01543735929890988,-0.004096303471125218,0.005988741319838731,0.008025630648409221
2020-07-07,-0.010313809385642858,0.014056366125877906,0.006310260659329048,0.0007961732722259196
2020-07-08,0.007648709385901231,-0.0039950731614019075,0.006211565862881185,0.012728638154124283
2020-07-09,-0.005693092836957514,0.015922109826638442,-0.0027044004055614135,-0.011783029162908965
2020-07-10,0.010210614814630592,-0.00502498429277165,-0.0025938951172596036,0.006359259478033952
2020-07-13,-0.00865902408439112,0.003306885520150571,0.0012411575864292868,-0.01026866976167895
2020-07-14,0.012959050805655403,0.001438014519465236,0.004663568910189042,0.004788564894785408
2020-07-15,0.009187133607248876,-0.0046672792676081265,0.0008813320073604025,0.011914228972814911
2020-07-16,-0.003293346279103493,0.004749258154458591,-0.009451688651900159,-0.007849329622635848
2020-07-17,0.0028989732161857074,-0.0020939863847689866,0.008238009985450212,0.0015823551747020659
2020-07-20,0.008081569059824156,0.0024580995417660123,0.004820170160796611,-0.000789970927338457
2020-07-21,0.0021277539260349254,0.0005979880541893134,0.012050997596656066,0.01422933229641865
2020-07-22,0.005691973730763689,0.002989149257625723,0.015202340363078104,0.006235345865132524
2020-07-23,-0.011931774690411512,0.011680681984667984,0.008825301770064575,-0.0023237652195712277
2020-07-24,-0.006440103568652988,-5.801371086444629e-05,0.008578870839228259,0.0015527000276638336
2020-07-27,0.007292439710578469,-0.0037117842497595976,0.019753770786684832,0.009302437019298226
2020-07-28,-0.006342545435531588,0.006917932089988366,0.00834113103275036,-0.005376393868979923
2020-07-29,0.012298860726684957,-0.0017023815295734712,0.0075102306547618625,0.005405455728014985
2020-07-30,-0.003568141441383621,0.00658843120135022,-0.007400261112960993,-0.011520747801006204
2020-07-31,0.00790212094272258,-0.0006429229095079592,0.00908793109962347,0.005438970700257784
2020-08-03,0.006952336664287184,-0.005034977025860532,0.0011325390830079218,0.010046388731796085
2020-08-04,0.003862730890770383,0.009532310347671435,0.021277725496816835,0.00535574245476611
2020-08-05,0.006210905112839615,-0.008742649974996963,0.009283241730161151,0.00837141542605857
2020-08-06,0.006684345908464895,0.005585817761241341,0.013274069532868138,0.007547204458922874
2020-08-07,0.0007181150238881884,-0.006665596296302256,-0.01588530528005727,-0.013483223921807563
2020-08-10,0.002988859722678594,-0.004474021396935202,-0.003458957447482258,0.00531515970195362
2020-08-11,-0.008254616132551074,-0.011885140556716522,-0.05369440853432972,-0.01586109165097782
2020-08-12,0.013942303623162733,-0.00909559352280176,-0.004668202325739945,0.010744452249276115
2020-08-13,-0.0018078588485405112,-0.010689109560972243,0.023618065792215592,0.00531515970195362
2020-08-14,2.981005681124138e-05,-0.003907223504426294,-0.0043092158240957135,0.0
2020-08-17,0.003176398064745456,0.0025132782791681407,0.02169391289315903,0.016616291066089417
2020-08-18,0.002160647134999749,0.0071513286472368875,0.009008003623491856,0.002228811995653057
2020-08-19,-0.004163919734822774,-0.006251222563925962,-0.03156545548841261,-0.0029651405866292224
2020-08-20,0.0031135685554044557,0.009039653298324346,0.006913929262821528,-0.0014870608835271248
2020-08-21,0.0035472772582507694,0.005991883531134112,-0.008010905834894388,-0.009679678860325946
2020-08-24,0.010133418297472385,-0.0016244167380452534,-0.005658401286623649,0.005263041658515322
2020-08-25,0.0034991822678720474,-0.007653677527252545,0.0012154763574758753,0.008227404762656265
2020-08-26,0.010025575043657087,-0.0038258661566709096,0.011808847672626355,0.0022255051739010767
2020-08-27,0.0021866908659819995,-0.01700870793631859,-0.011561927956646234,-0.003700938831317835
2020-08-28,0.006459281392577454,-0.000744706238388293,0.0173802350530341,0.006686435986959394
2020-08-31,-0.0036224575543027937,0.006640445192026334,0.002386259791001155,-0.0007380027239127784
2020-09-01,0.00941849788050586,0.011438182330994584,0.0011902895553947967,0.0014770955483636161
2020-09-02,0.014463772853222645,0.009520377613992492,-0.013131628719242117,-0.013274333422080509
2020-09-03,-0.03441405273992726,0.0028412145485994245,-0.00810423703378893,-0.008968635210926168
2020-09-04,-0.008164800813457829,-0.018988228231491378,0.0027602959130217375,-0.009049716907054584
2020-09-08,-0.027322964163331243,0.006144624406967392,-0.0019269219593246456,-0.024353132685162038
2020-09-09,0.01974726296019491,-0.002687069232245154,0.00970825655471863,0.009360400689336634
2020-09-10,-0.017363431417181552,0.0050822255114713055,-0.0032231430104036063,-0.010046388731795974
2020-09-11,0.0005089504514701471,0.0021326649962740696,-5.486005292487661e-05,0.0070257166417491135
2020-09-14,0.013171421018146834,-6.074907085362735e-05,0.007892586821005798,0.000775273886209682
2020-09-15,0.005052507244547755,-0.002431345729816403,-0.0023927480714920346,0.005422033949961991
2020-09-16,-0.003968769273347994,-0.002987067635046192,0.0028345831622316187,0.018490122372440965
2020-09-17,-0.008795326711857232,0.003056648600238576,-0.005489995652194879,0.011346372348544076
2020-09-18,-0.011512578839762866,-0.0031085688145126023,0.0013117087099276947,0.004487630611536453
2020-09-21,-0.011129682487363013,0.005074402552331936,-0.020087296599797022,-0.02457178126052495
2020-09-22,0.010184618673893864,-0.0007912456304828286,-0.004846314367596194,-0.004580123548882931
2020-09-23,-0.023191295309988202,0.0013396503214710975,-0.021606497297661065,-0.011503078055286275
2020-09-24,0.0026656442072390263,0.0038299906344321233,0.003718800733685912,0.004654741456677991
2020-09-25,0.01616703294909394,0.0,-0.0028499771605223767,0.0
2020-09-28,0.016609442353114012,-0.002846600672897992,0.01006056066236427,0.008494239210606658
2020-09-29,-0.005446189948503988,0.001154723530425228,0.008432402483858015,-0.011485462427891169
2020-09-30,0.007581989007456658,-0.009585453505676522,-0.006004867330144381,0.011618910993560716
2020-10-01,0.006419799518384339,0.0016493141188256288,0.008920516455577454,-0.012251238249012641
2020-10-02,-0.009494384905347042,-0.0037340138836511327,-0.0008953758525005462,-0.01240302279500638
2020-10-05,0.017732941168444816,-0.019539618748547483,0.004872915921881216,0.02590267591760176
2020-10-06,-0.014215724942324592,0.005390241556082254,-0.011760774579356315,0.0038255303248329042
2020-10-07,0.017406492529473905,-0.007293210859772192,-0.0004512229536247636,0.0038109514146298373
2020-10-08,0.008863040010228529,0.005399688639464717,0.0035549310375408982,0.009871022763586756
2020-10-09,0.008929959283241473,-0.00018724643232170823,0.018161347296547614,0.00300741705931884
2020-10-12,0.016087548664791784,0.0031857447545620143,-0.002871682500567352,-0.010494768390369225
2020-10-13,-0.006526135541403133,0.007160500067781683,-0.015728823528417535,0.0022727129310822214
2020-10-14,-0.006283372225371786,0.0022876213619920094,0.003094772946095059,0.006802761100702437
2020-10-15,-0.0012358006720964987,-0.0017271355691028667,0.003646120384284801,0.003003066259258391
2020-10-16,-0.0006045600640633975,-0.002780327982482622,-0.0034652086045857677,-0.006736565876455769
2020-10-19,-0.01520364282216835,-0.003779935588818395,0.0005047466985432791,0.0007534921175704756
2020-10-20,0.004006184146273295,-0.009516334018997763,0.0048209014703402,0.011295192406411303
2020-10-21,-0.0018931143504508086,-0.0034529189753323974,0.007531414803434444,-0.008190566550638212
2020-10-22,0.005485276724882082,-0.010397322775417384,-0.009800687777642758,0.003003066259258391
2020-10-23,0.0033953483249056227,0.006112537657073647,-0.001062475196895396,-0.007485146117120478
2020-10-26,-0.01847997438003557,0.009303549736964234,-0.0005037860400700644,-0.014328718436169785
2020-10-27,-0.0034473754462025497,0.006708917770232858,0.0026323226696718383,0.0068860384411291164
2020-10-28,-0.03417904107451464,0.0009340693879789086,-0.01614344386479838,-0.026595823976842015
2020-10-29,0.010163668107215917,-0.009707185105760296,-0.004144728133141373,-0.012490248477102561
2020-10-30,-0.010424997909479039,-0.0098655245059035,0.004561020978312902,0.0
2020-11-02,0.011208512764821155,0.007490811686289067,0.009704919089013941,0.01818187646731273
2020-11-03,0.017655932179501566,-0.005801838620324684,0.005676996717700833,0.0062110553909802135
2020-11-04,0.02234921282263902,0.0216921438690878,-0.0005588578456844351,0.010802570669825595
2020-11-05,0.019502631495765144,0.0017381386709938162,0.022983923404670703,0.004580207213276344
2020-11-06,-0.000228340860979781,-0.012084865790976562,0.0014213621387162423,-0.00379945101551471
2020-11-09,0.012565574621926201,-0.02101455198673352,-0.04427097823171633,0.012204430161750324
2020-11-10,-0.0014662714284291445,-0.005767033664728305,0.0033127817282887495,0.019593025056524382
2020-11-11,0.00742826479038472,0.003609267377520764,-0.004326595410341194,-0.0007390126246977768
2020-11-12,-0.009700595244870436,0.017017653350559936,0.006060679556170845,-0.0081361236350318
2020-11-13,0.01384409299230982,-0.0013261143986929014,0.006819714153532219,-0.004474244407317141
2020-11-16,0.012482827494258997,-0.002402994017977056,-5.650127239831271e-05,0.00898878858199148
2020-11-17,-0.005378202453787284,0.006528394626783562,-0.0036691725592956637,0.0029694615352007236
2020-11-18,-0.012034979898072673,0.0028963709193079445,-0.005722348480656891,0.0014803755325272228
2020-11-19,0.004210267505354137,0.005148582404049584,-0.0018804594035273237,0.0
2020-11-20,-0.0068479293800709495,0.008870039859112833,0.0030257979459697992,0.005173817421839866
2020-11-23,0.005994309808618148,-0.004582033380728823,-0.0196938167555728,0.00294107692010126
2020-11-24,0.016113923495451266,-0.009951980898286306,-0.015328336846880064,0.02126102281077502
2020-11-25,-0.0015417203185216222,-0.0030779826626969875,-0.0004717367343725076,0.0086145248557159
2020-11-27,0.0027848604939522126,0.009704871100774337,-0.010146901518740647,-0.0021352176584965576
2020-11-30,-0.0044270296580491975,-0.001248914518777955,-0.006674981596057172,-0.00570617569045484
2020-12-01,0.010937289899352276,-0.014743917850263522,0.0210595460814611,-0.002869500808125758
2020-12-02,0.0021038068624141815,-0.007935909517117756,0.00752153069206285,0.004316519534095953
2020-12-03,-0.0002727497448651306,0.008063376734172678,0.007873502810363364,0.0014326557581330057
2020-12-04,0.008617498910863608,-0.014665526725038402,-0.002835427586930339,0.004291896973775522
2020-12-07,-0.0020546237378249455,0.009020491821268184,0.014914066598165077,0.0
2020-12-08,0.002926017455053387,0.0047252333811460545,0.003487910186290799,0.001424570480173637
2020-12-09,-0.008969113668067852,-0.0033046284691869987,-0.017094017094017144,0.0007112330070735418
2020-12-10,-0.0003267784209278757,0.00886378979377378,-0.001913054093070632,0.014925355694817233
2020-12-11,-0.001172538795796929,0.003539572337267538,0.0018586706605219216,-0.0028011026041212528
2020-12-14,-0.004476971104005689,-0.002771805237021141,-0.005507636250083436,0.002808970819599077
2020-12-15,0.013519100814429752,-0.0033471099415666172,0.013990959829817351,0.007703108912281653
2020-12-16,0.0015693566700383244,-0.0026618981034647327,0.005519095329445722,0.0055594568575241254
2020-12-17,0.005592165244260983,-0.0026457217690432078,0.010520363984510617,0.011748445163432208
2020-12-18,-0.00399304053105054,-0.0029974849700539208,-0.0016974258370123785,0.0034152036941905717
2020-12-21,-0.0035754095647592132,0.003965601647043515,-0.003173869592184575,-0.010211037763179776
2020-12-22,-0.0016854770310981149,0.005161192640736001,-0.007903112071065643,-0.01100413225009389
2020-12-23,0.000898619020975211,-0.006909017608137558,0.00664787877129025,0.012517382289176426
2020-12-24,0.0038904302479654262,0.003957112400916563,0.003985267471422693,0.0027473106510773615
2020-12-28,0.008590708254467172,0.0004451701147374365,-0.003629142996869339,-0.006164419296418311
2020-12-29,-0.0019073962182706294,-0.0012708644192326313,0.003642361648136694,0.0027567020127188258
2020-12-30,0.0014264460550432734,0.002163558061170079,0.007655178894261816,0.006185678524898153
2020-12-31,0.005080781743819873,0.0014597333148977931,0.003714145601823482,0.004098259405753479
2021-01-04,-0.013613848222061464,-0.0012043320504849797,0.022258360658879317,-0.005442216939368971
2021-01-05,0.006887459145703323,-0.00742699097996824,0.0029616260665272787,0.02804382395213212
2021-01-06,0.0059784437565508775,-0.020528031532275892,-0.01624105266038789,0.0013307364684578271
2021-01-07,0.014857373926208783,-0.008814144373517241,-0.00233462025122122,0.004651060159450049
2021-01-08,0.0056978656519866,-0.0032283143742860565,-0.03420993723985433,0.007936530372963713
2021-01-11,-0.006741150924800543,-0.0016515953124739413,-0.0019614419353504164,-0.0072178020899436035
2021-01-12,0.00021141808681734986,-0.0007944741465049088,0.006473960214956609,0.01916716770375304
2021-01-13,0.002692928336348155,0.011262344290758008,-0.004307374345463466,-0.0025940173130185595
2021-01-14,-0.0035017459836146347,-0.009367897363153022,-0.0005190998467168306,0.009102815610368964
2021-01-15,-0.007292622559106454,0.00396770012474823,-0.012407628760563338,-0.014175307874933263
2021-01-19,0.007851653318284413,0.0032268295634794164,0.00847307255811236,0.0032680246556382464
2021-01-20,0.013838756904036797,0.00098574783488381,0.016282289539807593,0.0006514616116748417
2021-01-21,0.0009116116014047382,-0.007018602732439705,-0.0006271772092728556,-0.0006510374857451318
2021-01-22,-0.003539285271028869,0.0032366635090943507,-0.007873145210082533,-0.016938216106181625
2021-01-25,0.003943626620569907,0.01178568037775407,0.0008626173693986328,0.010603126638966565
2021-01-26,-0.0015609255597712757,-0.0018873197629674099,-0.0024705999829396363,0.001967200531773683
2021-01-27,-0.024440265611200607,0.002542449657799928,-0.006335623059913753,-0.0026178560636072046
2021-01-28,0.008600092117509783,-0.005527484409095784,0.0009273614616172043,-0.004593146784509616
2021-01-29,-0.020019681559777958,-0.006015678132984981,-0.0004053281700162614,0.001318383180181737
2021-02-01,0.01664559191283632,0.0011589782211802735,0.009385291185094458,0.019091458502952907
2021-02-02,0.014140220798777303,-0.0064473152090333,-0.012167796413785958,0.007752030739644589
2021-02-03,0.000786272007734512,-0.008873644448777807,-0.0015106298641213156,0.007051236969940922
2021-02-04,0.011365907459085056,-0.002671873848376527,-0.021530474690833024,0.005092265570523669
2021-02-05,0.00393578258433025,-0.0083739283149451,0.009872160109213546,0.005066465781261353
2021-02-08,0.007221800915887755,0.004391353436996592,0.010070118005137685,0.015753101251743784
2021-02-09,-0.0006659745737926936,0.0007397717778734325,0.0032649110578624185,0.0037220605790788674
2021-02-10,-0.0004352395105846618,0.006653332960448788,0.0036611162023989507,-0.0018541968468425152
2021-02-11,0.0016149125679072451,-0.005474549022931541,-0.008685078696598514,-0.0018575055514449268
2021-02-12,0.004939719905608486,-0.01241928693715455,-0.0030372306060941767,0.012406868596929188
2021-02-16,-0.0008658498570811579,-0.015226641918438144,-0.014353488272303538,0.013480441372470509
2021-02-17,0.00022946809312762717,0.006350841427362752,-0.011352850687983307,0.003022955376884795
2021-02-18,-0.004256121451651218,-0.004047580508834248,-6.0088418961767864e-05,-0.003616547526652192
2021-02-19,-0.001765864963020114,-0.013291840890894413,0.004148551901348441,-0.0006050230906647913
2021-02-22,-0.007691599860860543,-0.00760788425598613,0.014969164015496528,0.0223970844713548
2021-02-23,0.0012139993074022914,-0.0028837516526204476,-0.0023007456922117253,0.004736435479782752
2021-02-24,0.011019528847988846,-0.006560077315960533,-0.0007095264939214196,0.015321123581355067
2021-02-25,-0.024095623444391312,-0.016330274810509526,-0.018816524708764826,-0.00812524847733087
2021-02-26,-0.005152691720732183,0.03305901401521538,-0.024182906697045592,-0.021065008915851058
2021-03-01,0.02424011112754787,-0.013207745285185313,-0.0017304170540851649,-0.008368148208515613
2021-03-02,-0.00780315482152627,7.102441334128073e-05,0.005447934683729505,0.00421944858666401
2021-03-03,-0.013245677849687443,-0.010845737280232637,-0.011021541189334294,0.006002362657304694
2021-03-04,-0.012374904795333763,-0.0064498601581319814,-0.009836893780889033,0.015513224270515158
2021-03-05,0.01839648350712597,0.001947558980000652,0.0006288110395962221,0.020564103066053496
2021-03-08,-0.004978538875259009,-0.007774697182829748,-0.010368190918767173,-0.013817151424700302
2021-03-09,0.014277376106483164,0.013857939923876517,0.02127113294736649,0.0
2021-03-10,0.006224590864748469,0.002003988280053104,0.005098279923459348,0.006421570477897154
2021-03-11,0.010139250396020927,-0.007213571271782571,-0.000866011298261804,0.015081237766909394
2021-03-12,0.0013464481604512635,-0.02122164458456055,-0.00018572795011984056,-0.0045714619972991866
2021-03-15,0.005963712464387649,0.005879763598398924,0.004396503999798185,-0.003444232073656961
2021-03-16,-0.0012612185815668031,-0.004018846681501875,0.0009248406787658592,-0.004032295232018757
2021-03-17,0.0034097232316512294,-0.00748287117447255,0.00714498527693741,0.0
2021-03-18,-0.014549590546637958,-0.010126277542046758,-0.005810023730399405,-0.047426271261057584
2021-03-19,-0.001850252225839455,0.006197399739271026,0.004183119739068708,0.021857916951813827
2021-03-22,0.007985156413618633,0.011205993996552976,-0.0014702614866924923,-0.0017826500622891706
2021-03-23,-0.007871082107112626,0.009026978118632512,-0.007300628474884996,-0.027976145741347325
2021-03-24,-0.005083297876125159,0.005382266147715864,0.0034608341081703298,0.026331939692820994
2021-03-25,0.005625437941941591,-0.007885752660249268,-0.003633653726877295,-0.022673083388280668
2021-03-26,0.01611529901794917,-0.003499595390015098,0.0028434090575977233,0.023809708611577607
2021-03-29,-0.0005053056681513235,-0.00848804702815642,-0.011896005111092234,0.0011925327724304768
2021-03-30,-0.0026528716128831897,0.005239290664814877,-0.017091823816998808,-0.016081028277151632
2021-03-31,0.004053255326702754,-0.005579615694429663,0.015167857324082767,0.005447973534566275
2021-04-01,0.010799101435940317,0.01659650953302072,0.012628087827510459,0.01685727295983841
2021-04-05,0.014353017638468968,-0.004362580286741857,-0.0003704010382533651,-0.014801628548368306
2021-04-06,-0.0005906684541769902,0.006792980265839521,0.00802867506459215,0.003605746193643622
2021-04-07,0.0011574328946639678,-0.006964833384193292,-0.002818323186048577,0.0029940585450967117
2021-04-08,0.004746764562089112,0.008255399437127497,0.01075202788807239,0.005373034440421254
2021-04-09,0.007270101736678747,-0.003623615593357332,-0.00753747660190629,-0.003562857791645113
2021-04-12,0.00036469477531153593,-0.00043555176453102806,-0.006063609158189043,0.0005959437419702507
2021-04-13,0.0029635271057801837,0.00749372817459415,0.007086479573175097,0.010720533204728655
2021-04-14,-0.003414978121494605,-0.003177095693897347,-0.004344315528953313,0.022981911418749945
2021-04-15,0.010742302728430131,0.01673397642823149,0.016162763416190717,0.00633623845802922
2021-04-16,0.0033424464467719517,-0.007766539539619144,0.006047777218550321,-0.0017170932904250202
2021-04-19,-0.004912962494087236,-0.0028722538188928892,-0.0027652942409929215,0.0011466559513053642
2021-04-20,-0.0073218029519642736,0.00460896264525279,0.0035565515706876827,-0.0017180767282898302
2021-04-21,0.009462209539145228,0.002007453422023353,0.009911155680072392,-0.004016038498836139
2021-04-22,-0.009133061827109934,0.00436376445359743,-0.006483147356353358,0.008064464196357424
2021-04-23,0.010842432327567098,-0.002350926045451729,-0.003831414124593202,0.007999948894921616
2021-04-26,0.002087733545489412,-0.0014274990800932086,0.002644245538133694,0.006802740108350358
2021-04-27,-0.00021564150012431949,-0.008723192772406407,-0.002517371003141977,0.008445953972664233
2021-04-28,-0.00028747940116724546,0.0006493569575201086,0.002944390689552989,0.0016750924106618825
2021-04-29,0.006373141451577746,-0.002955741022535152,-0.004133978948338446,0.006688920302768242
2021-04-30,-0.006570717271522808,0.002313643988288039,-0.0033690142851713345,-0.00830565560279617
2021-05-03,0.002156839563950186,0.0005997927688228266,0.012978352341882271,0.011167058355855186
2021-05-04,-0.006169345953606076,0.0067860253858256225,-0.007329692780131181,0.015460789554572862
2021-05-05,0.00031283342987364904,0.001649204170426577,0.004142168530566259,0.003806512133518236
2021-05-06,0.00798551314797491,0.0016462268031083305,0.01667957921247054,0.004875375600916998
2021-05-07,0.007277970085466823,-0.004931217434924751,0.00899681760120985,0.009703443271264378
2021-05-10,-0.009902308624409661,-0.010126967217822136,0.0030305045955998366,-0.006940576702764378
2021-05-11,-0.008925007861682044,-0.00565967997782324,0.000174300035968189,0.010752619743101377
2021-05-12,-0.02124504655013071,-0.010507773581439173,-0.009933813872024522,-0.00106370649302856
2021-05-13,0.012012678828833279,0.0015485300771203026,0.004107329913244362,-0.02768914493169583
2021-05-14,0.015355244683216585,0.009351656309469769,0.009115862292308208,0.008214685139949607
2021-05-17,-0.002544711749270734,-0.002115917211468865,0.011639321781340195,0.012493131373386035
2021-05-18,-0.00861551623877499,-0.0025584761343213636,0.001946172546249958,-0.004828296087043382
2021-05-19,-0.0026219635310805733,-0.0024190647270966315,0.000685616890880425,-0.0204851059897575
2021-05-20,0.010757971085211926,0.008229184156679725,0.004567270124640199,-0.01045685132829055
2021-05-21,-0.0008184189140515441,0.0032058735058635435,0.0004545724551812125,0.009454890580982589
2021-05-24,0.01019404955130887,0.00370453166840945,0.001761036294059215,0.013774200169406559
2021-05-25,-0.0022183354785969556,0.009263495376859332,0.009072814229376336,-0.0032608489763028548
2021-05-26,0.001984218208391786,-0.0017212338513784564,-0.0017420486873281904,0.0016356986891343794
2021-05-27,0.0005249919132797043,-0.0040218885152980555,0.00039409662496781017,0.015786688692541517
2021-05-28,0.001788770536874873,-0.0015864716099437404,0.003770176937892389,-0.0032154136867234007
2021-06-01,-0.0008808948300481623,-0.00022448773247563114,-0.0026909461441234628,0.017742058275804995
2021-06-02,0.001572567847333728,0.002314851383447669,0.004890446350902078,0.005282585924236027
2021-06-03,-0.003711390503030154,-0.0037533993666781784,-0.019578228541437537,-0.008407838146725521
2021-06-04,0.009146066478772141,0.013694436291457501,0.010783359066451448,0.011128704732934702
2021-06-07,-0.0009703622471257667,-0.0030735638184048453,0.0040076283608136976,0.0015724319940682019
2021-06-08,0.00021322459603134725,0.007026445901947342,-0.0030920774052216604,0.00994237464897485
2021-06-09,-0.0014920212586460035,0.008828854284194554,-0.0019175027218333307,-0.004663296351636981
2021-06-10,0.0046483915342419024,0.0059991913477432934,0.004294325821970535,0.003644026688858215
2021-06-11,0.0016525966531244496,-0.0016135562308901008,-0.011252390785353672,-0.0031122407678755293
2021-06-14,0.0022386351397623017,-0.0076593822666315425,-0.005860923791407013,-0.005722941651313818
2021-06-15,-0.00183383608605181,-0.001203624302575812,-0.0037777095572453234,-0.004186263010094726
2021-06-16,-0.0055835418640232115,-0.0008512467789217881,-0.016891711518855712,-0.005780424721783306
2021-06-17,-0.0003315386630191597,0.014972226801264865,-0.030740427140865334,-0.025898470912865568
2021-06-18,-0.013490304362910543,0.018806027743961895,-0.005547261946798776,0.010309093201329222
2021-06-21,0.014315828506264783,-0.016743805427649194,0.012247646651096789,0.012352467721161053
2021-06-22,0.005346160974933456,0.0024427327902545315,-0.0041928539145718036,0.0015913854705402741
2021-06-23,-0.001205109646379543,-0.0025758741569626986,-0.0006616578066259704,0.0063560084568756725
2021-06-24,0.0059156853356694405,0.0016051440105517845,-0.0006019387497473438,0.003684071780157838
2021-06-25,0.0035519338694940394,-0.010382688228161685,0.0033124733437563947,-0.004194929807484926
2021-06-28,0.0020159432416189116,0.01028074490305042,-5.999463986816611e-05,-0.0005265896005133275
2021-06-29,0.0005380513603785442,0.0016727583001159285,-0.010505462725200698,0.004741687898607738
2021-06-30,0.0008418372741603175,0.004453536263410829,0.004853503869870712,0.009439080584492388
2021-07-01,0.005536562917484833,5.543978176469899e-05,0.0034413575356286863,0.0036363404481896122
2021-07-02,0.00764333133242423,0.006034247735258624,0.006558341503640763,0.009316710990896038
2021-07-06,-0.0018214124445968816,0.011720964429109193,0.004961455343207799,-0.02717954090600272
2021-07-07,0.0035341533508350675,0.008859584296588396,0.003806801143447114,-0.012124331304869562
2021-07-08,-0.00814819864144578,0.003917729709868256,-0.0006518168637834609,0.00853783294472188
2021-07-09,0.010675101696591138,-0.014062636974334741,0.003320562334123478,0.011640254718208842
2021-07-12,0.003581735145028242,-0.0012964748113909463,-0.001241101031467462,0.0015691424081285543
2021-07-13,-0.0034088594936710903,-0.007653532632752924,0.001301782371024407,0.008354923362170252
2021-07-14,0.001492162399381547,0.011361891504949595,0.010755182911599048,-0.009839399987081832
2021-07-15,-0.0034154980469341956,0.011030245367392721,0.00017547964957964624,-0.005229977899935512
2021-07-16,-0.007843543706948286,-0.0018856795266446458,-0.00970365108457183,0.0
2021-07-19,-0.014768045718573264,0.02192813493214052,0.0011805498135817327,-0.03995808449483573
2021-07-20,0.014330330518607548,-0.009639099842272847,-0.001297100524211059,0.014786625322641411
2021-07-21,0.008096574113217736,-0.012666653163679875,-0.0037192566567244567,0.0199673718666753
2021-07-22,0.002094222190429651,0.009452361695079903,0.001955450591350383,0.007936574210349656
2021-07-23,0.010287939946576286,-0.006688517442915987,-0.0031344183025339145,0.0052494256768613745
2021-07-26,0.002454801227526726,-0.0029630639954363325,-0.0023730060647713103,0.0073106580988764325
2021-07-27,-0.004557599722389005,0.0106714455181538,0.0016650735799190741,-0.005702400207996394
2021-07-28,-0.000410260590595235,6.682378792710608e-05,0.005046252863966982,0.004692357872688069
2021-07-29,0.0041473713832342884,-0.005546430558719839,0.011105233370970247,0.017644007585004173
2021-07-30,-0.00485627034406555,0.004704359497791355,-0.007886842666167015,-0.005609459007958617
2021-08-02,-0.002098095436871339,0.008918733666984036,-0.0012366429443513294,-0.010769162976975166
2021-08-03,0.008135433158762417,0.0005309548363006122,-0.0007074766626713469,-0.004665713804553828
2021-08-04,-0.004918934322182822,0.0020567435134148937,0.0002359625041987723,-0.01614584611766401
2021-08-05,0.0063329205652522536,-0.005097433113872785,-0.0039520921003340925,0.014822796690335815
2021-08-06,0.0016524835333715515,-0.01670057466755226,-0.024991124040327772,-0.008346435444421707
2021-08-09,-0.0008136254592601144,-0.0035868026529070063,-0.017735654639032372,-0.01420307625890227
2021-08-10,0.0012438828701457627,-0.004618090122934793,0.00030919522248562537,0.018143011976968326
2021-08-11,0.002484896375122725,-0.0006140096790456795,0.01378497662510525,0.008909911836046058
2021-08-12,0.00299708723205816,-0.0016385517464519994,0.0002438615008097944,-0.0036363404481897232
2021-08-13,0.0018198450256126097,0.015796017776922522,0.014325811995228088,-0.0057353326387786785
2021-08-16,0.002354661852632667,0.0024235479446339525,0.004988291568599701,-0.002621673079849729
2021-08-17,-0.006555313631962267,-0.000402601322250673,-0.0014950364679763295,-0.011041053454081906
2021-08-18,-0.010944720115065976,0.0033590559552274524,0.0007786122169375354,-0.011695831469272777
2021-08-19,0.0015481414904521262,0.007364646111008177,-0.002932408589264246,-0.013986100153369763
2021-08-20,0.007957082189901543,0.0006648003076397124,0.0005401616803368814,-0.023458959571581617
2021-08-23,0.00879651297452888,-0.0006643586418102476,0.012177557387281546,0.03631286729134375
2021-08-24,0.001587264853267767,-0.007776637272147946,-0.00047414113127741686,0.02102448159027004
2021-08-25,0.002098397181417244,-0.008306277437797438,-0.006937433805443538,0.008975654604533645
2021-08-26,-0.005903344615206474,0.002769646593833386,0.0011344784228162208,-0.007849472553342896
2021-08-27,0.00894107599779237,0.006803308626060822,0.015029547921398434,0.012658264434241229
2021-08-30,0.004397743011162358,0.002609260656030621,-0.0049356385559711224,0.003645924607508011
2021-08-31,-0.0014815175291126303,-0.006806521159178014,0.0020076547129428413,-0.004670442485124049
2021-09-01,0.0005311845306570362,0.0016751928431060215,5.8898619200498104e-05,-0.004692357872688069
2021-09-02,0.0030768641482885606,0.004365149028643822,-0.0026517204262498373,0.01152416937404599
2021-09-03,-0.00024280607741444804,-0.009094333281744582,0.01069422486613747,0.001035726314429608
2021-09-07,-0.0035755211923534924,-0.00843605033598882,-0.01958371853465668,-0.011381088249445726
2021-09-08,-0.0012183210313888582,0.006806183876600036,-0.0025044029033459703,0.007325960267665632
2021-09-09,-0.004280150852018494,0.012100969108639337,0.004423489287242344,-0.0072726808963794465
2021-09-10,-0.00788454024023788,-0.008816479424881507,-0.005058656845151166,0.013082186611253599
2021-09-13,0.0025590753052495696,0.006064036296887787,0.0033497597913456634,0.007747883881151996
2021-09-14,-0.005396306251950311,0.012123548089525427,0.006438546534438316,-0.0005126667332545631
2021-09-15,0.008352554994092154,-0.0035074033940313276,-0.005864266379652205,0.016410377929027442
2021-09-16,-0.001585286442195799,-0.004582212686228937,-0.02264197706190263,-0.007063637435409387
2021-09-17,-0.009740986850766742,-0.004803127685805819,-0.0015850424237688898,-0.008130029684543683
2021-09-20,-0.016674266547585526,0.012401880372865381,0.0071441542310690664,-0.011782823760951744
2021-09-21,-0.000944622490698932,-0.0008612827894762809,0.006669036185550814,0.001036686403442566
2021-09-22,0.00975501634818099,0.005964934777223485,-0.0037340107339023376,0.011393216492114
2021-09-23,0.012149689575163825,-0.022597414137290994,-0.011546389089901132,0.01536088483006548
2021-09-24,0.0016474370207124611,-0.009773722980128241,-0.00128427290155253,0.004538659855636951
2021-09-27,-0.002861042674488723,-0.0036755121965724724,0.00208203509820426,0.013554240400230455
2021-09-28,-0.020151822321544555,-0.015576473136793889,-0.009716428402719801,-0.007924773012192188
2021-09-29,0.0016829943205789455,0.0017347344943536847,-0.004504756024632184,0.0009984959088369383
2021-09-30,-0.012222131406005143,-0.0001380844558580563,0.01797665363761114,0.006483858737220238
2021-10-01,0.011884241557734931,0.00841548653840607,0.0022530453929923144,0.013379497999983725
2021-10-04,-0.012896173421662382,-0.00254585060620216,0.0046783175745395145,0.0161369244520706
2021-10-05,0.010405118585442796,-0.009656743576715976,-0.004656532835140448,0.012512162580686548
2021-10-06,0.00415620601104405,0.005641609384023916,0.0026733243283083574,-0.016634977720500377
2021-10-07,0.008645544140688743,-0.010457904493507808,-0.005271739220885419,0.012566376012982161
2021-10-08,-0.0018237152431030967,-0.006998564255163764,0.00042636491147840516,0.003341372087599437
2021-10-11,-0.0072398020524120366,-0.0025373247348993155,-0.0018875818465466931,0.006660280439227284
2021-10-12,-0.0024617650701308502,0.017100084086139278,0.004514430828637339,0.0
2021-10-13,0.003597576445403261,0.009726072102082428,0.017794197805277356,0.005670937489058003
2021-10-14,0.016820750803129503,0.0037155689794892144,0.0024464685904206362,0.010338383911737914
2021-10-15,0.007615805068342585,-0.005826563516975636,-0.015892846243722114,0.008372142055931509
2021-10-18,0.002960591654061595,0.004688920026074239,-0.0024799108302698825,-0.005996372875368361
2021-10-19,0.007715050640823451,-0.013795005829117302,0.003213671993580469,0.002320374417210891
2021-10-20,0.003927482911606939,-0.006750208813197767,0.008763958748792211,0.01111093746448133
2021-10-21,0.0026083665284473145,-0.0011910563847989941,-0.0008987052245035265,-0.015109794568579527
2021-10-22,-0.001036154695025715,0.011012891729517804,0.006116967151190034,0.0046488687114187854
2021-10-25,0.00536270598503652,-0.0015258980133054934,0.006914158513320778,0.00509020398955462
2021-10-26,0.0009000196551089967,0.008269027586963018,-0.00739951491266011,0.0013814086694898808
2021-10-27,-0.004430022561278335,0.01819431022430562,0.002624060476058121,-0.018390887540068346
2021-10-28,0.009648812230504511,-0.0033841382684355326,-0.00023788536339730548,0.005152089357502776
2021-10-29,0.0020289786527243336,0.003055424580861388,-0.008507900517562339,-0.005125681388968628
2021-11-01,0.00172040617886271,-0.007199656486334471,0.005220584505493342,0.007494200164847253
2021-11-02,0.0040429267353954135,0.004438191970043359,-0.0021490007233168074,0.002789280464285726
2021-11-03,0.006105291922416045,-0.01033322874470688,-0.008315382622616663,-0.025498216720310052
2021-11-04,0.004712531119332342,0.010510339627131549,0.011340951773961994,-0.006184754686066496
2021-11-05,0.0034696168552568185,0.014955437065554467,0.0130629437586407,0.01388236276764987
2021-11-08,0.0008536201852831216,-0.0018744889526209896,0.003591619309376348,0.006137723032570319
2021-11-09,-0.003305234674091162,0.013017469098496548,0.0049281100201232775,0.007977528170791004
2021-11-10,-0.008045081873885862,-0.018282773621470683,0.010858781500706183,-0.012569854921372414
2021-11-11,0.0003235679555537718,-0.0014844311144700528,0.005602086369596027,0.007072194548547239
2021-11-12,0.007546962182094941,-0.004392188752590953,0.0018952552280546708,-0.0014044854458322709
2021-11-15,0.0003424245328649267,-0.012557291873978027,-0.0015477459282561279,0.00046882026651839936
2021-11-16,0.00395791096166076,-0.0025435213462480233,-0.007233864736584827,-0.0014059044494456607
2021-11-17,-0.0024293592718371837,0.007924966399859068,0.009137183945092442,-0.008915945932406966
2021-11-18,0.0033965372604023436,0.003761109993567935,-0.0032091550635745536,0.0033143729556963653
2021-11-19,-0.0017883830765053066,0.010557228886794334,-0.007646325240812324,-0.016045203140311548
2021-11-22,-0.002815103280728537,-0.011728093125243477,-0.022420457120115533,0.007194198467151081
2021-11-23,0.0013259392220312805,-0.014458505219952289,-0.008652404091134991,0.018095227259466107
2021-11-24,0.00266984800671044,0.016055039531676085,-0.0009565020521100642,-0.0037417909948903594
2021-11-26,-0.022303150934274374,0.025268480464564425,-0.001615539860939763,-0.05962444435708436
2021-11-29,0.012266621319045656,-0.008038242182477617,-0.0013785494630753625,0.0
2021-11-30,-0.019457539941216462,0.015202734640430426,-0.006721853018899604,-0.027458856365422335
2021-12-01,-0.011107356249736577,0.006168675703118742,0.003987937535404162,-0.008726956917830764
2021-12-02,0.015316369876493319,0.0012474784092793012,-0.005536820827328315,0.008803787189346046
2021-12-03,-0.008701291613206097,0.01193198252805372,0.008412002804647267,0.0010266875755049476
2021-12-06,0.011843295345892457,-0.013735180558923421,-0.002460563224478851,0.01743601249826332
2021-12-07,0.02068479731848427,-0.008080043064338849,0.003549490636251651,0.015120870845489298
2021-12-08,0.0026480664194192816,-0.01728445247716781,0.0005395140531609943,0.013406181112037618
2021-12-09,-0.006751618548664018,0.0055933423449718855,-0.006111378376110088,-0.015188536779914608
2021-12-10,0.009413406390287316,-0.0024126575963897556,0.004219899491422874,0.01144271244391426
2021-12-13,-0.008858222869726262,0.014778770085024595,0.00252130006200435,-0.004918915684279823
2021-12-14,-0.006879972029185777,-0.0023829106514443588,-0.009341302746070368,-0.008897620799862671
2021-12-15,0.01562489683076751,-0.009622095303921219,0.004291534360497673,0.004987499546292851
2021-12-16,-0.008818460837475728,0.0003893424535086343,0.012097561477355745,0.0059555149813630415
2021-12-17,-0.01064296183411706,0.011331534557530887,-0.002140821851282393,-0.011840297325665161
2021-12-20,-0.0106333233841569,-0.0074920298895803095,-0.0042312675861405635,-0.0069895807980613345
2021-12-21,0.017758960122572276,-0.0038071730091822076,-0.0004188884251822289,0.021116226529459547
2021-12-22,0.00999868110313562,0.004626938683300219,0.009400024100517657,0.011816871676710639
2021-12-23,0.006222123900862853,-0.008677302167545253,0.0022540179789249937,0.005352763795510862
2021-12-27,0.014152051644305885,0.002424227419667746,0.002367247994286892,0.012584730729011007
2021-12-28,-0.0008172670185866426,-0.003963186107204697,-0.004310065233419702,-0.0019121384485053516
2021-12-29,0.001279341973414505,-0.010924385555225236,-0.0002965076609273698,0.0047892418636428236
2021-12-30,-0.002764426154866384,0.008386039642916954,0.0071772153754725565,-0.004766414352486481
2021-12-31,-0.002520130803221332,0.001960860917265439,0.00683158799329231,-0.0047892418636428236
2022-01-03,0.005789817062103131,-0.026250222764053976,-0.015383743445999576,0.003849831263971648
2022-01-04,-0.00033499058848895924,-0.004158078142069477,0.007366515057776857,0.011984584073459814
2022-01-05,-0.01920212651076436,-0.00542817907369153,-0.00300766493835114,-0.00426314804657979
2022-01-06,-0.0009392630441332761,0.0025891748929056657,-0.012244126909514819,0.008563113425614555
2022-01-07,-0.003953479264836801,-0.007188291522670087,0.004551137683908024,0.0018867805524707126
2022-01-10,-0.0012442846480145153,0.0024603649949910267,0.0030402057039400354,-0.004237158258691753
2022-01-11,0.009108089983539625,0.006661044669097116,0.0120646549718888,0.01938511458340675
2022-01-12,0.0027036562673690145,-0.0038309629699444514,0.002642622730480104,0.007885126609272541
2022-01-13,-0.013778818369389101,0.0088810200928513,-0.0033969884760131075,-0.010584479076520381
2022-01-14,0.0004091491617503884,-0.015109650579208544,-0.0028796749096049457,0.013023173492169304
2022-01-18,-0.017709680830163332,-0.014074355354257495,-0.001650255097062403,0.007805377926022761
2022-01-19,-0.010383660795156291,0.006923114167967981,0.015880526897095182,0.005467035855945879
2022-01-20,-0.011068056702395412,0.006167200646360893,-0.0024988838330701757,-0.0036248070447751912
2022-01-21,-0.01963045288038645,0.011906525685950076,-0.0032624385581478954,0.0009094985178283999
2022-01-24,0.004246577097423598,-0.00821584928227026,0.005494198734739664,-0.0022717797962080732
2022-01-25,-0.012208835791505224,-0.0016140448541329677,0.0031971345443269072,0.009107510669315921
2022-01-26,-0.0025089589145567137,-0.012094308118868358,-0.016166464916677392,0.002256303405445248
2022-01-27,-0.004937888354479059,0.01836329885110377,-0.012898211138547944,0.004952791409147839
2022-01-28,0.024835350944084178,0.00034952957509504223,-0.0029832934474428585,0.0008960516276586006
2022-01-31,0.018011233931528148,-0.005170812595043817,0.005924537392067553,0.00358099775177001
2022-02-01,0.00675687804249292,-0.003318878170838868,0.0008328835308379912,0.004014247459613429
2022-02-02,0.00971402695180612,0.0033869814932991904,0.0036259919505645666,0.003998295083895709
2022-02-03,-0.023504946304639285,-0.007805979924790818,-0.0014214062993387344,0.002212375218060947
2022-02-04,0.004702246719364478,-0.014742563303107525,0.0015420788696549614,0.007946969107507584
2022-02-07,-0.003209261362453586,0.0006477405753453347,0.007402581993851909,0.002190086866084684
2022-02-08,0.008227738224783954,-0.006685822331114699,0.003056870675416823,-0.008741203469426195
2022-02-09,0.014636206199376556,0.0018813970395765711,0.0033991784238243117,0.010141125435187748
2022-02-10,-0.017965687832988908,-0.015892558711425808,-0.0037965605384254753,-0.00523794948701195
2022-02-11,-0.019718552438666714,0.01482822273038531,0.019054878321533186,0.014918729339923997
2022-02-14,-0.0032695936115018087,-0.01244131845449803,0.005350715998122091,0.005188224532817198
2022-02-15,0.016126991087907827,-0.011352769648400152,-0.009499848975192515,-0.016344169798801045
2022-02-16,0.0011208235581174897,0.005926394647497446,0.010284254451501385,0.0013117538357729774
2022-02-17,-0.021361496073811326,0.0074387171241960814,0.013668073780773726,0.008296986535715423
2022-02-18,-0.00647503470941857,0.010526823144319852,-0.0007334549100845855,0.003897766459633134
2022-02-22,-0.010731618414580923,0.002604863366858945,0.0020890378623359407,0.01423641506402551
2022-02-23,-0.017738584371284838,-0.013782051533041573,0.0045072272703239324,0.009357660789924394
2022-02-24,0.015049141866927407,0.0006588489260139774,-0.006450131470019049,0.0042142332861061504
2022-02-25,0.022063991884508694,0.0007311535694933813,-0.003330678220184624,-0.01510718665523103
2022-02-28,-0.002558620702429626,0.021918383003270536,0.010365345791119474,0.017043207200916788
2022-03-01,-0.01523020916653095,0.01156190686305636,0.018163415997793697,0.04021786363531166
2022-03-02,0.01839632319440976,-0.03418284236280522,-0.010406339832951472,0.032621706483123125
2022-03-03,-0.004978504253338012,0.010185455005851551,0.005953415398956663,0.010920367730576697
2022-03-04,-0.008124787662905919,0.0172643890764983,0.015929145881701023,0.04205254424226812
2022-03-07,-0.02947920479297028,-0.007630243183811891,0.014862865283030269,0.02184378560692868
2022-03-08,-0.007581650927784622,-0.010059497977177756,0.027358997610294145,0.017028956731685696
2022-03-09,0.026810848043472557,-0.00979885038255679,-0.029711176156992036,-0.07944429064906289
2022-03-10,-0.004515583300279347,-0.01436769280842709,0.0031212277978962533,-0.011996828715159724
2022-03-11,-0.0127150269297015,0.003346757397604705,-0.007027884128157469,0.017234602287655276
2022-03-14,-0.0073083555454941385,-0.023349023918825873,-0.015073711931138378,-0.02926460396288222
2022-03-15,0.021990658910866934,-0.0017454058678733064,-0.01870545038411886,-0.024593348296833795
2022-03-16,0.022173959633148277,0.009807829659491674,0.006260803404375848,-0.00854009202507855
2022-03-17,0.012510934550095998,-0.0074539406540845565,0.004888644573449508,0.04799030337991694
2022-03-18,0.010952721381422226,0.012212996333250903,-0.008789852082788041,0.0046965571764205905
2022-03-21,-0.0002922599909382928,-0.023156525904491354,0.007640798069546317,0.037397675020716115
2022-03-22,0.0117013114435629,-0.012812029124912527,-0.007250775291250955,-0.0022530016013260212
2022-03-23,-0.012878467192498078,0.021914853115784894,0.013659661796972422,0.024839969867945788
2022-03-24,0.015074496758468392,-0.007832353713882467,0.007260367097212672,-0.009915472077707377
2022-03-25,0.004883556451546811,-0.01387312816610542,-0.004095451209537915,0.007418431885573229
2022-03-28,0.007113065297022381,0.008549721189330173,-0.018203790082975457,-0.04344629029840752
2022-03-29,0.012370868909696409,0.0075525972393848395,0.00044678784846130526,0.003849174719424253
2022-03-30,-0.006174895283527437,0.007801335342670912,0.008038419372069505,0.018021441325317022
2022-03-31,-0.015391224008643123,0.0024287752456451095,0.000387595883929448,-0.01845579167494693
2022-04-01,0.0028340001554956196,0.0038064909752437703,-0.006365867342034592,0.006523450481791482
2022-04-04,0.008566567207992648,-0.0069493332904606575,0.004846769455083555,0.019062188654344947
2022-04-05,-0.01263131265692874,-0.022592428560530897,-0.006264842571455875,-0.008230564040391353
2022-04-06,-0.009999373448586257,-0.008094112170864198,0.002343216670796844,-0.007921489261810355
2022-04-07,0.005039142602811575,-0.007532315188862326,0.003784886240234764,0.0034220315555681946
2022-04-08,-0.002674019680421691,-0.01083082115195999,0.006265969312183373,0.012504823827907519
2022-04-11,-0.017092310454174586,-0.015824763274359555,0.004959463770487282,-0.008233562285403617
2022-04-12,-0.0037051935403568104,-0.0013807145529203257,0.007676751619003053,0.029811296314111058
2022-04-13,0.011453702245348696,0.0020329765949911316,0.004788537865617837,0.02198617694116134
2022-04-14,-0.012451958752540238,-0.020045461624756178,-0.003303550666205468,0.007529531968405001
2022-04-18,0.00041115548206072106,-0.004969191164152953,0.0030971927027434454,0.01138782751198164
2022-04-19,0.016142755464064518,-0.007490373015982654,-0.015112904376299419,-0.025686128327597202
2022-04-20,-0.000741711165219594,0.020125576506820453,0.004894947496407287,0.0010834167573208209
2022-04-21,-0.014953421605450545,-0.007398086987180474,-0.0035576001936850066,-0.0014429923143737255
2022-04-22,-0.027439133980566188,-0.0062940349615665525,-0.0097220932450649,-0.019147356730792375
2022-04-25,0.005797447256245647,0.010000880105107468,-0.017970993150090764,-0.007366516256497646
2022-04-26,-0.028960650738605542,0.010066680343999046,0.001525017044941901,0.013729203586465344
2022-04-27,0.002811781149324899,-0.012825658566514408,-0.00755702425744631,0.006954487131346498
2022-04-28,0.025259406015473385,0.0014896844519809438,0.005398323510093839,0.008360623199372919
2022-04-29,-0.0369556695064881,-0.012973116693442477,-0.00011297696546286318,-0.007570247745804282
2022-05-02,0.006019417902410007,-0.017333628984237515,-0.018540493535693647,0.01525606671600066
2022-05-03,0.004584068149662279,0.006741672653638897,0.00264926246698316,-0.013953478158472477
2022-05-04,0.030452969724623635,0.005509745519310938,0.009822544372671826,0.031204604932874913
2022-05-05,-0.03554286919161587,-0.027398228223975196,-0.003811138551277793,-0.005277939877300075
2022-05-06,-0.00596902339938743,-0.01473516968578703,0.0016558743678838361,0.0010611113282181783
2022-05-09,-0.03201720378988959,0.008797242617707424,-0.014479496708730832,-0.04522963057861018
2022-05-10,0.0023104414053967126,0.009069353356738752,-0.008445202872691127,-0.005921583255466545
2022-05-11,-0.015885950412955263,0.019272549563792207,0.008167128516088473,0.024571944477745244
2022-05-12,-0.001043887569027846,-0.0018653946431410606,-0.015333925720196762,0.00472388675989488
2022-05-13,0.023907836860080467,-0.014780884294120278,-0.00810956630229509,0.013743209832304704
2022-05-16,-0.004057765713630368,-0.0010346619114705025,0.009538483763206873,0.016410961192326656
2022-05-17,0.020570700772835737,-0.012083635736342857,-0.006279296383541522,-0.010881095274135943
2022-05-18,-0.040311756391322784,0.021317587088003354,0.0005314848929158789,-0.021646577026690705
2022-05-19,-0.0061245732556340915,0.0023953653611823444,0.014697234801531733,0.012694958057288375
2022-05-20,0.0004366073014123728,0.011349778165103075,0.0006980112537449124,0.0014326557581330057
2022-05-23,0.018710071891341773,-0.0164543027238907,0.004650369455528214,0.007510760905628189
2022-05-24,-0.007633917981549443,0.019732304844460424,0.007521859850632806,-0.0007098928624369449
2022-05-25,0.008834887149314019,0.00395444360982955,-0.006029994959596108,0.0071047503712784454
2022-05-26,0.019981469166227228,-0.004525306779072702,-0.0018488983177334939,0.01093475225912055
2022-05-27,0.024549045479764997,0.0024411520176073065,0.00052102106703944,0.011863225179783221
2022-05-31,-0.005610956743573925,-0.021162261469138466,-0.009893009276743081,-0.006896583522576605
2022-06-01,-0.008088466516075754,-0.001142745389607458,0.006369033199590923,0.0048612326250130344
2022-06-02,0.0190435126241284,0.000515925647319726,0.012309182073779512,0.02280573402957442
2022-06-03,-0.016411619088875007,-0.0021499728567665466,-0.010152017266979896,0.009459473269584517
2022-06-06,0.003044788076528082,-0.01844333685747368,-0.0044037229040009285,0.004350708510526102
2022-06-07,0.009592276617497841,0.010799561802656621,0.006518420844169315,0.006664402834372529
2022-06-08,-0.010872043809222243,-0.008859621114952865,-0.0009251975242893229,0.00893745407469182
2022-06-09,-0.023783037456735046,0.0033300512491887257,-0.0031832564859568535,0.0016404095658961726
2022-06-10,-0.028995710579796663,-0.006202309851724874,0.013412283666592417,-0.009826409974702521
2022-06-13,-0.03796813165729662,-0.0313788758330521,-0.026412288230091452,-0.01124703457244225
2022-06-14,-0.0030131233740635643,-0.01261336435324334,-0.008003209616781914,-0.011040484661634098
2022-06-15,0.014256179156491244,0.018656106215915846,0.013050939388113303,0.0006765115171580849
2022-06-16,-0.03309606295452783,0.007939550380250626,0.011243181594596585,0.0043949078145353315
2022-06-17,0.0021556154337620814,0.003222252486170918,-0.008222816311715064,-0.03567821777941338
2022-06-21,0.025173772666607253,-0.0169522756144187,-0.0037367862070599722,-0.0024433419715501614
2022-06-22,-0.001813014996214224,0.027500643556070514,0.003985188163408093,-0.01784461107517421
2022-06-23,0.009802662892222314,0.00821478679086618,-0.006129257292171064,-0.022443826399591082
2022-06-24,0.03179395594733614,-0.013842761529040404,-0.0009984622015154487,0.00947515810569688
2022-06-27,-0.0038199339079795225,-0.008528656629593345,-0.0011170700540719114,-0.0021660512692275313
2022-06-28,-0.020432627382777846,0.004659602144079011,-0.0016480211262837052,0.011939222081727818
2022-06-29,-0.0008146466567390265,0.015608122427635651,-0.0007663579045243951,-0.017161213621165183
2022-06-30,-0.008124159517530982,0.008781903873383845,-0.006077047294322124,-0.030920376639280822
2022-07-01,0.010576449525474763,0.010266961657340756,-0.0008310541616338707,0.004879931244700542
2022-07-05,0.0018886399132569398,0.007857134891812168,-0.02120964335120412,-0.0672395089904223
2022-07-06,0.0033771288799431254,-0.016791265539129907,-0.015842188833696924,-0.014817687680849345
2022-07-07,0.014977125467489083,-0.008799914786090324,0.000555053276362516,0.04146332683216136
2022-07-08,-0.0008224237557230563,-0.01107618452391701,0.0004315313201161963,0.01756437716281045
2022-07-11,-0.011423680085933086,0.017244355292955538,-0.005360507452973451,-0.0019178171341308614
2022-07-12,-0.008848882018928306,0.00594228182869827,-0.0037167247224720867,-0.04534977759805903
2022-07-13,-0.005251532256966951,0.011465938722992952,0.004787690503602615,0.0056360350438753315
2022-07-14,-0.002428486857905421,-0.008158693906475945,-0.014047055610919013,-0.0092073077202528
2022-07-15,0.01910503813885711,0.005628321847250151,-0.0020084561635671516,0.01292929904839446
2022-07-18,-0.008256925598224774,-0.010418202364871676,0.0009433945063559435,0.018747562190003064
2022-07-19,0.027019085613427585,-0.005395010846054649,0.0023874693093759447,0.00391531575156101
2022-07-20,0.006373116843402693,0.0026246111632677316,-0.009402031234323593,-0.0007800262664697799
2022-07-21,0.010183153558745772,0.017275914164715855,0.014110421925231709,-0.016783741980393785
2022-07-22,-0.009277966174488617,0.016811050123279214,0.00249575020790771,-0.011909499257336864
2022-07-25,0.0012147923705694286,-0.009784848483931463,-0.0027385476219622396,0.01807943537982304
2022-07-26,-0.01183075005347134,0.0007670300107462946,-0.0011858106875901608,0.0019732391710163277
2022-07-27,0.025966182381234715,-0.0056181834061882485,0.010184984698782484,0.02284366792653114
2022-07-28,0.012542555831235536,0.007960861127669583,0.012185323455280006,0.0007701988986956732
2022-07-29,0.014578638483508266,-0.002717491693315921,0.0028110896821249565,0.0046171308509255216
2022-08-01,-0.0029612423042474356,0.024083667981479984,0.0056672312077465925,-0.02029877450770512
2022-08-02,-0.006597409425226686,-0.021159948314150023,-0.005938288400823777,-0.005082148852538215
2022-08-03,0.015659583546155265,0.015744638116995002,0.002438243761313297,-0.00864443256425318
2022-08-04,-0.000675501106700116,-0.000335162424001445,0.016539989487255546,-0.010701478836051881
2022-08-05,-0.0016903606843838848,-0.023803384894714896,-0.011246066300201418,-0.0036057464311383125
2022-08-08,-0.0011609469589730637,0.01614161519463697,0.008470017618367853,0.012062737764907183
2022-08-09,-0.003970906265283847,-0.003887085697893866,0.0030595386607856767,0.008343212750880014
2022-08-10,0.021004115561298553,-0.006531551954035653,-0.0025119508170524663,0.013790385552305828
2022-08-11,0.0,-0.023309158211642367,-0.0026382206776995876,0.019432616863035657
2022-08-12,0.016928842901763552,0.0101405331504818,0.00919802099904432,-0.005337449593446619
2022-08-15,0.004120882848401397,-0.0008652291842338178,-0.012867030834262327,-0.012265158435745382
2022-08-16,0.0019585615225161668,0.004157580626649837,-0.001750096754401964,-0.011253408690061861
2022-08-17,-0.007097951156547877,-0.01043744955634296,-0.006468335614034371,0.00392462179705011
2022-08-18,0.0029064270393017733,0.0014821636217485779,-0.0026164156896926194,0.015246275173162571
2022-08-19,-0.01343809596827783,-0.0161023891167964,-0.007320625681104476,-0.0003851416520272988
2022-08-22,-0.020822410037867556,-0.003361936883690131,-0.006637179344595956,0.008859897799768479
2022-08-23,-0.002419224567688505,-0.005502953167561553,0.0069908740848763085,0.01641845959567645
2022-08-24,0.0032010019849038063,-0.007319271620762069,0.0029489200401788818,0.010518422864857824
2022-08-25,0.014117636804103162,0.013936995019787846,0.003062787136294043,-0.014126467239109153
2022-08-26,-0.033849079273241656,0.00753713509951659,-0.012152705301765265,0.004147786915733365
2022-08-29,-0.006612095807118079,-0.008273055591211165,0.0006182375550920494,0.014645210072993908
2022-08-30,-0.010977942246522931,0.002484696101056283,-0.008340578885610683,-0.027757203485599735
2022-08-31,-0.007608962009519438,-0.009561058996282568,-0.007725314789180926,-0.020936380059159987
2022-09-01,0.003137797506642004,-0.018307869637571694,-0.008790162100319021,-0.021384170624054732
2022-09-02,-0.010544150065197488,0.005656806084270105,0.008804709144487166,0.006753942281674696
2022-09-06,-0.0037735356588655122,-0.024768956973342804,-0.0058394619355668365,-0.0059193714976756295
2022-09-07,0.017965226780771948,0.015815958068137626,0.010168638866495439,-0.023818998514673728
2022-09-08,0.006536219611281036,-0.010257319517920749,-0.006002292729855863,0.0040667571816759285
2022-09-09,0.015535238090336856,0.0022202389032282,0.005283756568463582,0.028351466886843868
2022-09-12,0.010747630917717466,-0.00821706757638574,0.005068186218703863,0.01378504049601692
2022-09-13,-0.04348244680584379,0.002327406281851241,-0.01301133993119441,-0.00505047279309645
2022-09-14,0.003815730151196739,0.0034362875382654146,-0.003847613448870524,0.004295169616061578
2022-09-15,-0.011353256256345423,-0.0006476430077957396,-0.018679143196684067,-0.029160255912559663
2022-09-16,-0.007628852418214316,-0.008335781220909833,0.005549107201315628,-0.003604302408855231
2022-09-19,0.007754857554990391,0.0023350141140521252,0.0007700871329356929,0.0032154136867235117
2022-09-20,-0.011478491835328342,-0.009970369183951333,-0.005706587274526553,-0.0012019154770460672
2022-09-21,-0.017443877980755085,0.016753183143476402,0.004642973675810236,-0.006016897007668387
2022-09-22,-0.008399953714488761,-0.02554861632922223,-0.0005776772692025478,0.002824841015339974
2022-09-23,-0.016754671251490105,0.004084941457772384,-0.01727683040546535,-0.03380278161758854
2022-09-26,-0.009892560106754988,-0.019110542443576573,-0.011633219026207842,-0.023323650826850506
2022-09-27,-0.0025527017846733724,-0.02633125912424794,0.002049841746687875,0.010661100993395234
2022-09-28,0.01967624026048176,0.03348186511072626,0.02078665233491006,0.027848108524511916
2022-09-29,-0.020888998418720717,-0.005175795683748485,-0.00019392836526865853,-0.006157686111610716
2022-09-30,-0.015463369492507484,-0.012910746798588613,6.462244018679009e-05,-0.012391585734732535
2022-10-03,0.02640121349065816,0.015889496011602278,0.024309785681440932,0.022584733087142705
2022-10-04,0.030986410425000166,-0.0027931435917359915,0.014328122056449066,0.026993872510895356
2022-10-05,-0.0023282838689296925,-0.00956137005071589,-0.005538266375543777,0.017921032748725363
2022-10-06,-0.010315478259450006,-0.005558238217609257,-0.00112629171222689,0.006259913237331549
2022-10-07,-0.02789408666497195,-0.00970754230608184,-0.010962851258976669,0.010497685310459248
2022-10-10,-0.007635308791475559,-0.015546612700056972,-0.015201476317757034,-0.011158150563469804
2022-10-11,-0.006332985681562042,0.00442589776830582,-0.002058091550185215,-0.014396880356077446
2022-10-12,-0.0032983023704649117,0.004906655727881182,0.00534932850905423,0.0
2022-10-13,0.02639091925127035,-0.009566268981016646,-0.006923532232980256,0.013817432556626041
2022-10-14,-0.022788631467839604,-0.008250237906579971,-0.012458897998479546,-0.019859689334168373
2022-10-17,0.025696762158659014,-0.004869959891256603,0.0028762090057179446,-0.002383775071679972
2022-10-18,0.011749575246526645,0.0023449024698845022,0.0021509701146735782,-0.01075270694541497
2022-10-19,-0.0070862841158900736,-0.018206150417055644,-0.013398358104674823,-0.00040248568665235407
2022-10-20,-0.008385514401487604,-0.017092679471380157,-0.0015822103586343728,0.0008052954932142864
2022-10-21,0.0243016073754887,-0.018022680176075667,0.017827646105301076,0.0012073241094958664
2022-10-24,0.012236527172061473,-0.008264456485211125,-0.003243594030472474,0.002813486975882906
2022-10-25,0.0159684910604021,0.02911238633347124,0.002277944142005106,0.0056111869503618905
2022-10-26,-0.007534104172198908,0.01440737405006165,0.006363608620383543,0.01873253230567884
2022-10-27,-0.005339985213381637,0.010470684144879616,-0.001548523944967184,0.0015650211889752796
2022-10-28,0.02379066697200849,-0.006873802465870993,-0.010210687443231947,-0.011718761372107478
2022-10-31,-0.007223350902280101,-0.007127992470565392,-0.008161399648159207,-0.007114579507609298
2022-11-01,-0.004375739072191909,0.009345452920064501,0.010203429757038585,0.015127379433720556
2022-11-02,-0.025096307784670757,-0.004340511137150838,-0.006972548399621914,0.009019550468341686
2022-11-03,-0.010296852715465765,-0.005396624643500103,-0.003806036048150885,-0.0007772978591084057
2022-11-04,0.014393200636463765,-0.016800612628352973,0.030696289684813083,0.03383901544346246
2022-11-07,0.009565525125008634,-0.009976983957655228,-0.003962389674382338,-0.008653150169064094
2022-11-08,0.005395490700377481,0.010935065477239547,0.023099074133724695,-0.012144218932519935
2022-11-09,-0.020602047774236576,0.003287547089546372,-0.0050172660211307285,-0.02305026517560771
2022-11-10,0.05495405804924891,0.03847355627253424,0.030444387121793204,0.009044464212446313
2022-11-11,0.00967856031100589,-0.003663942727785363,0.006606324071935177,0.01909583213702648
2022-11-14,-0.008506867131139906,-0.002451732147763286,0.002187655661719301,-0.014913946747723728
2022-11-15,0.008529219447681813,0.01618028511047931,0.0035168677995043307,0.011645888408290617
2022-11-16,-0.00762883019534677,0.02186841338487988,-0.0022961020109516506,-0.011128095568822882
2022-11-17,-0.0030598289434083936,-0.010552598899268628,-0.007267423593311895,-0.016686217804524173
2022-11-18,0.004540272871806472,-0.006877330552200744,-0.006893636502166456,-0.0071031765941360625
2022-11-21,-0.0036361549068539833,0.004215399960185717,-0.005589952950737276,-0.0035771705790853536
2022-11-22,0.013457035504800485,0.014191267383995898,0.00117372396636517,0.010370982548143948
2022-11-23,0.006301631150488429,0.017442241984966245,0.006231840940288613,-0.013817692170562945
2022-11-25,-0.0002235663825637113,-0.003389981711940715,0.000858470616118101,-0.00880707774377354
2022-11-28,-0.0159570127402362,0.002818206215243313,-0.007903495498554403,-0.0060580317102711945
2022-11-29,-0.0017176001087784165,-0.011725537469291392,0.004940425418036076,0.013002760984662798
2022-11-30,0.031500789253753325,0.007353750819187876,0.012781920270785507,0.022462929756062122
2022-12-01,-0.0007359730790201802,0.03194602991894957,0.01838479961277617,-0.005100092771175069
2022-12-02,-0.00115396290869485,0.012575404623676345,-0.0034556830535615868,-0.010646706954307139
2022-12-05,-0.01798903627016657,-0.014006573175213366,-0.017158885635801036,-0.025906660155004313
2022-12-06,-0.014414717441914027,0.012879911784671183,0.0027373742314797944,-0.01595752457106303
2022-12-07,-0.00170110810157309,0.023562685709110687,0.009039101712364994,-0.004989573610383657
2022-12-08,0.007833782882866291,-0.0027407336165894414,0.0008416965556858891,-0.0016715314325861375
2022-12-09,-0.007470019221844981,-0.026014766668359335,0.003544160110315664,0.0012557475960177644
2022-12-12,0.014417148254633139,0.0031977158362259672,-0.008260534556326027,0.01086949648806912
2022-12-13,0.007569723324840405,0.009656197526314525,0.017081132038632596,0.016542765673237758
2022-12-14,-0.006393450834678127,0.004271151142023477,-0.0024330212847030186,0.007729812043874462
2022-12-15,-0.024461637424356142,0.0039016730499998875,-0.01635930934057528,-0.012111436436307965
2022-12-16,-0.011806279648494233,-0.011170548465205488,0.008708721678036602,-0.012668582769319259
2022-12-19,-0.008479682030660296,-0.016805167679106114,-0.0028178306902848504,-0.0018738213198459253
2022-12-20,0.0013683691144821264,-0.01775702175276761,0.016594482836064905,0.004589131976312721
2022-12-21,0.014952569652629144,0.002513361481978338,-0.0016560135809358112,0.01287359088357043
2022-12-22,-0.01426622429543567,-0.0001930083205187172,-0.012085358459954287,-0.01270996795596202
2022-12-23,0.005752460765568568,-0.014660113471884673,0.002998321039039853,0.018272310265529335
2022-12-27,-0.003943678595112243,-0.019772882643964707,0.008430011409881644,0.008972212089693787
2022-12-28,-0.012427831232404984,-0.005892093304363133,-0.004505807286929064,-0.011317698854341529
2022-12-29,0.01800027114967473,0.011351306813530693,0.005598251568726287,-0.0012264280274791872
2022-12-30,-0.0026340865414707926,-0.011124501983891033,0.0046786689817972515,0.009005354730493575
2023-01-03,-0.004209846018981556,0.01908429375590681,0.008370656531798915,-0.02393510293194734
2023-01-04,0.0077200341738168365,0.013699847495554751,0.0094119059589024,-0.01787192500983703
2023-01-05,-0.011413202715190085,0.004180875854648214,-0.012451461859522062,-0.005078392544363597
2023-01-06,0.022932029615311933,0.01839655771241122,0.01870749684189077,0.005529519314392939
2023-01-09,-0.0005668859179304153,0.005324234516677073,0.0022451175785793698,0.011844418194996598
2023-01-10,0.007012948754661519,-0.016550273065279897,0.0036760446135073455,0.0
2023-01-11,0.012647754958123425,0.016251894494402785,-0.000686793935011365,0.017976526519090763
2023-01-12,0.003640823803058746,0.019682126041028702,0.011568000967502767,0.00821359939840427
2023-01-13,0.003879593273452775,-0.009372955678053296,0.012001783992939385,0.009776076192883565
2023-01-17,-0.0018320670112847992,-0.006463727993103685,-0.00654507834469964,0.006857536614852666
2023-01-18,-0.015788064885065567,0.024231507341767378,-0.0028717524486322477,-0.010817351234250316
2023-01-19,-0.00727980952621643,-0.0062597398619909095,0.015868520044824974,0.010125614451124365
2023-01-20,0.018629199622007375,-0.016211533458393212,-0.003335405556458948,0.0060143811179727
2023-01-23,0.011998414035175875,-0.004707622420720425,0.0018964337632443318,0.002391439310736043
2023-01-24,-0.001073161389579469,0.014380278819176917,0.003618515163479552,-0.00556659709070062
2023-01-25,0.00037482571601077375,0.0024247539801467433,0.004603959599926544,-0.0027988787758008726
2023-01-26,0.010990236578673818,-0.004652051140620284,-0.009055266877154966,0.004410470437949066
2023-01-27,0.002297716532322358,-0.0025236568012021454,-0.0013929904624704337,-0.011177552313749062
2023-01-30,-0.012546751360647534,-0.003654431055698737,-0.002566715270248765,-0.012918820851704815
2023-01-31,0.01470332345925307,0.007994468620004636,0.0036362115419990015,0.017177903613498025
2023-02-01,0.010627887549920834,0.012021184510927707,0.012596814339808304,-0.018898272171740116
2023-02-02,0.01455682390015034,0.0012939867592545173,-0.02075193653580043,-0.0073771085409991555
2023-02-03,-0.010628971697529521,-0.014955764239332647,-0.024957770292002968,-0.025185706158395105
2023-02-06,-0.006111372208094101,-0.00740394503750319,0.0020754098721176284,0.002964751243195618
2023-02-07,0.013078610594748463,-0.008025576781301114,0.000920425708082595,0.019003394426133413
2023-02-08,-0.010934802673660649,0.0047590085643840485,0.002471594120761589,0.0020720308611330562
2023-02-09,-0.008669124403046569,-0.009473186171832015,-0.007912418174625069,-0.007857742794403322
2023-02-10,0.0023335089501874684,-0.011189641923355365,0.0019071943211166342,0.014172708007447854
2023-02-13,0.01173909275417917,0.008414876690702844,-0.005076170279846859,-0.002055087595556504
2023-02-14,-0.0004601509437346385,-0.0023022342515943706,0.0007537389032514774,0.00329483969379063
2023-02-15,0.0032472128019216395,-0.009324874789052529,-0.00996466725346834,-0.010673152417102982
2023-02-16,-0.013768725834881201,-0.014168043969076893,-0.0008192368783922488,-0.0029046529234488805
2023-02-17,-0.002498216899446848,0.007776451580983723,0.002986790669610162,-0.007490606819669288
2023-02-21,-0.020060866592698012,-0.01943727268887241,-0.003737004613899475,0.0012577956747104047
2023-02-22,-0.0013779969293964411,0.009164019589950056,-0.005626488586046308,-0.01298150293679634
2023-02-23,0.0053192277405791355,0.009772236398287726,-0.0005304511136865475,0.007636795725790568
2023-02-24,-0.01068229738258586,-0.013001212037345167,-0.00719467575637045,-0.00336836681914654
2023-02-27,0.0034057003389516005,0.002773298817440928,0.003920334893926292,0.0008448457139407228
2023-02-28,-0.003695863725286519,0.004543134719372954,0.00455596886271592,0.0029549237999761946
2023-03-01,-0.0038358653937848874,-0.010743142252833682,0.005772150633673867,0.01725584300825278
2023-03-02,0.007777354735619246,-0.008867278267826517,-0.0005855636445488699,-0.003723519336518488
2023-03-03,0.016037511358459655,0.02422608130023729,0.010723085619275707,0.0157805657865151
2023-03-06,0.0006928995132251536,-0.0077536781691728285,-0.005043830646819902,-0.004905890266225232
2023-03-07,-0.015328792059369878,0.006132634683452265,-0.017480480627863337,-0.020542344241883614
2023-03-08,0.0016322228747125411,0.0009833903789766563,-0.00047445044105887124,-0.005453069511944575
2023-03-09,-0.01844979332839214,0.002455023091552988,0.009849316056938173,-0.012230975918772868
2023-03-10,-0.014429612996783359,0.03448634559868524,0.021562856843419187,0.010674603813287442
2023-03-13,-0.00142539066124725,0.0022724839587895396,0.022948211912439564,-0.006337171315159096
2023-03-14,0.0165303883400183,-0.016441335262332823,-0.005791064746217711,-0.012755081717120254
2023-03-15,-0.006254308982939105,0.01931016073446723,0.007804133170404848,-0.023255813953488413
2023-03-16,0.017544949936107335,-0.007822571437295922,0.002020092008242713,0.003086514043312283
2023-03-17,-0.011692521398339095,0.015009197437346078,0.02912021467748982,-0.0030770167877852694
2023-03-20,0.00961552415176592,-0.00879768488741739,0.0003808677357699519,0.003968237956706089
2023-03-21,0.01313050228293533,-0.00859197654363808,-0.018875115806276432,0.0035134338584139613
2023-03-22,-0.0170464250305844,0.013333285260984207,0.01702060989813825,0.0026257781288521187
2023-03-23,0.002703329257135456,0.0,0.012538176085624908,-0.00261890147463828
2023-03-24,0.006561991798420097,0.004229453062172928,-0.011252350246951037,0.004813878892289125
2023-03-27,0.001870000574432984,-0.023491089186248315,-0.009256722051406152,0.018728254780638665
2023-03-28,-0.0022447680017475546,0.0018210353119858524,0.008189093257242153,0.004702928631758585
2023-03-29,0.014534647748678742,-0.002009082393265693,-0.00496077000653139,-0.006382922106802802
2023-03-30,0.0058555754123188475,0.004601312423053949,0.009039576549164652,0.007280442705261736
2023-03-31,0.014094400618597902,0.014980909377297014,-0.005212246135594234,0.00935377599961762
2023-04-03,0.0038106386139793447,0.004702998548511417,0.007204410308019105,0.016427933755942314
2023-04-04,-0.005548032308860806,0.004971949272837728,0.018640958960437715,-0.0012432004574053357
2023-04-05,-0.002618292696399571,0.01045440889628102,-0.0007979247786651378,0.0037344246033359507
2023-04-06,0.0039006970489308124,0.0025864801309603003,-0.007134091065472581,-0.0028937560010736663
2023-04-10,0.0010265920918841598,-0.01612446448542948,-0.007399886547073353,0.0
2023-04-11,0.0002684938218477928,0.0020602995362353216,0.006320556237305208,0.005389676092788287
2023-04-12,-0.0040759133032660655,-0.0010279496430244395,0.004885138866613126,0.007835059957050028
2023-04-13,0.013282698737322018,-0.007858658992612844,0.013515672558895409,0.0
2023-04-14,-0.0024427919758124306,-0.009146367971763492,-0.017710313033589165,0.0012275206765779423
2023-04-17,0.003588251096636963,-0.011895804840706625,-0.0044537552497120325,-0.004086659695292094
2023-04-18,0.0006521156043506338,0.003563504865575773,0.003880780603893852,0.0020517145066265563
2023-04-19,-0.0001687947807026413,-0.0009598330637164976,-0.004778520212877502,-0.013922967520659801
2023-04-20,-0.00545708384083321,0.008549700798433202,0.00393825919904689,-0.008720924708834232
2023-04-21,0.0007768804575196686,-0.005619641930796115,-0.00988766926809792,-0.0020947824955085403
2023-04-24,0.00104323843424603,0.009674152407645131,0.003039335460481629,0.007976499138109716
2023-04-25,-0.015873908717415786,0.014704762571240204,0.005086318131183543,-0.014160719745158756
2023-04-26,-0.004235609404106722,-0.01065846451739283,-0.0054373863086726315,-0.015209155925674955
2023-04-27,0.019908152750601316,-0.00992217643736415,5.410039265330013e-05,0.0012869337989027674
2023-04-28,0.008535010751640426,0.016130234109759778,0.0002706525128974846,0.009425913677708175
2023-05-01,-0.0010095742527453933,-0.028834631682682743,-0.004491351825477108,-0.008488920225549923
2023-05-02,-0.011239430250268856,0.024920422280878096,0.019296640909943763,-0.022688409788228836
2023-05-03,-0.006863900324896255,0.0055816814308755625,0.008479075840785555,-0.012702427763626956
2023-05-04,-0.007082928354303686,-0.009878568308097746,0.00703295344911492,0.0039926916651982225
2023-05-05,0.018512606346502203,-0.0033259590525573923,-0.015647950479605433,0.022536528019618363
2023-05-08,0.00026668283766873024,-0.014014658034861238,0.0012269055761324754,0.0047537379920705725
2023-05-09,-0.00438565137384006,-0.0035777737423372535,0.007086162362163639,0.003010657160314789
2023-05-10,0.0046724467004195525,0.009704645331373607,-0.001428442843921074,-0.003001620310634001
2023-05-11,-0.001744028304918599,0.010571514032450935,-0.008582755587748347,-0.017204304098302314
2023-05-12,-0.00131034501380356,-0.008369040863365207,-0.0017100802429794726,-0.007877525095647764
2023-05-15,0.0034502230547883705,-0.010357673371505727,0.0021412620336231925,0.01146900533265982
2023-05-16,-0.006682569261043603,-0.0030038414298373395,-0.0124993937971285,-0.010902808409130715
2023-05-17,0.01213909082989928,-0.0029162536846960574,-0.0034618889303412725,0.011904713870118488
2023-05-18,0.009632963596518662,-0.007409006463539258,-0.012972911279784505,-0.009150321957354879
2023-05-19,-0.001455230061042645,-0.007071238371320732,0.0098988291245512,-0.0013191920695937442
2023-05-22,0.000406414652619036,-0.0035609284042762424,-0.002341497915543389,0.0008806550715187988
2023-05-23,-0.011222918942852322,0.0028787308854860694,0.001200731149241463,0.003959508831489655
2023-05-24,-0.007244844509494142,-0.00494916575058002,-0.008068450017086337,0.00043815728366536355
2023-05-25,0.008660023577043763,-0.0024866295086715118,-0.009618027091793824,-0.01576866265565835
2023-05-26,0.012950508131889249,0.008077364502800055,0.003995567330169925,0.01602129708469291
2023-05-30,0.00038098799505537073,0.009990892084414726,0.006190554546333882,-0.023215028597545873
2023-05-31,-0.005545187619041769,0.008717111147392487,0.0015382006614657051,-0.011210728156525573
2023-06-01,0.009501039442507908,0.003923481145857277,0.00789813034647624,0.016326563281403583
2023-06-02,0.014461214117278187,-0.01095806294142454,-0.014747450675273721,0.012940587848446095
2023-06-05,-0.001916283858174661,-0.001862996717034715,0.006020416015011243,-0.002643225168556196
2023-06-06,0.002177387434340261,0.005893866295791916,0.0010980396887689814,0.001325115162025714
2023-06-07,-0.003457724968653264,-0.014843874707995308,-0.012010543410059138,0.0039700846666905765
2023-06-08,0.006048552856186884,0.011697178107417772,0.013211240429905624,0.0017573450792183198
2023-06-09,0.0017942616080397489,-0.001371657921320213,-0.0026845203333208945,-0.006140347859392992
2023-06-12,0.009071946184395552,0.002943377653148005,-0.0008788640365902101,-0.013680418816431672
2023-06-13,0.006592812836485384,-0.009880324193944467,-0.007367558613950331,0.0134227972006975
2023-06-14,0.0011908621011540443,0.008003161350589982,0.0005539277015322863,0.0022075180476721634
2023-06-15,0.012397652584857033,0.009605709647790173,0.007030581691497284,0.02114541740986775
2023-06-16,-0.0034061818724115955,-0.0038833535061210123,-0.0015392159510752013,0.012510629890137182
2023-06-20,-0.005188221050783204,0.006920114107376696,-0.010350739592973501,-0.008947495801277627
2023-06-21,-0.005123692693211224,0.0024197280135735966,-0.0014464228474878604,0.01461741438148767
2023-06-22,0.0036097827997971788,-0.01207044764132681,-0.009916979914319946,-0.018644135866155764
2023-06-23,-0.007559925486374075,0.009969833046817866,0.0027572461643308177,-0.010794440692291518
2023-06-26,-0.0040858874334283035,0.0010643763818862784,0.0017396047357047806,0.0013094031849083532
2023-06-27,0.010963382020643841,-0.0026101816764148023,-0.004593535884055422,-0.016128915830411206
2023-06-28,0.0005042377980517543,0.00426487096955297,-0.002307409851291853,-0.0031014602358662158
2023-06-29,0.003941496373466302,-0.018048536413271532,-0.001071764681377263,0.0004443888380059047
2023-06-30,0.01180084160132866,0.01179502992679704,0.006663323502016594,0.008440702184494553
2023-07-03,0.001150299158531487,-0.005668957237593308,0.0011218766110339118,0.0
2023-07-05,-0.0014871681691336347,-0.00950235683304046,-0.00353003237800964,0.006167397413770592
2023-07-06,-0.007830645378626766,-0.014143008742491747,-0.002980200124891419,-0.002189154261252546
2023-07-07,-0.002524592077363219,-0.006019393239287685,0.007500997402107412,0.008336903405557372
2023-07-10,0.002530981773897434,0.0013118390351167797,0.0007836956455820054,0.002176007221120324
2023-07-11,0.0063685428910469355,0.005141067592655979,0.0037476125602418087,0.011723600941929702
2023-07-12,0.008046041691992745,0.01113105140284909,0.013541420874312982,0.0072961609380322034
2023-07-13,0.007936792022413153,0.010512692049325034,0.0007146999149643118,0.014060695362833497
2023-07-14,-0.0006227452085681984,-0.005888661675419349,-0.0031866482531699436,-0.006722854785878862
2023-07-17,0.0034721453509449773,0.0004933992368827411,0.0007165567329587841,-0.008037050063448459
2023-07-18,0.007430647013491942,0.004539338555489936,0.011456278139590825,0.013219541238917998
2023-07-19,0.0022237156723832197,0.01129663724982044,0.00016335645500209495,0.005471338016519001
2023-07-20,-0.006634494192364615,-0.012141843625904425,-0.005063389149303599,0.002930094709358233
2023-07-21,0.0,0.00029496604420797823,-0.0030645332195952113,0.005425758589981067
2023-07-24,0.004467271138958395,-0.003637384224852158,-0.00428147332668416,0.017849668116340034
2023-07-25,0.0027299966753795424,-0.0018741560474089258,0.005567859975791123,0.003670547338704422
2023-07-26,0.0001537110828402355,0.0009883135113721853,0.0048791150253855164,-0.004876076388882766
2023-07-27,-0.006629910097008751,-0.01945268659787991,-0.01571197400361901,-0.002450028990556574
2023-07-28,0.00979033491976189,0.00513561638715343,0.007981390400291666,0.006140026750909744
2023-07-31,0.0019040724619334704,0.0024046743930155046,0.0026944104889450315,0.004068371258910686
2023-08-01,-0.0028615790782207107,-0.016386702884364834,-0.010364679607279714,-0.005267470340297176
2023-08-02,-0.013910801989888477,-0.010699088382707278,-0.004765602229612864,-0.015071350951825324
2023-08-03,-0.0028658701146622167,-0.02307167400429655,-0.0003341470787491252,0.00951206608930999
2023-08-04,-0.004522956756208507,0.017712273054430572,0.003620414278603157,0.0016387355342024623
2023-08-07,0.008728705701393169,-0.009841505814477847,-0.0022753962847783527,0.0004088576678946687
2023-08-08,-0.004348726313410212,0.011613452885936404,-0.006341080194621318,-0.0012264280274791872
2023-08-09,-0.006685170977103638,0.005171054388629637,-0.00475820704444585,0.006958679146856994
2023-08-10,0.00035887571416259867,-0.016462711751368375,-0.0010686044760203073,-0.005284511944357417
2023-08-11,-0.0005830171032084053,-0.002301323383656184,0.0,-0.001634717303160782
2023-08-14,0.005520036262399719,-0.0022016771229474985,-0.003040588549344525,-0.004912003563220413
2023-08-15,-0.011648831285460903,-0.0060954096836270955,-0.002654474343068869,-0.011929189745075286
2023-08-16,-0.007338300442465195,-0.007823978400138487,-0.005776029417432049,-0.004163220824957459
2023-08-17,-0.007619873679635569,-0.004262742649620788,-0.0015378724223797935,0.0025084118513851728
2023-08-18,0.0004813736705591154,0.003532157323784313,0.00017112823031739666,0.007089262669616181
2023-08-21,0.0065063033964274375,-0.013330663463316794,0.002737670236275802,-0.002484522035810399
2023-08-22,-0.002708630796397493,0.007673806140040318,0.0016495566176504273,0.0004151485254901832
2023-08-23,0.01113766666122018,0.024777623390674464,0.01016464068195777,0.002074700426024201
2023-08-24,-0.013858930050473894,-0.006594187714810351,-0.00022482031744353037,0.0008280537164888635
2023-08-25,0.007049725178177146,0.003266339754995684,-0.0012932863561120334,0.009929685387181086
2023-08-28,0.0063413039300805885,0.001050103956459214,0.0028713533365909427,-0.00163864627359267
2023-08-29,0.014454831976887128,0.01038610817468033,0.009768091768254772,0.003692960941964696
2023-08-30,0.0041187998933380765,-0.0010381291193729547,0.0025018747942815445,0.0012266061837875597
2023-08-31,-0.0014632904368835353,0.0044693979583947385,-0.0016637258183913595,0.0040832333692204514
2023-09-01,0.0018650284896026825,-0.01557863921681979,0.0004999240959600026,0.01179335520277669
2023-09-05,-0.004321774153688507,-0.014022099037781621,-0.008161685723844458,0.00482333655227718
2023-09-06,-0.0067225834847646215,0.00245953307591229,-0.004534245193468567,0.002399786786330349
2023-09-07,-0.0030702314830590716,0.002773492050570203,0.0010684498647577367,-0.0019950491550168037
2023-09-08,0.0015061975057022448,0.0038290242489202875,0.0003370270596214642,0.001999037332758302
2023-09-11,0.006576646403065656,-0.007205196781799317,0.001853109993606994,0.005985669137452021
2023-09-12,-0.0054855703484364415,0.00576310653901646,-0.005156651253074851,0.0035700843062613785
2023-09-13,0.0011658249227004536,-0.00021227298213566392,-0.0023100098564432514,0.0031620905330882465
2023-09-14,0.008622478533369948,-0.007217618370761958,0.0005082241752882855,0.008274226909089855
2023-09-15,-0.012048387681025674,-0.006094361601752252,0.006603816566220333,-0.0023446280541383757
2023-09-18,0.0005865743601718432,0.005701291466458258,0.005887647601878543,-0.00039164703666405565
2023-09-19,-0.0020738997647606894,-0.007380503595135757,-0.0009476457412548323,0.0007836863465087163
2023-09-20,-0.009193263597168877,0.003124874269901934,0.0007253927124595272,-0.008222476241435461
2023-09-21,-0.016528431397665355,-0.025673777529786723,-0.007248413758109917,-0.0031583453838240905
2023-09-22,-0.002248574701449235,0.008048219210320395,0.0032013033173832195,0.000792066460753027
2023-09-25,0.004205209778298968,-0.024608872056964937,-0.005150588926742139,-0.00474863752799759
2023-09-26,-0.014691252771662389,-0.003476206934268311,-0.007990985893820302,-0.0011928669863643382
2023-09-27,0.0003991290167313366,-0.0051758651721142135,-0.012366647894697436,0.005573245230943602
2023-09-28,0.00579754576909397,0.0030536946618888727,-0.004997187509914736,-0.0011877586846983368
2023-09-29,-0.0024269430976978645,0.00011302321469486287,-0.01027534966921384,-0.01070141752308007
2023-10-02,-0.00039756125998857694,-0.016740294385852228,-0.010498705650611395,-0.007612187496099043
2023-10-03,-0.013386167565290319,-0.021511820519430347,-0.0028882419805683623,-0.00444082817465119
2023-10-04,0.007281836170366374,0.01410794296153095,-0.00011825651470720455,-0.02798056881627231
2023-10-05,-0.0003768612261682014,-0.004984774279113369,-0.0018327868021307259,-0.005840721687952688
2023-10-06,0.011872927132474231,-0.012117141930080066,0.005153083621109555,0.003776828539280741
2023-10-09,0.00640212430684195,0.02346969433097157,0.01838544744893622,0.02090303737540955
2023-10-10,0.0052049858393015125,-0.0013829909821982955,-0.0016780958953311886,-0.002457052001563209
2023-10-11,0.004096256432771561,0.020886296183804998,0.007303045938392039,-0.005747123352511929
2023-10-12,-0.006096529615446267,-0.02712744841671555,-0.0030496507265770356,-0.0004129202475577909
2023-10-13,-0.004980948218810566,0.017892312424839574,0.03214825984540237,0.02643547260379875
2023-10-16,0.010521496910222972,-0.01609397250031075,-0.004864928190345896,-0.003219351496682399
2023-10-17,-4.596870392725716e-05,-0.01102105855377522,0.001854273768354009,0.002825997559017912
2023-10-18,-0.013324949028499122,-0.008797556821732888,0.014470816805260078,0.008856539826053167
2023-10-19,-0.008786377805294121,-0.02047365569810522,0.012274016037125302,0.010375194616410344
2023-10-20,-0.012288273665064242,0.005678324275655289,0.0027308974274993236,-0.007503957773650871
2023-10-23,-0.0017330800425922055,0.012013740422537111,-0.0033770637265356784,-0.006366876462412074
2023-10-24,0.007539467774099862,0.013176697317300645,-0.0001093308866343401,-0.010812932378117424
2023-10-25,-0.014352192055823498,-0.022261332869266792,0.004208823642007475,0.0072873317520929515
2023-10-26,-0.011974539126637818,0.015338666671081747,0.0015784524505007003,-0.008440422987970986
2023-10-27,-0.004532814510393002,-0.004248844559697429,0.011629799758343662,0.013376664244641123
2023-10-30,0.011955719534505693,-0.004504125062498976,-0.00564054701797434,-0.016000089245747917
2023-10-31,0.006280395780308146,-0.004881479812822165,-0.005456562573315948,-0.0036585218955086374
2023-11-01,0.010664767997347946,0.021682212361593844,-0.003150642851826202,0.001631960612482164
2023-11-02,0.0191641890473917,0.022796521948771797,0.0033240729584831374,0.01059063826947182
2023-11-03,0.009123454289591049,0.006778558327854123,0.003638921283475316,-0.005239782121878145
2023-11-06,0.002300490037781655,-0.009699771411915359,-0.007792560392528847,0.004051798395507289
2023-11-07,0.0028460458234895736,0.014749785297915263,-0.0041451308444239165,-0.0213881798975184
2023-11-08,0.0007324116803841818,0.017033712182773497,-0.00996764391222027,-0.011133975823464315
2023-11-09,-0.007798828767954014,-0.02300108487071395,0.003982968433291267,-0.0025021354651306726
2023-11-10,0.015604861740171172,0.005599660011509355,-0.010909752197912126,0.005016732613662533
2023-11-13,-0.0009531810096826687,-0.0022725189907178978,0.005570720464602941,0.014558969290883628
2023-11-14,0.0194007709739088,0.022667649044191496,0.008919177105678688,-0.0016399901018137042
2023-11-15,0.0021170859089065797,-0.014034439263225451,-0.002635601473798599,-0.006570736349830297
2023-11-16,0.001223021729185536,0.012426787090125568,0.011286077178189302,-0.023976822569981793
2023-11-17,0.0012438227768831744,0.004686498019060625,-0.00010890234740634774,0.014400721300370956
2023-11-20,0.0076975556449827565,0.006107975589125125,-0.0016333808174913145,0.012525983596662016
2023-11-21,-0.002179354867042904,-0.00044145916170257316,0.01079790063288577,0.005773102766224891
2023-11-22,0.003860833660118468,0.0035339933973324023,-0.004262252597287075,-0.008610082035238609
2023-11-24,0.0006153298435043197,-0.01177498761245388,0.005201596914642392,-0.006616932740976411
2023-11-27,-0.0018009688501093857,0.01670385043690925,0.006737817869841178,-0.006661189603885398
2023-11-28,0.0009900731535916751,0.001971729742757944,0.013331852960406732,0.012154357296773943
2023-11-29,-0.0007034327420673003,0.01257060641435448,0.0014794398574642376,0.007039268584428715
2023-11-30,0.003937496923179573,-0.011550795600799413,-0.004167950375202456,-0.016858504741689595
2023-12-01,0.005915932849248184,0.0188336049396316,0.017271494075951965,-0.004600556677837653
2023-12-04,-0.005249483508577346,-0.0039789481996850284,-0.02161342646325959,-0.006722854785878862
2023-12-05,-0.00019705641536482688,0.021485551967328487,-0.0037794459254785195,-0.008883152352238133
2023-12-06,-0.004029633558374046,0.013317997150081418,0.0036868953454944897,-0.02432771785445531
2023-12-07,0.007630217346005663,-0.005737136698641732,0.0016503277504122948,0.001749752925317427
2023-12-08,0.0042992479364318825,-0.008182773569641366,-0.01334039111485108,0.004366741594414858
2023-12-11,0.003889462311072567,-0.0021154736649253714,-0.011042895165362276,-0.003478204853723299
2023-12-12,0.004567417752078695,0.002968105415755762,-0.0005446421195114404,-0.015270496983450621
2023-12-13,0.013789926454949919,0.023462236097669953,0.022562533466176538,0.011519626701075314
2023-12-14,0.0032095668708291836,0.02601278913483407,0.005862552982469849,0.01664478430371763
2023-12-15,-0.0016465954822748596,0.001110691589421009,-0.009166511771857233,0.0017234612178043118
2023-12-18,0.005625020765432698,-0.007967597992106334,0.004545487184575592,0.007174652976920104
2023-12-19,0.006080946509705587,0.005388415376405664,0.00681394057869511,0.007616504171877647
2023-12-20,-0.013857196419393314,0.006775169454899421,-0.005445982936102989,-0.01156062104817579
2023-12-21,0.00948181098642098,-0.006327867430344192,0.007070635455129759,0.001799330043841696
2023-12-22,0.002009663437074538,-0.0045486641108378745,0.004434417088942322,-0.0017960982702622807
2023-12-26,0.004222535037011754,0.0028432281476113985,0.007620733251079592,0.009896502087447079
2023-12-27,0.0018081671892045126,0.01771979450406702,0.004537842226414179,-0.004454336185406027
2023-12-28,0.0003777122211576778,-0.007263217995826188,-0.005815437657636813,-0.008501114826424794
2023-12-29,-0.002894986119617915,-0.009019660607909707,-0.001566841018672216,-0.005415135388225134
2024-01-02,-0.005596449629076128,-0.00576480827558723,-0.002353909884146743,-0.00816697521799059
2024-01-03,-0.008166481633714029,0.004170622907425425,-0.008336809604204354,0.012808687205041025
2024-01-04,-0.003221343123372966,-0.015194353145968731,0.0010046128932528209,-0.005419933705712254
2024-01-05,0.0013696688258113543,-0.009565719130910533,0.00015845540955172766,0.004995347013218243
2024-01-08,0.014276053737602767,0.009865647589700766,-0.007816271130823282,-0.014459968963474679
2024-01-09,-0.0015170617781710138,-0.00637595274562841,0.0003193567900841021,0.007336016124552147
2024-01-10,0.0056553985717209265,-0.004657414439347751,-0.00228804710551489,-0.006827434895673279
2024-01-11,-0.000440673039669659,0.00561479996752734,0.0019733072916665595,0.007332749317474185
2024-01-12,0.0006928480695325145,-0.00196436710922987,0.009794068475553752,0.003639685755497668
2024-01-16,-0.003671306660289475,-0.01761301372988122,-0.009488181898979597,-0.008612775953441343
2024-01-17,-0.005558562666849731,-0.0015817322416533663,-0.01101595063528893,-0.0013718063316373597
2024-01-18,0.008892743175694662,-0.009295509494815168,0.008232882099906247,0.006410208254981953
2024-01-19,0.012466214778504625,0.0031985698065841728,0.00298872590696031,-0.0018197956348715572
2024-01-22,0.0021143215520429415,0.0059519541249659635,-0.003777957126316789,0.0041020996472473925
2024-01-23,0.0029164132980590285,-0.007924128428539179,0.0038991332271092194,0.005447090137128852
2024-01-24,0.0010931331410748424,-0.005857448713173508,-0.008246890539639895,0.008577874209492853
2024-01-25,0.0054389714692832936,0.006534561680088258,0.003969986681303217,0.0076096849013893575
2024-01-26,-0.0012704629601297812,-0.0019154697824562694,-0.0006946931881827156,0.004442463086574033
2024-01-29,0.007919308311993944,0.011516516398771603,0.0070584854445867595,-0.008403449338189817
2024-01-30,-0.000773300179463976,0.009065587995771729,0.0013805262268788976,0.006690584106111119
2024-01-31,-0.016317451631975732,0.00982041365322206,-0.0007423479101065222,-0.010633622686239574
2024-02-01,0.013088180337325284,0.019615963019381955,0.01040067256889099,-0.012091366040325902
2024-02-02,0.010527296668721098,-0.022088810410899162,-0.009453300862028224,-0.01133275849554427
2024-02-05,-0.0036410056102254007,-0.02019324092404795,-0.005513988032274764,0.004126455507553972
2024-02-06,0.0029032537875666176,0.009773519594443947,0.005224693124019186,0.0036530766374169854
2024-02-07,0.00834030485462911,-0.004839595743501679,-0.0002651978305409086,0.004549583572933447
2024-02-08,0.00044175053131256803,-0.005814184534058242,-0.0009018470501077624,0.005434849573781708
2024-02-09,0.0057793359482620765,-0.0020208200205752425,-0.003876152075832917,0.0027026422748446244
2024-02-12,-0.0004388300624937891,0.0011718968189491363,-0.0026119694947860372,0.0004492262812021419
2024-02-13,-0.013773114113149632,-0.017134952298131778,-0.013788690196348319,-0.005837505889076056
2024-02-14,0.00908766744333156,0.005089541390250973,-0.0005961123453055439,-0.009485071590870642
2024-02-15,0.006899730653169955,0.005171028246707454,0.0067238125229136525,0.0022800257208417385
2024-02-16,-0.004979911268401915,-0.005787593756049647,0.0036625695484677756,0.002274839029344111
2024-02-20,-0.005505444268469661,0.0008625793557845984,0.006064210073093879,-0.005447184408431505
2024-02-21,0.0009058194580879864,-0.007109251455949095,5.331256612173263e-05,0.004107716660821437
2024-02-22,0.020695616160753882,0.0048818102404093455,0.00042672195902415666,0.0027273063679502663
2024-02-23,0.0006895340122825555,0.013386674150944744,0.005651511902278639,-0.014505945937193232
2024-02-26,-0.0036624553660885573,-0.002982737840607874,-0.0022266895335479875,0.009199713833808243
2024-02-27,0.0018576239189489474,-0.007052189132222497,-0.0010626830578386315,0.007748326304344744
2024-02-28,-0.0013214548754292288,0.006348865082351995,0.00180849115899262,-0.004070465692835756
2024-02-29,0.0035947813075345447,0.007057377662535114,0.005150266749304189,-0.0013624616813546764
2024-03-01,0.009388331285634655,0.006230841147716548,0.018910791174389097,0.005002256710419761
2024-03-04,-0.0010724602446435805,-0.004022157032141371,0.016174996770490724,0.0031674442438753836
2024-03-05,-0.0099940695152958,0.014241505863211934,0.006020141664404566,-0.007668036240995768
2024-03-06,0.0050672532385653835,0.005868187186489848,0.008215401882095241,0.008181824703990426
2024-03-07,0.009926389913529787,-0.0009376105678058355,0.005683843351386164,0.0027051731157234915
2024-03-08,-0.006002148112792316,-0.0017725172376304998,0.008452547868211147,-0.003147505149737162
2024-03-11,-0.0008598627131740644,-0.0005223587288141207,0.00183502012710135,0.008570229786288408
2024-03-12,0.010757349449404208,-0.008361041991794327,-0.01094062729637224,-0.0026834888438586058
2024-03-13,-0.001567407845057267,-0.004848483871507936,0.00700740378557585,0.013901408394301651
2024-03-14,-0.001976882689057602,-0.015356867222844572,-0.004175139558116325,0.003095997982172749
2024-03-15,-0.00686664601516096,-0.0003228110222964764,-0.00319440663913817,0.0035273496190342257
2024-03-18,0.00594315559991454,-0.003012565353313401,0.0016022835845583838,0.00922659851074692
2024-03-19,0.0055572112941100205,0.0028058938259238886,-0.0011498061737871268,-0.0004353407741796156
2024-03-20,0.009249220034809102,-0.00032298474482328476,0.011911859798154678,-0.0026131822698703955
2024-03-21,0.003304671689740246,0.0021532260107945955,-0.0010386361790747367,-0.0013100144414468495
2024-03-22,-0.001895693410211785,0.009560579025637228,-0.00802096899240623,-0.006996090046349712
2024-03-25,-0.0027628935483237083,-0.005001062815131907,0.0031944066391380588,0.008366354647219243
2024-03-26,-0.0018469115905791478,0.0027804795957013795,0.003233961285236564,-0.00786026802831985
2024-03-27,0.008403864414802786,0.009917960479487453,0.007240660177973313,-0.0008802620566651376
2024-03-28,-0.00019121868906291084,-0.0008446848515274441,0.012900024807739996,0.011894190586273279
2024-04-01,-0.0017398117178240025,-0.018640983924398613,0.010208079384865787,0.004788929342881332
2024-04-02,-0.006358076191276485,-0.0055107099720872466,0.014772360490971526,0.009098763747981131
2024-04-03,0.001098474941059191,-0.00021724784067977954,0.008772374739768773,0.012022326681311535
2024-04-04,-0.012206030849658323,0.007172209132263907,-0.005734705223284009,0.002545640189165699
2024-04-05,0.010446918313947506,-0.013918968066422122,0.017114197447370305,0.005078264831409829
2024-04-08,0.0005593141401287749,-0.00010916484261913606,0.00622848536623688,-0.00042104324284619743
2024-04-09,0.001156731883506401,0.009301897099141865,0.005497054993034878,-0.005475955215021533
2024-04-10,-0.010013165291547943,-0.021793339484424856,-0.009463856185613961,0.005082566526767973
2024-04-11,0.007546985320680211,-0.0045447829383882254,0.019433247203493043,-0.0016856799037304748
2024-04-12,-0.013803027692212422,0.005344921414661474,-0.013239324939518515,0.0012663289146679357
2024-04-15,-0.012528227284796523,-0.015505847921127414,0.01871915519396472,0.0012648149085308091
2024-04-16,-0.0018237876332101166,-0.006637112704484749,0.0012220152803359419,-0.0016842604154643226
2024-04-17,-0.005918300011035549,0.011098325971567569,-0.007368252752093185,-0.015605233037907285
2024-04-18,-0.002057580702845785,-0.005040467165249418,0.0034154561341945833,-0.00042843948370152596
2024-04-19,-0.008728459620780615,0.00360243323700149,0.003131535140574959,0.004715032387083706
2024-04-22,0.00920919755139571,-0.0016820359303622023,-0.02470249054532203,0.0
2024-04-23,0.011866574121826012,0.0003369549568015273,-0.002458663172418052,0.0042662049514947675
2024-04-24,-0.0004746523967652516,-0.007076334114762384,-0.0018600907225296837,-0.00127448628612703
2024-04-25,-0.003798774346478684,-0.00701371674103457,0.005963468053189924,0.0055295271324999895
2024-04-26,0.009473890871045443,0.005240349854497506,0.003241927353549112,0.0008460927356643833
2024-04-29,0.0035414269005387133,0.008386248268921204,-0.002031218037689575,-0.0008453774679298975
2024-04-30,-0.015841287638964863,-0.008541222931648274,-0.019937078844561418,-0.012690336823271808
2024-05-01,-0.0032471503538188395,0.00737103426030461,0.00906215232545482,-0.014567209386339375
2024-05-02,0.009353512889979765,0.004290655302681579,-0.0030870874411647042,0.003478273589455405
2024-05-03,0.012395207659662288,0.010119157081360353,-0.0007976266365629092,0.001299887665806354
2024-05-06,0.010326857473233364,0.0038956645771739407,0.010518361024399514,0.011250468874379749
2024-05-07,0.0011035447636682516,0.006098738078218702,-0.004600326433150892,-0.0008557789427904305
2024-05-08,9.648175522136704e-05,-0.006061768937180023,-0.002941061869504713,-0.00513924945007127
2024-05-09,0.005761986595541169,0.004878990462575006,0.015778607960932778,0.003874303629325615
2024-05-10,0.0012881083719753494,-0.005627363339419378,0.008112513438038427,-0.0017151386208535957
2024-05-13,0.00013436763719654188,0.0025519869837520304,-0.011202103844459854,0.006443243902911178
2024-05-14,0.004588041334668391,0.005644991120065557,0.008462045119477013,-0.004268114379296084
2024-05-15,0.012382947312628012,0.013646998940185062,0.012838750510223873,0.003429074000469212
2024-05-16,-0.002057521388343031,-0.0009770956608082804,-0.0038933433506626036,0.0025629501907620256
2024-05-17,0.0014376621237919274,-0.006738400213312956,0.0164977725898805,0.010225858539237409
2024-05-20,0.0011521723456615618,-0.002954151913222014,0.004023937591649318,0.008857088074849528
2024-05-21,0.0024525846446206145,0.005157899484821371,-0.001469548604570936,-0.004180682368420063
2024-05-22,-0.0028795139861687025,0.0012010107140032478,-0.01837396956557802,-0.014273750968321841
2024-05-23,-0.007304280340695302,-0.006433998799877827,-0.019944570339717638,-0.005110619075699652
2024-05-24,0.006616514364125026,0.002963415545760073,0.0009271136061119734,0.006849340034677853
2024-05-28,0.0006988699333558834,-0.014335899327305168,0.010513172896031486,0.017857185429963618
2024-05-29,-0.007002511477218976,-0.012101380202557688,-0.009303812074716977,-0.010442886875824509
2024-05-30,-0.006633637579337992,0.009664840161513588,0.0018967600627461945,-0.013085661781562119
2024-05-31,0.009107912708685051,0.006790123630751932,-0.00586417430627717,-0.004704859891269342
2024-06-03,0.000815478230855593,0.016174371345270666,0.008917780500373507,-0.014181389954532664
2024-06-04,0.0011178898116688263,0.01168105511469908,-0.008977059834655465,-0.010026112960371703
2024-06-05,0.01188529850617015,0.007338165239049843,0.011845603201319,0.0035226900801812455
2024-06-06,-1.899194507060109e-05,-0.001499883096154453,0.007391356612921562,0.013163647762864272
2024-06-07,-0.001215742042282475,-0.018345695780393467,-0.03568330143379639,-0.014291852291442697
2024-06-10,0.003090006338474449,-0.006666478535021891,0.009168181127878317,0.0144990708706898
2024-06-11,0.002408221654687015,0.010342128351364277,0.0028566106093961263,-0.0012992347691593853
2024-06-12,0.008212992649689665,0.007513914452859316,0.0026617200115086614,0.0034691332696545896
2024-06-13,0.002013509852188289,0.014699302247908275,-0.008150148984962247,0.0008642849975741829
2024-06-14,0.0006082701163039328,0.00841525130585108,0.012959545903254766,-0.0038859239433174375
2024-06-17,0.00795906003639546,-0.00992936357206553,-0.005191652247571676,0.0034676295610198693
2024-06-18,0.0025406055795478277,0.009175215029660677,0.004007271832187298,0.008207340234878124
2024-06-20,-0.0027163301738238887,-0.006660416903596644,0.012484347826456466,0.002142286398670201
2024-06-21,-0.001340722202359701,0.0,-0.015493238109986152,-0.008123126088120824
2024-06-24,-0.0032506247891551654,0.004044349726282981,0.003957566385821121,0.008189651661182351
2024-06-25,0.003850753763464221,0.001695884008737325,-0.004962237629221655,-0.009405696905208538
2024-06-26,0.0012481564062454265,-0.014285585867267692,-0.009228168111804491,0.0017263317762286068
2024-06-27,0.0015765761896335828,0.00397215948881291,0.011336925587312363,0.005170159550975217
2024-06-28,-0.0039351790968482625,-0.018605682702411586,9.297647872519299e-05,-0.004286320246010944
2024-07-01,0.002058023732368186,-0.01725894269880368,0.002604589701363791,0.01291440503208885
2024-07-02,0.006729776870987747,0.0077854392982381615,-4.643394389247657e-05,0.0012749396555040704
2024-07-03,0.004462520213184051,0.013133278216547861,0.011273000380832565,0.00551779191711721
2024-07-05,0.005766597648471761,0.008278983543317908,0.013486798057397165,0.0037991620751103294
2024-07-08,0.0011537588069578941,0.002160881309137608,-0.012402074526820739,-0.01345673476894893
2024-07-09,0.0009726223243602394,-0.0044201827293272045,0.0016957473442755777,-0.006820232781840185
2024-07-10,0.0098950557095705,0.003140294067340843,0.0036603361122538036,0.0
2024-07-11,-0.008622455249252425,0.009715206559004264,0.017733403441032136,0.0034335784577848028
2024-07-12,0.006307514045889917,0.004276304290735,-0.0006270969301161999,-0.003849446970661252
2024-07-15,0.0027501763419899294,-0.011496857523825121,0.0032271131671974818,-0.007299285694222224
2024-07-16,0.005930003592828914,0.014106979742992909,0.019925798233449088,-0.0025950978969017102
2024-07-17,-0.014021128145545458,0.00021260744332596282,-0.004643206403117217,0.0
2024-07-18,-0.007684755082017047,-0.007644051870886015,-0.006381186355259194,-0.007372088319161696
2024-07-19,-0.00664064103061246,-0.005884389620827268,-0.017937829186174925,-0.013543001807058253
2024-07-22,0.010309968244979206,-0.002905472748143567,0.00031573231212611574,0.0026571593890023504
2024-07-23,-0.0015687322354536182,-0.00140353391923409,0.003516676143213937,-0.009275595077073984
2024-07-24,-0.02266242415640396,-0.010808354780675322,-0.0035043524704835294,-0.0004459141174595338
2024-07-25,-0.0052103090560375875,0.00819502202980149,-0.01564473026582147,0.002230194702037114
2024-07-26,0.01119966931668226,0.00780311323100924,0.010534525866662925,-0.010235826900685141
2024-07-29,0.0005879167331797053,0.0053769524327651474,-0.0014050562105476505,-0.004496489288854932
2024-07-30,-0.005066555093496405,0.00385073300149652,0.009985461488319247,-0.0031617217979359458
2024-07-31,0.01625438469990037,0.010228963293350768,0.018110725786084414,0.023108437319826924
2024-08-01,-0.014160759638692899,0.008624723919696597,-0.003442943141866439,-0.011957585150737415
2024-08-02,-0.018618371424376612,0.031161594043750407,-0.0019046282784819235,-0.01837746581244004
2024-08-05,-0.029123751439333545,0.00529127026281806,-0.012691935106198704,-0.0018263486568718124
2024-08-06,0.009219426665866504,-0.022368774163231464,-0.008000713832612472,-0.008234223920690287
2024-08-07,-0.00668386608718885,-0.007039960328796169,-0.0006796279952806517,0.009225077934962744
2024-08-08,0.02311748159032767,-0.006151787837202383,0.015688013635013043,0.009140753769058874
2024-08-09,0.004409574349089951,0.009861724755547696,0.0024552612171107047,0.005887643970794221
2024-08-12,0.0005252878444923503,0.003636087741125449,0.017144665770273848,0.013957740126962381
2024-08-13,0.016445730436944528,0.006935140264033635,-0.001532358906807807,-0.009325112955800186
2024-08-14,0.0031546646745219675,0.006270449311477133,-0.008155751250824572,-0.006275166385788622
2024-08-15,0.017140279968171024,-0.008070364915949257,0.0031388449312386157,0.00811908617564261
2024-08-16,0.002241993650433649,0.003501707006865029,0.02238773852658915,-0.006264028251871334
2024-08-19,0.00956154390055941,0.004618147206304268,-0.0016380226467286318,-0.005402944899986051
2024-08-20,-0.0016262836738469844,0.007968099262219086,0.0036699887797402297,-0.0040742449729104235
2024-08-21,0.003436683597532575,0.0006081505726955871,-0.0013336178629832496,-0.004999983008025066
2024-08-22,-0.00784851342649362,-0.009926101419944211,-0.011975011209935604,-0.0009135439604488482
2024-08-23,0.010625385922989672,0.00654736594826022,0.011553425520716143,0.017832532701475667
2024-08-26,-0.0023838078459922363,-0.0025413557385057794,0.0031893380775307456,0.010332391062160218
2024-08-27,0.0013730706791585945,-0.0017318743469816322,0.002706671669018279,-0.004891046188555848
2024-08-28,-0.005805407691981568,-0.0012249064133459386,-0.007026862307456638,-0.012064352866174688
2024-08-29,8.964094270047518e-05,-0.003270252267331686,0.005177980359189593,0.011307224867610044
2024-08-30,0.009546184446844075,-0.010663576748364822,-0.0071260085162319076,-0.011180801036094978
2024-09-03,-0.02057924624233476,0.016355438438540926,-0.0043235765879541255,-0.019900430219152332
2024-09-04,-0.002046831078605038,0.012890188339150344,0.000607926500195255,-0.007383506265562834
2024-09-05,-0.002432294263151391,0.005655840522660549,0.008332306942507639,0.0023244483888458234
2024-09-06,-0.01682998043326922,-0.00010021403811300011,-0.007402630408956501,-0.013450728232330733
2024-09-09,0.011196137881657853,0.00431892172942594,0.004205876079289794,0.0028208113977574722
2024-09-10,0.004355801507269996,0.007000509794382825,0.004404097525005923,-0.014533488909729386
2024-09-11,0.010258849578428375,-0.0007942836722674151,-0.001590555949419148,0.00903890743493263
2024-09-12,0.008423461683707334,-0.004671719617679093,0.017567284525531468,0.019330564401172534
2024-09-13,0.005222670911050553,0.0026960336432793053,0.009943683944142245,0.0018501935878270093
2024-09-16,0.0014769268670506985,0.009162804521611001,-8.374817448153493e-05,0.007386819128736732
2024-09-17,0.0004085115150294083,-0.004835800525098355,-0.0055309113549146804,0.00687436920386153
2024-09-18,-0.0029658253212330177,-0.012395916705281063,-0.007710465405288858,-0.006372278871213055
2024-09-19,0.017064380731744544,-0.00331350809672204,0.01554075728197235,0.017865400914570673
2024-09-20,-0.0017286028901163375,-0.0038284176771463674,0.012710660066880486,0.0
2024-09-23,0.0024989046670664816,-0.0021238975026978135,0.0019404068737312041,0.0004500349513125723
2024-09-24,0.002861268497158287,-0.00020259392824306666,0.01396907347432852,0.016644083175012314
2024-09-25,-0.002205574021654777,-0.008312086914871397,-0.001381767735031958,-0.008406984580793031
2024-09-26,0.003964581671726419,0.0023508559739726653,0.005086884066794806,-0.008924665933192522
2024-09-27,-0.0014500727322002138,0.005200999802855932,-0.007935830791900744,0.004952707283928159
2024-09-30,0.0040071973467303845,-0.004768321512802598,-0.007999374253898295,-0.0022400935526338817
2024-10-01,-0.008958495996637117,0.007220118521746199,0.010491249392624136,0.017512331156504413
2024-10-02,0.0004220737216988901,-0.008427154063812559,0.00020358719772617384,0.008384907276882014
2024-10-03,-0.0018281779867485026,-0.009420649001656844,-0.0006920058878576718,0.014441962891958982
2024-10-04,0.009087314968778681,-0.012301051091319848,-0.001996030315693287,0.0025884701577818525
2024-10-07,-0.00904048416232972,-0.007535076729272783,-0.0033877625757333663,0.01376932363804051
2024-10-08,0.00945766211928345,0.001687339855706238,-0.007371925565205384,-0.023344660221133018
2024-10-09,0.0069263742769880565,-0.005685146407858999,-0.005446185963701722,-0.008691950096944234
2024-10-10,-0.0017499289570287457,-0.003917337971728663,0.007342892553628744,0.019728297402437756
2024-10-11,0.005988125594301508,-0.004039081934414046,0.010913408354139564,0.0008599153209749577
2024-10-14,0.008178455361924408,0.0007471194654835589,-0.001629502157067031,-0.0154639281021548
2024-10-15,-0.00776970892320461,0.012157392417245783,0.003468359323146597,-0.019197321693364966
2024-10-16,0.004346306574101622,0.004214488132881833,0.005001609209081437,-0.0026690721050416366
2024-10-17,8.60044084747269e-05,-0.015842946845953443,0.00598831083503093,0.0013381538738008736
2024-10-18,0.003846440996529976,0.0007462343753028566,0.010618185005034864,-0.0053451849209559255
2024-10-21,-0.001642173469649788,-0.01747093925701082,-0.00019900127714245208,0.0031348192707774114
2024-10-22,-0.0005310729434451211,0.0009757893519237726,0.01078732362833379,0.017410696115397917
2024-10-23,-0.009137578372479305,-0.002708053520770859,-0.012050555849465017,-0.00570431115319181
2024-10-24,0.0021628025973028375,0.00640811882613046,0.007693259346016168,-0.00044129643820156605
2024-10-25,-0.0003452972949489208,-0.005611900853222496,0.0020569789010425055,0.007063951958414805
2024-10-28,0.003091322288178766,-0.002713163940572638,3.945407605776552e-05,-0.02674251786286752
2024-10-29,0.0016184868692048493,0.001523581220892467,0.010894858433216914,-0.001801855065966862
2024-10-30,-0.00302542299657671,0.00293391033630086,0.005505891218995584,0.01263537838470552
2024-10-31,-0.01960308836489222,0.0016251120879393621,-0.015495166963743978,0.0066844354347082025
2024-11-01,0.004220588805548209,-0.014098572002542498,-0.0041023758773532926,-0.010624117487687879
2024-11-04,-0.0021538926051214435,0.015521940235697862,0.0014259144001700363,0.017002229652849588
2024-11-05,0.012091813566522003,0.005311481426767406,0.002254447895034817,0.006159306311461554
2024-11-06,0.024865377121195964,-0.027388178032926924,-0.030386729020158154,-0.010931379346323933
2024-11-07,0.0077321681824567,0.012527709321477731,0.016076503855530166,0.0101680415116987
2024-11-08,0.00433181667633864,0.012701218670842174,-0.006769426092267161,-0.015317307733382246
2024-11-11,0.0009527816016310364,-0.004865326346076726,-0.02347155656813127,-0.016000104116746572
2024-11-12,-0.0031063363644213693,-0.014993676894003327,-0.008631355179477884,-0.005419933705712254
2024-11-13,0.0004858730531422939,-0.009485970556664558,-0.010081225320474285,-0.0031789515043431082
2024-11-14,-0.006430102156933848,0.005790686471622175,-0.0026091417886487944,-0.0009112360006626741
2024-11-15,-0.012808639480448747,-0.0026572936738252784,-0.0017720694429753658,-0.005015942944430307
2024-11-18,0.0040973033512390344,0.001776034800912818,0.019020246289590537,0.022914722643863294
2024-11-19,0.0036555804977529416,0.005097861295113804,0.008959325127211537,0.0031362240201486813
2024-11-20,0.00033861666072065866,-0.003197360079689515,0.005632045702723465,-0.0004466180163760214
2024-11-21,0.005368353297815709,-0.0007743562780195834,0.008339500390982302,0.007149359561478441
2024-11-22,0.0030994993753996614,0.0005535795180706682,0.012892210445830665,0.0008871994414947348
2024-11-25,0.003392000468597889,0.025887859826705828,-0.029458856541118794,-0.014184357337214903
2024-11-26,0.00522148547086676,-0.0038824368497242245,0.0019383092584315254,0.0
2024-11-27,-0.0030300883971953185,0.006928911872392751,0.002222714763140843,-0.005395656413011429
2024-11-29,0.006212154403273384,0.01032140381767399,0.008624546377060671,0.0009040450405772837
2024-12-02,0.0017923273750353186,0.0024026263172904905,-0.008754403389975018,-0.007226672077220053
2024-12-03,0.00046384228165408103,-0.008629109651463351,0.002012776164397767,0.011374006175211004
2024-12-04,0.006209510619023417,0.010745990245610626,0.003033679807253664,-0.005398176977843061
2024-12-05,-0.0016455346383350555,0.0020198880203046166,-0.007397709454119217,-0.0013568218976118818
2024-12-06,0.0018956944029322464,0.0014854626495688361,0.0003705687954560499,-0.007699291847998446
2024-12-09,-0.005149775023360559,-0.009216929231259496,0.009919751769426055,0.009584735400335553
2024-12-10,-0.0031090940537520373,-0.004705075950169557,0.01316431251835759,0.0022603473207913893
2024-12-11,0.007730637008498853,-0.00945445950813495,0.009533812345188464,0.012629679198110866
2024-12-12,-0.00515253763170509,-0.012147035092090586,-0.014663722649505995,-0.004008819309974321
2024-12-13,-0.0001985150947229064,-0.010210967698479512,-0.012091578404740733,-0.0004473100606404712
2024-12-16,0.004269849806811443,0.002994817927747251,0.002415209844427002,-0.005369100700489238
2024-12-17,-0.004120094133105434,0.002433239795590403,-0.0038386247250202787,-0.006747674510724222
2024-12-18,-0.029803361147563545,-0.012504106280127325,-0.01918507783771317,-0.009057957212528445
2024-12-19,-0.00030704650479618234,-0.015141604774266959,0.0014210967336203417,0.0
2024-12-20,0.012011012432826318,0.005694401571488594,0.010434056495473909,0.006398584588895417
2024-12-23,0.00598810318553733,-0.009172593349911717,-0.004708795377563968,0.0007653590297793667
2024-12-24,0.011115098833935466,0.0042287640440157315,0.001992014086009908,0.005736132621844137
2024-12-26,6.659179477574995e-05,-0.000569088652383476,0.006751179863859091,-0.0028518022370633833
2024-12-27,-0.010526584203640499,-0.00819868238200816,-0.0068705038771271765,0.00476647182413914
2024-12-30,-0.011411482033024556,0.008036921707346156,-0.0031896811646235923,0.009013353365501464
2024-12-31,-0.0036380299989984266,-0.005353211683776005,0.006233636577161361,0.005171521400364254
2025-01-02,-0.002457123996579935,0.0027481969160827457,0.013587714119632333,0.00982230205524548
2025-01-03,0.012503404560544995,-0.0031974581666124324,-0.007864039973028869,-0.005094962321076091
2025-01-06,0.005760615382937484,-0.004467878250435264,-0.0012320959587239777,0.001862226449636628
2025-01-07,-0.011304045433904064,-0.011277245663893876,0.005633435188264313,0.004646866713475584
2025-01-08,0.0014610115160782478,0.0012802568467500386,0.005315681488123669,-0.0018501675263818962
2025-01-10,-0.015267322687043783,-0.0066254889704235875,0.009558310004399662,0.026876745255804968
2025-01-13,0.0015504776290289346,-0.00035119760401347566,-0.009951255605703757,0.007220151084557314
2025-01-14,0.001375736572713837,-0.001638632617182667,0.005249423200524461,-0.00044801359586998935
2025-01-15,0.018190137415575514,0.01723527890149379,0.007488993695735191,0.016136337065006945
2025-01-16,-0.00192320642202648,0.003227309615335905,0.006910965874952435,-0.004411141101204219
2025-01-17,0.010039901270404217,0.001723357438506934,-0.005307269747253374,-0.004430685480031671
2025-01-21,0.009153480443916395,0.00894581535840877,0.01548521901629396,-0.004895338912263125
2025-01-22,0.005621641275482148,-0.0052292352767451256,0.005135652699768123,-0.0008945123496930663
2025-01-23,0.005457955612408583,-0.007770246107227208,-0.0014148699521492336,-0.003580988118677353
2025-01-24,-0.002919264959769352,0.004491547309243282,0.006218705580030903,0.00044922113893686166
2025-01-27,-0.014145458332822769,0.01180901075096874,-0.0104048052682425,-0.015267191791584867
2025-01-28,0.008592523358097237,-0.0006794447577439522,0.008656417783572623,0.0009120518595653326
2025-01-29,-0.004483172084551734,-0.002041489770617133,-0.0038404097330004827,0.0018222619185341848
2025-01-30,0.005367392840917917,0.003749563222922081,0.01514551884715587,0.0009094736600505637
2025-01-31,-0.005322013140813708,-0.00656539678572543,0.0019763991077348386,-0.0018173841134346835
2025-02-03,-0.00672955270931086,0.008142328455480019,0.005337271410283728,0.0077378331285364865
2025-02-04,0.0067083690889735426,0.0030623663069520024,0.00984841707528572,0.0027101139772387484
2025-02-05,0.004054319483800306,0.016510318254747247,0.006209542410714253,-0.006306359911262827
2025-02-06,0.0034756295468787446,-0.000445242501920462,-0.0026502562908058414,0.0004532938834191924
2025-02-07,-0.009153513951071335,-0.006455066178934765,0.0017841598670260694,0.0004530885011730934
2025-02-10,0.006791431654624924,-0.0030243807982121007,0.016938239196991,0.014492801503801056
2025-02-11,0.0007605410371931409,-0.006404611938581439,-0.0036516022155236305,0.007589293926426155
2025-02-12,-0.003221689530170546,-0.013570033305890794,0.0010471549570203464,-0.011076713700079233
2025-02-13,0.010557604278849553,0.016622506434032847,0.009862831092105617,0.0049284145468389
2025-02-14,-4.927878362037674e-05,0.005300261062868961,-0.014871773334245608,0.00044581642770258334
2025-02-18,0.002935999487638341,-0.011777973674406472,0.01656090548123368,0.014705825503393388
2025-02-19,0.00235491859815129,0.0012484118469620054,0.000554096378723612,0.007905218422570304
2025-02-20,-0.004160345694787626,0.003741029703139276,0.0005168326664386491,0.0013071454103914526
2025-02-21,-0.01710420781148192,0.012084952688768524,-0.0009225433005247696,-0.013925197555321844
2025-02-24,-0.004550303389776356,0.0029015672006726945,0.005429568123388684,-0.003530418263687052
2025-02-25,-0.004973390324342075,0.017247016347590183,-0.013188334192659745,-0.011071721009813906
2025-02-26,0.0005050065539069504,0.005906866712409364,0.0015263333689308212,-0.008508798835403897
2025-02-27,-0.01596211835726624,-0.007068368742818687,-0.015239958822878874,0.0013550569886193742
2025-02-28,0.015605704427724687,0.012266104662919552,-0.006265820058134697,-0.00766802818994361
2025-03-03,-0.01751997766630431,0.004666825347406256,0.013180390342641513,-0.00636360116916046
2025-03-04,-0.011836867992038314,-0.012315109204544816,0.008697635934455272,0.003202177968041564
2025-03-05,0.0107480548456107,-0.007984316390706736,0.0020813110966888537,-0.0027359757754711334
2025-03-06,-0.017751472359755605,-0.0033075698092073225,-0.005081207410422395,-0.005029731796317605
2025-03-07,0.0056051032465676,-0.003207894834696301,0.0005219558189655249,0.00873168576658756
2025-03-10,-0.026635724365886904,0.010431707406955093,-0.008755937163287819,-0.00637818617394692
2025-03-11,-0.00831278043479966,-0.007139016731902426,0.011727541035094546,0.0055020585487512985
2025-03-12,0.005306376283698455,-0.005973274733272582,0.004346793335703092,0.0
2025-03-13,-0.013330437810785023,0.008791348278216926,0.017756144523255468,-0.003647937733423867
2025-03-14,0.020655906135268243,-0.005295084088970281,0.00039975774946587883,0.005491895743038544
2025-03-17,0.00771133679017999,0.004990561149032402,0.0054135329342379634,0.006827621229447356
2025-03-18,-0.010808487898628982,0.0009932638666865223,0.011671955843306048,-0.002260499732478105
2025-03-19,0.010890956650734918,0.00518103816664528,0.004107707999658539,0.006343417679080865
2025-03-20,-0.0028918080871890295,0.0006584074325053368,-0.0012805854303336028,0.0018010187220196539
2025-03-21,0.0003300017356377971,-0.005918727575513483,-0.008049901213267985,-0.005842588506749347
2025-03-24,0.017908376041436913,-0.010253385448689811,-0.004452548665506595,0.003616603487294645
2025-03-25,0.0024039293468809397,-0.00011142782303663612,0.004400365088198743,0.0013513057471346013
2025-03-26,-0.011938334576674592,-0.00657297445091598,-0.0008259812019960622,-0.0013494821841035787
2025-03-27,-0.002655735881150312,-0.0029158851140532738,0.013405732882559862,0.002702700302480876
2025-03-28,-0.020138321487112032,0.013834247082194828,0.007412123023167849,-0.0031446365413939636
2025-03-31,0.006712689237152292,0.00987347287790974,0.014363222998346137,0.013970229445228188
2025-04-01,0.002824443055722714,0.00866544788779211,-0.0019782303576065807,0.0004444294509868829
2025-04-02,0.006328519658429066,-0.0006556925469287656,0.0020516615880092903,0.0062194234670645
2025-04-03,-0.04928091072982521,0.004593748507851991,-0.006038278082531101,-0.04017655271151499
2025-04-04,-0.058542941635117196,0.010887292426275286,-0.02339226273628292,-0.03633849948761669
2025-04-07,-0.001781188561489011,-0.030156012951185973,-0.02148580630415131,-0.015751822453165087
2025-04-08,-0.01566275527790828,-0.018878582701988833,0.005443793790763651,-0.022308450372542143
2025-04-09,0.10501932220291499,0.00588561414454003,0.03699125081478161,0.036210269290578356
2025-04-10,-0.043818954699414436,-0.02756836976375654,0.0244235794430141,-0.012446199023855242
2025-04-11,0.017842893761116585,0.00543860583244915,0.019086664805096243,0.0145420134466272
2025-04-14,0.009701389940211191,0.007135434214698533,-0.005705977012200658,0.0004777669744333579
2025-04-15,-0.0028009069165995104,0.0035423009069888156,0.005232379352138938,-0.0023877882627511005
2025-04-16,-0.022228078391931083,0.005579634745128903,0.0325408102664011,0.01244610464652629
2025-04-17,0.0014267172797870487,-0.008832421503779053,-0.004390692094044635,0.01040200730057994
2025-04-21,-0.023802651133915886,-0.01747981034026369,0.03093558529908469,-0.00842310754546216
2025-04-22,0.026017821531153285,0.005581630051507469,-0.014195668551963636,0.004719234308373732
2025-04-23,0.015495480308824972,0.009713000127097526,-0.023978630729734163,-0.007515289871365405
2025-04-24,0.021048912949868326,0.010535975937773001,0.014556277018207942,0.008991931604926062
2025-04-25,0.007225424527655733,0.007366328102780262,-0.010841679678267213,0.0014071745651047518
2025-04-28,0.0003812727202627819,0.00629983509142229,0.01424210344049559,-0.00562060414153176
2025-04-29,0.006299164115236566,0.008384669419718715,-0.009738925467677184,-0.012717887702692554
2025-04-30,0.0003970534524835312,-0.008093051024265385,-0.007482221012837353,-0.018606902091659827
2025-05-01,0.007086979683865069,-0.0050706565329863285,-0.02077228754256477,0.004861476854982394
2025-05-02,0.014844024038501491,-0.01082426128663494,0.0017481999132260562,0.004354180590426804
2025-05-05,-0.005734434003937805,-0.00558537902052425,0.029867754776654154,-0.005780341880260664
2025-05-06,-0.008358217676558977,0.00332427708300731,0.02802400275899264,0.015019446533423908
2025-05-07,0.00420552756227166,0.004227177084110245,-0.014993060801348546,-0.012410552446834422
2025-05-08,0.006967762571935099,-0.011149060269927569,-0.0196942722998793,0.013049723459981566
2025-05-09,-0.0012740022807390394,0.0014957659414720492,0.007254674259445482,0.007633612917365529
2025-05-12,0.03304731611541567,-0.009305101475685085,-0.028190568373488878,0.006628844542668988
2025-05-13,0.006603860821533747,-0.004058511848307411,0.004258992599597278,0.015522046961654823
2025-05-14,0.0012781881137682305,-0.006636303323479975,-0.021037827999516923,-0.005094962321076091
2025-05-15,0.004884179285025159,0.008790398184825854,0.015963953531585195,-0.009776482344277748
2025-05-16,0.006334043929497213,0.0026722145586428603,-0.012087047232674286,-0.003761224443639466
2025-05-19,0.001093923806363195,-0.0028969216793078845,0.012880671121226372,-0.0014157144678091926
2025-05-20,-0.0033622573759429786,-0.00720503168997777,0.0186222454642182,0.01275986670286744
2025-05-21,-0.016850775346555102,-0.0170899700910353,0.007378683875855163,-0.0013998595356506938
2025-05-22,0.00039449570705851755,0.005240018648069,-0.008861493387459118,-0.00514019785072406
2025-05-23,-0.006825534261895583,0.0016584655005493776,0.021906288045034472,0.005636444252486328
2025-05-27,0.020790575620218688,0.013956212670148904,-0.016949152542372836,-0.008874427023372489
2025-05-28,-0.005785451740996206,-0.00431583699308824,-0.0022660178699712707,-0.0032987567018044617
2025-05-29,0.003947336966600545,0.009254758068212299,0.0059247154716217665,-0.005200863824581736
2025-05-30,-0.0011184011499958402,0.001508947109565728,-0.006576942326457891,-0.0076046810261914954
2025-06-02,0.005632921295571913,-0.00930656588254053,0.026581051258171673,0.02107284396524789
2025-06-03,0.005702557269405606,-0.001761142459794307,-0.008855551213511115,0.006566568040223819
2025-06-04,-0.00026851243178294126,0.016233374190637972,0.006441974072654677,-0.00372783231929652
2025-06-05,-0.004832756264298466,0.0006944269296409455,-0.00504987891618125,0.00467729547529161
2025-06-06,0.010269030973764526,-0.012724285947921077,-0.013416073696802311,0.00791434767966992
2025-06-09,0.0009012287764704752,0.0010547113924810336,0.004718534884218695,0.0009237564029596079
2025-06-10,0.005669821601985259,0.005149653723992564,0.000293510988597534,-0.00230725966151335
2025-06-11,-0.0028521799815779403,0.003027523884070904,0.005412290790508978,0.016188623890825093
2025-06-12,0.0039742757913145965,0.011957187807779324,0.0124202002480438,0.0
2025-06-13,-0.011180060931265445,-0.00963609770629803,0.013100564311248064,0.030951332514145724
2025-06-16,0.009514344503849026,-0.010077684233059214,-0.01425909653729851,-0.002207431156828865
2025-06-17,-0.008545274096177669,0.012169326758316723,0.0005131941200071655,0.021238831671029468
2025-06-18,-0.00015060952316237053,0.0017342330932796912,-0.005385627565021256,0.002599651306915751
2025-06-20,-0.002348474253184407,-0.0018467144148218706,-0.00041901914110908933,0.005185906487371605
2025-06-23,0.00987738189722287,0.0032373794963227454,0.0030631724583116693,-0.03697336892167824
2025-06-24,0.011047392828865465,0.007260854312689524,-0.015719378751237634,-0.024107122346438192
2025-06-25,0.0005603843646864171,0.0012584037855711827,0.003037305817845004,-0.001372413523156979
2025-06-26,0.007823707286618964,0.005027842083596967,-0.0011070472235482631,0.0036646484924112155
2025-06-27,0.004968423150459644,-0.0063671842957284674,-0.018123728993798327,-0.005020549573540367
2025-06-30,0.00478117884896645,0.009841127808335681,0.01198454729743359,0.00045879060156650553
2025-07-01,-0.00032381401369563356,0.002479398696893842,0.008923010663382636,0.0055020585487512985
2025-07-02,0.004533365945032841,-0.006353560166489802,0.005527596405484614,0.016415854652826578
2025-07-03,0.007881400243543668,-0.006965277439263118,-0.006822911403597365,-0.00044861655481764906
2025-07-07,-0.007451971921066947,-0.009543321473014066,0.000748780548875283,-0.0008976358039172183
2025-07-08,-0.000547635869473373,-0.0012770123771824737,-0.010443411868664265,0.0031446365413940747
2025-07-09,0.005996456521760729,0.010461676716769563,0.004471282664348264,-0.0017913400113259703
2025-07-10,0.002820357441072119,0.0006899529167250229,0.0022257895319868215,-0.003140492782996107
2025-07-11,-0.003515507092989867,-0.013794627475278598,0.009601575193336043,0.013051398610674836
2025-07-14,0.0019082832595347377,-0.002098207428548382,-0.0036553174266280575,-0.008440758743387455
2025-07-15,-0.004273310957695342,-0.007008448793160982,-0.004155705135267751,-0.0017920543834800684
2025-07-16,0.0033433729083833796,0.0014117340855519522,0.004988096125243757,0.0013464537058758275
2025-07-17,0.006119538410830128,-0.0002349730574301434,-0.0021735334020257513,0.00806812434732973
2025-07-18,-0.0007322363413652111,0.0015272115141187204,0.002600924347578637,0.0017785960443617022
2025-07-21,0.001896143305678999,0.00891613541320524,0.015370115792427752,-0.0022192759442686283
2025-07-22,0.00014309727876682388,0.006046468536852201,0.009484882235462067,-0.0017792995060619266
2025-07-23,0.008507378219608341,-0.005547825204570311,-0.01240118112003663,-0.0026738823006808854
2025-07-24,0.0003310296833012316,-0.0017432855100979472,-0.006118276977772341,0.0008937130699171458
2025-07-25,0.004224435835635587,0.006287199372160046,-0.0092499926477293,-0.010267863076030337
2025-07-28,-0.0002510690047468067,-0.006479356272689252,-0.00647361832754334,0.01037438584943029
2025-07-29,-0.0026376616892719307,0.016885745295533328,0.002750389076383808,0.012946432225634519
2025-07-30,-0.0012593696215839056,-0.005153378616526427,-0.017273497289540862,-0.0022036265257513454
2025-07-31,-0.003751164153554032,0.0005756665561609253,0.0066454015709211944,-0.008392204570164097
2025-08-01,-0.01639041762130744,0.01421661061617674,0.020299689958884537,-0.016035620896206026
2025-08-04,0.015199764160073403,0.002732840221279398,0.005823229257701401,-0.0036216045337797986
2025-08-05,-0.005070024116712868,0.0030662821921885186,0.0008040912066364925,-0.008632417782828972
2025-08-06,0.007659759469106797,-0.005773969731588169,-0.00212110700071233,-0.0022914888370674236
2025-08-07,-0.0008377339559806352,-0.0017081961403158097,0.008437987494967825,0.0032154163205675435
2025-08-08,0.007797750804225512,-0.0043342563753345775,-0.00022357985855403495,0.0
2025-08-11,-0.0019775980053369224,0.0011456506838944946,-0.014374701087597641,0.001373670393670201
2025-08-12,0.010646078845516938,-0.005034966239871763,-0.0009074665058316222,-0.0041151777390060484
2025-08-13,0.003423132386020322,0.008280460888607122,0.0030492830145867345,-0.0013774544818595524
2025-08-14,9.301357079483097e-05,-0.0074140879822161,-0.006338706734070332,0.0041378821483593065
2025-08-15,-0.0023411979263346927,-0.0071246872267001216,0.0005858183101099534,-0.003205110555777324
2025-08-18,-0.0002176166478941033,-0.0028935371336183957,-0.0015612675411803556,0.0009187550646996279
2025-08-19,-0.005425196437217061,0.005803867974740307,-0.005473279447945512,-0.0078017520577916555
2025-08-20,-0.002657080804944645,0.0021926842801767155,0.010122175284489776,0.011100822776949348
2025-08-21,-0.004011809805612443,-0.004951475338773381,-0.0034698951143765644,0.005946914824861871
2025-08-22,0.015356833041096918,0.0074064262746553755,0.01070642694476942,0.0040927211265424646
2025-08-25,-0.004401115665894628,-0.0028720231454795186,-0.0024148368614391735,0.004981984227124592
2025-08-26,0.004186969160700382,-0.0005759668113196614,0.007262047243691283,-0.00766111649531398
2025-08-27,0.002278644276482167,-0.0011526898065106206,0.0020187288833615202,0.0009082345555133653
2025-08-28,0.003541324132844581,0.006577960408008288,0.007419038046796889,0.006352051803974579
2025-08-29,-0.005963734491660877,-0.007108258796158062,0.00964990177666114,0.0013525243165044554
2025-09-02,-0.0074102526816088865,-0.0074417847557355365,0.023642559312442524,0.016208990961707137
2025-09-03,0.005419546163007771,0.010977734244403292,0.007831992196408066,-0.008861283607721648
2025-09-04,0.008357417548391144,0.007623820843297713,-0.004418882618094533,-0.007152547400961717
2025-09-05,-0.002896289175246314,0.015247070987985722,0.01334594055214322,-0.00810436232850087
2025-09-08,0.002456577970201934,0.013324095442785788,0.011388067271604019,0.006808846219968023
2025-09-09,0.0023119799519342177,-0.005682886133690279,-0.002269905468609168,0.002705137521305412
2025-09-10,0.00289071040325517,0.0057153659073541085,0.0035922056391106683,0.00674455441191113
2025-09-11,0.008310385862863257,0.0066862557128049005,-0.0014913797811720864,-0.007592684071539124
2025-09-12,-0.0003345365701959979,-0.004317231220538842,0.0019715725978484144,0.0058506544997707355
2025-09-15,0.005323774557475458,0.0023348722331160143,0.01040483601055886,0.008948508958212198
2025-09-16,-0.0013768849532600491,0.0021072158802890595,0.0020064107533963593,0.010199650368145186
2025-09-17,-0.0012422701734727815,-0.002545578663237791,-0.007715171664187115,-0.010535548084427693
2025-09-18,0.0046724054804268,-0.010319680063179959,-0.0040063094596702875,-0.0044365823778409474
2025-09-19,0.004952868450893266,-0.0019062150770269293,0.010607227252210416,-0.008021383326866971
2025-09-22,0.004731049353107419,-0.003594558470910836,0.01730643093326134,0.0
2025-09-23,-0.005443562937222368,0.006989716428167814,0.004086375052867464,0.010332351902055725
2025-09-24,-0.003181571733739008,-0.0038063460480417532,-0.009063049726670935,0.006669669419053337
2025-09-25,-0.004613467564511753,0.0,0.004165188877066628,0.007067073805264057
2025-09-26,0.005728940562627516,-0.000899043414578693,0.00577227044053652,0.000438668209197024
2025-09-29,0.0028105400319002882,0.008211130903396757,0.016496514338703028,-0.008329658479767077
2025-09-30,0.003766742028707082,-0.002900479769371689,0.008540004081594166,-0.003978819952601076
2025-10-01,0.0034075725394382417,0.002582509785967524,0.0015753722020723782,-0.001775438256900963
2025-10-02,0.001151824796685963,0.0029119319573223112,-0.003482825151325697,-0.006669581755982423
2025-10-03,-1.4713447336833774e-05,-0.0018984479093987483,0.008032937892485048,0.003133375635301805
2025-10-06,0.0035861796762737264,-0.007943704537425877,0.01884573861512795,0.010263281408425584
2025-10-07,-0.00370742225752696,0.005751867745152683,0.005159462258136571,0.003975218130178426
2025-10-08,0.005962962748359724,0.0007847839993937455,0.01649095687844504,0.0013198839383385952
2025-10-09,-0.002896974724933221,-0.0007841685964263823,-0.018452848086064955,-0.009226749118025013
2025-10-10,-0.027027862178845674,0.01614691741356511,0.010097700011942212,-0.021286013982651286
2025-10-13,0.015344118135168339,-0.000551727720264239,0.02430104394061705,0.012686924689490953
2025-10-14,-0.0012216462876413203,0.003202015549963022,0.007141189222626965,-0.011185658250812303
2025-10-15,0.004439529909605389,-0.0022011687818557224,0.017332403569977117,0.0036198766438961805
2025-10-16,-0.006810227081276099,0.0075004661480071455,0.02338727694573084,-0.001803454643635738
2025-10-17,0.0056762988463516795,-0.0015327124021478067,-0.01881705572696646,-0.0009032229109263712
2025-10-20,0.010400500262923273,0.0038377066315742336,0.03640197438905224,0.009945681872408851
2025-10-21,-1.494287878323064e-05,0.004915367865714115,-0.06426889260666147,-0.010295440124328925
2025-10-22,-0.0051990077413519575,0.0006520902669240325,0.00010605594835544352,0.015829853485242795
2025-10-23,0.0059300554070227385,-0.006843306403879312,0.004002358382396931,0.01691901270135121
2025-10-24,0.008172554694480416,0.00043761099530681413,-0.0033528327110016187,0.0004378999516436721
2025-10-27,0.011797664492784632,0.0033889585806603506,-0.027839530498784404,-0.0021882825502284042
2025-10-28,0.002656016019079832,0.002614873408263163,-0.007166030388359279,-0.009210475912203808
2025-10-29,0.0004802810674313651,-0.010106456425551968,-0.0037872684129753864,0.005312080589043422
2025-10-30,-0.010998009070644743,-0.005818417470056847,0.01964188672951095,0.00044031982220515964
2025-10-31,0.0032802217906446884,-0.002981373876365545,-0.005430550723012573,0.007042276742775799
2025-11-03,0.0018766494782573861,-0.00250100744807058,0.0017929035935666526,0.00743007810254892
2025-11-04,-0.01185363741888057,0.002228829037530078,-0.017517195825319742,-0.006941454343098341
2025-11-05,0.003465476656154154,-0.010896322938055536,0.011564369498527016,-0.003058087118058883
2025-11-06,-0.010729273044794985,0.008992684020728614,-0.0012005195756799036,0.0013146783837223452
2025-11-07,0.000984473178775147,-0.0021165012158032015,0.006119021470095687,0.00218810998634944
2025-11-10,0.015604278627143309,-0.00022342972949263018,0.02734111859838051,0.010917093540047329
2025-11-11,0.002289357854538432,0.004578413492580147,0.003937814406542062,0.006479433449417371
2025-11-12,0.000556300212536609,0.0017787203851906686,0.016110762091908537,-0.011158760950733648
2025-11-13,-0.01659390636118807,-0.008211348599985513,-0.008083098515826892,-0.00520832887654088
2025-11-14,-0.0001638243733123046,-0.005705935823734021,-0.018047911171504505,0.002181427314084994
2025-11-17,-0.009316347515515466,0.0024755703578063226,-0.011463979297139493,-0.0013060074281747713
2025-11-18,-0.008397553343794883,-0.00033686136625210583,0.007264932736103624,0.008282454819535934
2025-11-19,0.0038631766432766224,-0.00202104865372843,0.0016294519610446923,-0.009943802090210063
2025-11-20,-0.015242227316648038,0.003937968395882674,-0.0002933255655774847,-0.00960692178426148
2025-11-21,0.009961138168965045,0.003025841247173311,-0.0015473311468576778,-0.0066137943288427925
2025-11-24,0.014718606876234608,0.0056983736535487495,0.01584423909859023,0.004882389575904922
2025-11-25,0.009405928065710611,0.002555121178793751,-0.00031569077041548876,-0.005300348895078466
2025-11-26,0.006903490619724062,0.004432695875219661,0.007998338908444147,0.010657184586705837
2025-11-28,0.0054584342293309,-0.004743972421781595,0.012424331348639184,0.013181008294944174
2025-12-01,-0.004565470301164498,-0.012448766501009234,0.004821066034977672,0.0026019914117354492
2025-12-02,0.0018521864059071191,0.0004505272440475938,-0.006440050713598433,-0.004325284006119312
2025-12-03,0.003462839691083186,0.0028150161573643473,-0.0009296182229129313,0.004778377919137267
2025-12-04,0.000731139787988333,-0.005389520763363409,0.0006461951944911615,0.0025941168593643926
2025-12-05,0.001899394752821859,-0.004628745008259827,-0.0017823532991587676,0.006037051222266943
2025-12-08,-0.0030042091058060105,-0.003289132325370425,-0.002639449868615862,-0.012430350597357087
2025-12-09,-0.000863028073573191,0.0010242669152265016,0.005137202012788666,-0.0021701512936278533
2025-12-10,0.00663205445836712,0.003864935109688661,0.004259147967166088,0.006089570455026561
2025-12-11,0.0023270357445543954,-0.0013588008368067284,0.010769830543307712,-0.0008646487948147374
2025-12-12,-0.010751986278262682,-0.009638502232629187,0.005594579039939429,-0.00822152799739495
2025-12-15,-0.0015108084138407696,0.000687126749938427,0.0009103412637567754,-0.004799312127841238
2025-12-16,-0.002732375302379353,0.005491884564291505,0.00022745542760316262,-0.010083302635125024
2025-12-17,-0.011003593983400228,-0.0009101800021991124,0.008588228474273762,0.011957518063886008
2025-12-18,0.00755126270975226,0.004783697359368233,-0.0018032036998043566,-0.007002210802136477
2025-12-19,0.009063506223587092,-0.0037324601888064635,0.0011289903434381632,0.007051587504331547
2025-12-22,0.006229803850433591,-0.002170260638763688,0.02308160549906857,0.01284712194942661
2025-12-23,0.004570492347330646,0.0016024753842875938,0.013252341857567629,0.011165699277132735
2025-12-24,0.003517674396244841,0.006057231753957559,-0.004134082564786756,-0.00044170623460393355
2025-12-26,-0.00010140966545213459,-0.0032944553830832612,0.011676735474757116,0.003093309976529346
2025-12-29,-0.0035636535074947684,0.0037612759406684404,-0.0435283019531133,-0.009251144703225855
2025-12-30,-0.0012212136133650242,-0.0023846026778340246,0.0007275678386380324,0.0066696140532158665
2025-12-31,-0.0074088529688375315,-0.007967048802414167,-0.006467991163222386,-0.012367437581508822
2026-01-02,0.0018329931020035772,-0.0014916591864164719,0.004970859258759619,0.0013416269444548323
2026-01-05,0.0066602071082446646,0.0049409520002443585,0.026313174195160993,0.018758378193084013
2026-01-06,0.005947158299371091,-0.0020581237895372917,0.010813149047262716,-0.00043841425322110883
2026-01-07,-0.003223412281198157,0.005843196932305839,-0.009559953917111952,-0.009210486469285128
2026-01-08,-0.00010152731427326422,-0.005012028671745661,0.005522515913727544,0.0128374947419152
2026-01-09,0.006613382996888628,0.006640114730292801,0.007242001159325273,0.0008741459133427831
2026-01-12,0.00157043300066384,-0.0029571042361132838,0.018722729613168898,0.012663795648829579
2026-01-13,-0.0019995067653818532,0.00171108497103023,-0.0014210408732292512,0.00776197934585765
2026-01-14,-0.004915252903138989,0.005807446892149626,0.010222226854541994,0.0008557359733365466
2026-01-15,0.0027232975079871657,-0.00022648739856701017,-0.006127660830587689,-0.008123071041766239
2026-01-16,-0.000837905189162047,-0.005775134153390371,-0.004818883830700504,-0.001724177336719812
2026-01-20,-0.02035680001149731,-0.01309796717693612,0.03783617488689295,0.013816912648208612
2026-01-21,0.0115411092816613,0.007616726213510505,0.014568979615140476,0.011499167931327658
2026-01-22,0.005223257672714476,0.004352453632237019,0.01846258414950319,-0.00042106226870886054
2026-01-23,0.00036273518897367296,0.00273696763535769,0.013745304981574558,0.01853414230411743
2026-01-26,0.00507823176187272,0.00477653047471871,0.014628847613605389,0.004549239411217654
2026-01-27,0.003984165378470905,-0.0062253025289996655,0.024531942321975864,0.01358583414029857
2026-01-28,-0.0001006645803248718,-0.0022780981485470697,0.038773348494905324,0.012997550118450052
2026-01-29,-0.001984377154833794,0.00022864416791290587,0.0027094717415592218,0.014434590829752514
2026-01-30,-0.0029824841055743345,-0.005592558763690247,-0.10274245274560045,-0.034387310597636445
2026-02-02,0.00497122273706152,-0.002856997418909768,-0.04004945911975222,-0.036430592653733274
2026-02-03,-0.008455385901172563,0.002426196074839293,0.06358720612372104,0.025913282892039424
2026-02-04,-0.004843853725993386,-0.0025357193034668546,-0.0007044119795716064,0.0016563526359913983
2026-02-05,-0.012489284060324235,0.010862070479441321,-0.026631707613677613,-0.01777595269460097
2026-02-06,0.01918478647681998,0.0006857783732294731,0.03073229479090611,0.010521885420527344
2026-02-09,0.004821726716577324,-0.00022846596425385446,0.02540290594406658,0.009995825440662243
2026-02-10,-0.002637057770699447,0.011540212485201762,-0.009913720520981939,-0.0045361076433634295
2026-02-11,-0.00023112214366449724,-0.005308955344726862,0.011310577541873812,0.00952781505386402
2026-02-12,-0.01544885969788623,0.013286558942875448,-0.03472828959819363,-0.023389478151153886
2026-02-13,0.0007044991031190939,0.005491445236290415,0.024878663914389865,0.0033613414399393804
2026-02-17,0.0016134830190519533,0.0016717293247918708,-0.0311702543391007,-0.012144012494571643
2026-02-18,0.005037707550576753,-0.0037832254775710394,0.022489929267582198,0.026282277569919854
2026-02-19,-0.002637344323549562,0.0010052013570218676,0.0027930496262249527,0.009087204833651885
2026-02-20,0.00723184928909637,-0.0023431728059787327,0.019714504323102178,0.006958660424491558
2026-02-23,-0.010211366038766267,0.003690889474135206,0.027015500392687075,0.006097545374156299
2026-02-24,0.00726847527019836,0.0017830076620006796,-0.01385890426498504,-0.0012121489553740261
2026-02-25,0.008438306300538434,0.0001111034815213241,-0.0025072627221415233,0.0012136200436421163
2026-02-26,-0.005554445579207146,0.004004073167499289,0.008575889154321725,0.00040404965179141605
2026-02-27,-0.004801940858611298,0.006092761462318297,0.01313141674919538,0.013731831560780394
2026-03-02,0.0005685229860479257,-0.010042071986009038,0.012919896640826822,0.028286815684545497
2026-03-03,-0.008814250912485666,-0.002008572943428044,-0.04461221500318879,0.003874482120841627
2026-03-04,0.007055355958297538,-0.003131026136149462,0.007818116439543887,0.008876863897754994
2026-03-05,-0.005575670491907769,-0.004038048707944442,-0.012017768242597593,0.01453714908140813
2026-03-06,-0.013107129910862048,-0.003716742798074324,0.01583250339069653,0.037330307467183355
2026-03-09,0.00875996152231262,0.00870460608257062,-0.0020696732193965506,-0.013449685065612837
2026-03-10,-0.0016070155764896787,-0.010646791279559253,0.01127967872100144,0.016949189468174364
2026-03-11,-0.0012551345486657706,-0.01291340839068622,-0.003390104145245987,0.019202854056940888
2026-03-12,-0.015184966271003186,-0.0019509052494252055,-0.019653925633074443,0.025950994360607993
2026-03-13,-0.00566013575260893,-0.004944209313000769,-0.012936961278600778,-0.005197557959340515
2026-03-16,0.01017686501045656,0.007742058886022196,-0.0008896876689686861,-0.013932414882820598
2026-03-17,0.002630544991105488,0.0027519769370401015,-0.002519392047785618,0.015895470555582936
2026-03-18,-0.013953644515257158,-0.005603222024536558,-0.03163716142328721,0.01773297026505838
2026-03-19,-0.002464381043311259,0.006094866255212494,-0.041215062676522196,-0.014690819899243479
2026-03-20,-0.014335696266852715,-0.018973632714628375,-0.0305574415876555,0.0034674195887878234
2026-03-23,0.010499991225476402,0.006524431435385836,-0.02259421410703788,-0.041119575400739294
2026-03-24,-0.0033568144771775055,-0.004398610571216488,0.00022274115430986896,0.017657649409663634
2026-03-25,0.0055726882440485515,0.009650014275034646,0.030089336389747867,-0.002478742754658536
2026-03-26,-0.017858729983344035,-0.008406193937315565,-0.0375939695290467,0.009584680760824194
2026-03-27,-0.01705189415742525,-0.005458200598211338,0.035093842463368,0.0232067452538105
2026-03-30,-0.0033433906874337227,0.013311577396302177,-0.0002894276132928697,0.005498276471294972
2026-03-31,0.029067865784757174,-0.0010370374235909585,0.037893826237359374,-0.010594650154390317
2026-04-01,0.00753449141030349,-0.0009844339644308198,0.017499822514495555,-0.009326440436896788
2026-04-02,0.0009004595313388819,0.006144124850780752,-0.019208815315471695,0.022663863724330824
2026-04-06,0.004726845083763864,-0.0016129860384996864,-0.004098669687746526,0.005114204531894151
2026-04-07,0.0004400005646272298,-0.0001154186582966732,0.009727589667910319,-0.0037312993456913857
2026-04-08,0.02546963651219092,0.0032316466740149874,0.00629906958171822,-0.02757920838085204
2026-04-09,0.005769017699185586,-0.0025310548322443616,0.007778530578574028,0.00525208758176432
2026-04-10,-0.0006617754265585418,-0.002422035518044874,-0.0017811851128632927,-0.007314492900357905
2026-04-13,0.009772447246481741,0.0030059869772633974,-0.004049183335572026,0.016140318753426586
2026-04-14,0.012184877209840739,0.005302601017687092,0.022349346089928224,-0.004143609657401681
2026-04-15,0.007890969227043909,-0.004357300612008896,-0.010402401583740839,0.0017336767266300512
2026-04-16,0.002457347646937613,-0.006334151053407955,-0.0008627455164704756,0.007615134141607305
2026-04-17,0.012085686101644066,0.009156275001198866,0.013293051904224695,-0.02816900301034775
2026-04-20,-0.0019997351150194964,-0.0002297238347945818,-0.008611208936292747,0.01343227813605452
2026-04-21,-0.006546892848539487,-0.005514102852732128,-0.028320000717914517,0.018834984539299438
2026-04-22,0.01012671209511895,0.0019637509187677704,0.013245809401008168,0.010270494824104803
2026-04-23,-0.0038807408683984024,-0.002190410322462144,-0.00969535708776803,0.012876962311735074
2026-04-24,0.007749309237231605,0.0018484728489152058,0.005127114447075254,-0.0010036393412328204
2026-04-27,0.001722787837563633,-0.00495894126500851,-0.007755303754327758,0.007702596702445996
2026-04-28,-0.004865992267119479,0.0010430423522787002,-0.0185629131043068,0.008308408066874051
2026-04-29,-0.00015450932498595193,-0.0077573104364832,-0.010665781709228828,0.024390236235876994
2026-04-30,0.009949633527564838,-0.0009334941456295986,0.014973287523456946,0.000643515373641268
2026-05-01,0.0027690952923506984,0.0035756067432060057,-0.0011330099187530918,-0.009324788166245046
2026-05-04,-0.0036633921467564834,-0.007592746687789642,-0.02001512681908002,0.016877652280990363
2026-05-05,0.008022228723942426,0.005532110408009938,0.008584306218673232,-0.004149350816571085
2026-05-06,0.013899399692774095,0.007608473050410902,0.030339261182306565,-0.03173082225186219
2026-05-07,-0.0030660824190705815,-0.004995219009681917,0.001670691560653026,0.0013240952247464133
2026-05-08,0.00825609701116825,0.005020296490143794,0.004841540894531038,0.001652867340844466
2026-05-11,0.002277563042387465,-0.006040889056271315,0.0020287362083613036,0.025082516436246705
2026-05-12,-0.0015149526145865622,-0.006662071697279726,-0.003957209812161522,0.020283357338947816
2026-05-13,0.00559483781461112,-0.0022354018549641808,-0.005612899814961714,-0.010097812856781463
2026-05-14,0.0078943149045545,0.0014150583516265858,-0.007642296271595517,-0.007013108537376134
2026-05-15,-0.012029343756796207,-0.014837436650951163,-0.02322039069444226,0.0012841385559294594
2026-05-18,-0.0007035093177317764,-0.0011954846098027883,0.00273187497307803,0.0060916519222729
2026-05-19,-0.0066607880874933745,-0.006462397909125506,-0.016561892782745447,0.007329555632127782
2026-05-20,0.010248994582563453,0.010720418147265764,0.014337773746013083,-0.023094003020863618
2026-05-21,0.0019830877010671433,0.0036944252582746806,-0.0009822799906678004,-0.005828963818620747
2026-05-22,0.003931549076803931,0.005461946099242665,-0.0076020599640161945,-0.005211721284556381
2026-05-26,0.006638641352187502,0.004959768277576382,0.00043495402009452455,-0.016699417602916267
2026-05-27,-0.0001732421647460125,0.002350237996536997,-0.013309202332427494,-0.01798204805794379
2026-05-28,0.005516578600909927,0.0051580731179232675,0.010477609933210896,0.0077992385222593885
2026-05-29,0.0024914048034492264,0.0002334231390379582,0.010538571648365469,-0.00807536260642916
2026-06-01,0.0027231134609038143,0.0005385639234991579,-0.014048680044494555,0.017299872347391165
2026-06-02,0.0013579397972762752,0.0021058695888718226,0.001677776649860796,0.004334813908215995
2026-06-03,-0.00701718232049986,-0.003969594883797445,-0.009904155768766576,0.005644092681183155
2026-06-04,0.0037786857621391334,0.0022271571864720396,0.008335974543818736,-0.013535877925661133
2026-06-05,-0.025809371248925683,-0.005146246614174843,-0.036545333189379026,-0.021753669236502016
2026-06-08,0.002264172608771542,-0.005172685996755355,0.002599431669397134,0.00821073468616973
2026-06-09,-0.0029354505508077944,0.005908711034716685,-0.01633647245916592,-0.013573112583990188
2026-06-10,-0.015765562508027298,-0.0028195832145171407,-0.04145558180468856,0.003439985638786558
2026-06-11,0.016996847886747934,0.012959547140083405,0.03134182597256352,-0.010970164346495115
2026-06-12,0.005408247901529384,-0.00244246934458614,0.0005694792310315666,-0.010398653048263706
2026-06-15,0.01763396989375332,-0.0005830027566429141,0.025896360083728753,-0.011558666638340376
2026-06-16,-0.005961562844234103,0.00548300859771178,0.002723533282284807,-0.011339465010999694
2026-06-17,-0.012487870885051433,0.0016244351727598971,-0.02270955075927472,-0.006810055077256183
2026-06-18,0.010396992441959574,0.004864954989466375,-0.003808571701190089,-0.002887041730394113
2026-06-22,-0.003146979693962715,-0.007608095028768802,-0.0065354381359996605,-0.007962335144290567
2026-06-23,-0.014521954010491611,0.0012776772165283834,-0.018903219228002643,-0.010580044136924371
2026-06-24,-0.0004635170636431152,0.013689031539361851,-0.030213064971899906,-0.024705016797959778
2026-06-25,0.0014456352254532678,-0.00034323285425585937,0.009674185334065832,0.018147430184912494
2026-06-26,-0.007231373616869652,0.00011450913837696142,0.011286779419095394,-0.013368013600890016
2026-06-29,0.016474862380159383,0.0010302875564198732,-0.013516094115971211,-0.0003763729392809445
2026-06-30,0.007786800986842035,-0.011778305423644109,-0.0005425733809176769,0.0037650746792354806
2026-07-01,-0.001352504438058455,-0.006759352683941788,0.006026389031102086,-0.00787693494653341
2026-07-02,-0.001314069480687241,-0.00011688874178894526,0.020318398961908235,0.0045368214904895066
2026-07-06,0.008727409093039817,-0.0007017741378964049,0.01057837238078907,0.016183677460092083
2026-07-07,-0.004751899671231685,-0.010532384774988857,-0.012142502784779907,0.012962977091471428
2026-07-08,-0.0030894297130047432,-0.0022471836538101586,-0.008053135463158334,0.016453340011494344
2026-07-09,0.00846525000257925,0.0015409040991603007,0.009961224054354512,-0.007913644582450474
2026-07-10,0.0043101596888019955,-0.00023662743292818256,-0.003093719744077794,-0.002175470127206647
2026-07-13,-0.007656174850540931,-0.005919270738271143,-0.02620621369961662,0.029433119639133976
2026-07-14,0.00355064169730146,0.001310059703594657,0.013673600487310367,0.010589454213500105
2026-07-15,0.003963635929681075,0.0019028903136051323,0.0005374505181017231,0.005588604940652608
2026-07-16,-0.005418617756386079,-0.00035617704281043494,-0.01984695723728025,-0.011462376539095764
2026-07-17,-0.009897156017872222,0.0036811987299434357,0.009453124418586922,0.018271274578057772
2026-07-20,-0.0016143782471810253,-0.007453757119730509,-0.0021986307389650905,0.0055210438212367485
2026-07-21,0.008341309298597777,-0.002741594665815583,0.019613686984128575,0.014756359443457434
2026-07-22,-0.0011627413779321527,-0.0026298279959032778,0.011499153135369422,0.00980726812716548
2026-07-23,-0.012349287272575782,-0.003235867191303532,-0.020046439653404247,0.015070289564388606
2026-07-24,0.0010160123647910968,0.0009619017029653953,0.0010228383237773642,-0.0069283763831345935
2026-07-27,0.0002165755636849287,0.006006015991534719,0.007340712640850455,-0.03621262919514512
2026-07-28,0.002394780651586048,0.005850800009034485,-0.01404054586409964,-0.014133052195012374
2026-07-29,-0.015387473482586067,-0.016500526780552027,0.004629481218515252,0.028671317618425896
2026-07-30,0.01676579949601198,-0.000603464173932089,0.016384653740035837,-0.003399061224010791
2026-07-31,0.007199809675054292,-0.006642578531842247,-0.014900824749758845,0.004433870036437471
2026-08-03,0.01424300656734756,0.0032959594930270786,0.00045750903333918735,-0.019354892611417318
2026-08-04,0.018029002715958642,0.007665152303669043,0.00659119276681408,-0.019736832111773794
2026-08-05,-0.0019966020100066206,0.0021733974049249483,0.04137270374924307,0.006004948057256598
2026-08-06,-0.001597813044932006,-0.0057831880715829564,7.699101265035146e-05,0.013342734347719487
2026-08-07,0.006115348472417681,0.0029084603452897984,0.022583179330530445,0.0017324752599836568
2026-08-10,-0.00029741673673222557,-0.00845826958468221,0.01021408716277361,0.035281925394232694
2026-08-11,-0.0031952597501651026,0.001584270596217685,-0.003925118140567174,0.0013364185690232233
2026-08-12,0.0025046624297864195,-0.0009733792969137678,0.009876351898066904,0.004671381388209994
2026-08-13,0.006977455651952402,0.005845779578274479,-0.014719010607066263,-0.010959811259273256
2026-08-14,-0.0019797115463531245,-0.006659363813487751,0.006316471789712619,0.007387485167290375
2026-08-17,-0.004727366641364417,-0.008410489858243442,0.009987992274373525,0.018666648864746005
2026-08-18,-0.006755757074274671,0.0038107683059835917,-0.017115101749848094,-0.002617798596338705
2026-08-19,0.00209783741736147,0.016654282121715935,0.0383640923679176,0.009186374371741968
2026-08-20,-0.008399893367440514,-0.008190822577626156,0.003431310265562093,0.011378425840878226
2026-08-21,0.0040912604472485015,-0.0035219095046445936,0.019505792504578512,0.004821588414895883
2026-08-24,-0.0029384110198065194,0.00621567092815023,0.007865686897826407,-0.010236714410787662
2026-08-25,0.003195937672779925,0.01102236030514292,0.0032342095547504,-0.016483523596596106
2026-08-26,0.0002220155779071309,-0.00203664305951734,-0.015768448815633995,0.0023003514335264708
2026-08-27,0.006552786111251541,-0.0020408913798588557,0.0030380678748822554,0.011803298700051146
2026-08-28,-0.002269485222937795,-0.003007345761939284,-0.03244200486764748,-0.0022682985560518176
2026-08-31,-0.002989520850009919,-0.004343648119223276,-0.0011494563424524484,0.016563764415999493
2026-09-01,-0.0068704238054380085,-0.004075074249824118,-0.028573559189207676,0.020127830142861125
2026-09-02,0.004436902672253051,0.000977088053945252,0.015198484635909004,0.0
2026-09-03,0.01046841189654324,0.0014643410744459295,0.01847162834290339,0.0009395170375872119
2026-09-04,-0.0038542371465761782,0.0017058534198735043,-0.008410151130527455,-0.001877330026944013
2026-09-08,-0.0054921259109329545,-0.00012166568959803836,-0.017331632085403892,0.015674041170150588
2026-09-09,-0.004647758964528403,-0.005717683804836726,0.009081369137713402,0.01388879404473986
2026-09-10,-0.005994238166152965,-0.011623694342551727,-0.017329913589140267,0.02343989325814655
2026-09-11,0.008524287494320992,0.0011141862917212197,0.006080340476276369,-0.013682305148332352
